data_ora_proiezione;titolo_film;genere;regista;anno;durata_minuti;eta_minima;prezzo_biglietto
30/12/2027 10:30;A Beautiful Mind;Biography;Ron Howard;2001;135;12;8.50
29/12/2027 16:00;Good Will Hunting;Drama;Gus Van Sant;1997;126;0;8.50
29/12/2027 12:30;The Best Years of Our Lives;Drama;William Wyler;1946;170;12;8.50
29/12/2027 10:00;To Have and Have Not;Adventure;Howard Hawks;1944;100;6;8.00
28/12/2027 15:30;Blue Velvet;Drama;David Lynch;1986;120;12;7.50
28/12/2027 13:00;The Philadelphia Story;Comedy;George Cukor;1940;112;12;8.50
28/12/2027 10:00;Good Will Hunting;Drama;Gus Van Sant;1997;126;0;6.50
27/12/2027 14:00;The Blues Brothers;Action;John Landis;1980;133;0;8.50
27/12/2027 10:30;The Bridge on the River Kwai;Adventure;David Lean;1957;161;6;7.50
26/12/2027 19:30;Good Will Hunting;Drama;Gus Van Sant;1997;126;0;10.00
26/12/2027 16:00;The Bridge on the River Kwai;Adventure;David Lean;1957;161;6;8.50
26/12/2027 13:00;Good Will Hunting;Drama;Gus Van Sant;1997;126;0;8.50
26/12/2027 10:00;Blue Velvet;Drama;David Lynch;1986;120;12;7.50
25/12/2027 22:00;The Best Years of Our Lives;Drama;William Wyler;1946;170;12;10.00
25/12/2027 18:00;Gandhi;Biography;Richard Attenborough;1982;191;0;9.00
25/12/2027 14:30;The Lord of the Rings: The Fellowship of the Ring;Action;Peter Jackson;2001;178;0;7.00
25/12/2027 10:30;The Lord of the Rings: The Fellowship of the Ring;Action;Peter Jackson;2001;178;0;8.00
24/12/2027 13:30;Misery;Drama;Rob Reiner;1990;107;16;8.00
24/12/2027 10:30;The Treasure of the Sierra Madre;Adventure;John Huston;1948;126;12;8.50
23/12/2027 10:00;The Hurricane;Biography;Norman Jewison;1999;146;16;8.50
22/12/2027 17:00;C.R.A.Z.Y.;Comedy;Jean-Marc Vallée;2005;129;12;8.00
22/12/2027 14:30;Misery;Drama;Rob Reiner;1990;107;16;7.50
22/12/2027 10:30;Veer-Zaara;Drama;Yash Chopra;2004;192;0;7.50
21/12/2027 16:00;Primal Fear;Crime;Gregory Hoblit;1996;129;12;7.00
21/12/2027 13:00;The Blues Brothers;Action;John Landis;1980;133;0;8.00
21/12/2027 10:00;Blue Velvet;Drama;David Lynch;1986;120;12;7.50
20/12/2027 13:30;Donnie Darko;Drama;Richard Kelly;2001;113;16;7.00
20/12/2027 10:30;Star Trek II: The Wrath of Khan;Action;Nicholas Meyer;1982;113;0;8.00
19/12/2027 16:00;The Silence of the Lambs;Crime;Jonathan Demme;1991;118;12;7.50
19/12/2027 13:00;Philadelphia;Drama;Jonathan Demme;1993;125;12;8.50
19/12/2027 10:00;Primal Fear;Crime;Gregory Hoblit;1996;129;12;8.00
18/12/2027 16:30;The Maltese Falcon;Film-Noir;John Huston;1941;100;12;8.00
18/12/2027 13:30;The Blues Brothers;Action;John Landis;1980;133;0;8.00
18/12/2027 10:30;C.R.A.Z.Y.;Comedy;Jean-Marc Vallée;2005;129;12;6.50
17/12/2027 10:00;Primal Fear;Crime;Gregory Hoblit;1996;129;12;7.50
16/12/2027 15:00;Cape Fear;Drama;J. Lee Thompson;1962;106;12;8.00
16/12/2027 10:30;Shichinin no samurai;Action;Akira Kurosawa;1954;207;0;6.50
15/12/2027 16:00;American Psycho;Comedy;Mary Harron;2000;101;12;8.00
15/12/2027 13:30;The Others;Horror;Alejandro Amenábar;2001;101;12;8.00
15/12/2027 10:30;Blue Velvet;Drama;David Lynch;1986;120;12;7.50
14/12/2027 10:30;Fight Club;Drama;David Fincher;1999;139;12;6.50
13/12/2027 15:30;American Psycho;Comedy;Mary Harron;2000;101;12;6.50
13/12/2027 12:30;The Treasure of the Sierra Madre;Adventure;John Huston;1948;126;12;8.00
13/12/2027 10:00;Kurenai no buta;Animation;Hayao Miyazaki;1992;94;0;7.00
12/12/2027 18:00;Shichinin no samurai;Action;Akira Kurosawa;1954;207;0;8.50
12/12/2027 15:30;To Have and Have Not;Adventure;Howard Hawks;1944;100;6;8.00
12/12/2027 13:00;Withnail & I;Comedy;Bruce Robinson;1987;107;16;6.50
12/12/2027 10:30;The Maltese Falcon;Film-Noir;John Huston;1941;100;12;8.00
11/12/2027 19:00;Fight Club;Drama;David Fincher;1999;139;12;10.00
11/12/2027 16:30;Reservoir Dogs;Crime;Quentin Tarantino;1992;99;16;8.50
11/12/2027 12:30;Shichinin no samurai;Action;Akira Kurosawa;1954;207;0;8.50
11/12/2027 10:00;Eastern Promises;Action;David Cronenberg;2007;100;16;6.50
10/12/2027 13:00;To Have and Have Not;Adventure;Howard Hawks;1944;100;6;6.50
10/12/2027 10:30;Cape Fear;Drama;J. Lee Thompson;1962;106;12;7.00
09/12/2027 10:00;Star Trek II: The Wrath of Khan;Action;Nicholas Meyer;1982;113;0;8.00
08/12/2027 10:00;Blue Velvet;Drama;David Lynch;1986;120;12;6.50
07/12/2027 15:00;Lat sau san taam;Action;John Woo;1992;128;16;7.00
07/12/2027 12:30;Eastern Promises;Action;David Cronenberg;2007;100;16;6.50
07/12/2027 10:00;Withnail & I;Comedy;Bruce Robinson;1987;107;16;6.50
06/12/2027 15:00;American Psycho;Comedy;Mary Harron;2000;101;12;8.00
06/12/2027 12:30;The Maltese Falcon;Film-Noir;John Huston;1941;100;12;8.50
06/12/2027 10:00;Eastern Promises;Action;David Cronenberg;2007;100;16;7.00
05/12/2027 20:00;American Psycho;Comedy;Mary Harron;2000;101;12;8.50
05/12/2027 17:30;Jûbê ninpûchô;Animation;Yoshiaki Kawajiri;1993;94;12;8.50
05/12/2027 13:00;Giant;Drama;George Stevens;1956;201;0;8.50
05/12/2027 10:00;Mississippi Burning;Crime;Alan Parker;1988;128;12;8.00
04/12/2027 15:30;The Best Years of Our Lives;Drama;William Wyler;1946;170;12;6.50
04/12/2027 12:30;Lat sau san taam;Action;John Woo;1992;128;16;8.00
04/12/2027 10:00;Cape Fear;Drama;J. Lee Thompson;1962;106;12;8.00
03/12/2027 16:00;The Best Years of Our Lives;Drama;William Wyler;1946;170;12;8.50
03/12/2027 13:30;Jûbê ninpûchô;Animation;Yoshiaki Kawajiri;1993;94;12;7.50
03/12/2027 10:30;Cool Hand Luke;Crime;Stuart Rosenberg;1967;127;12;8.50
02/12/2027 10:30;Giant;Drama;George Stevens;1956;201;0;7.50
01/12/2027 14:00;Blue Velvet;Drama;David Lynch;1986;120;12;8.00
01/12/2027 10:00;The Best Years of Our Lives;Drama;William Wyler;1946;170;12;8.00
30/11/2027 13:30;Kurenai no buta;Animation;Hayao Miyazaki;1992;94;0;6.50
30/11/2027 10:30;Cool Hand Luke;Crime;Stuart Rosenberg;1967;127;12;7.50
29/11/2027 13:30;The Others;Horror;Alejandro Amenábar;2001;101;12;7.00
29/11/2027 10:00;The Best Years of Our Lives;Drama;William Wyler;1946;170;12;7.50
28/11/2027 16:00;Mississippi Burning;Crime;Alan Parker;1988;128;12;8.00
28/11/2027 13:00;The Blues Brothers;Action;John Landis;1980;133;0;8.00
28/11/2027 10:30;Festen;Drama;Thomas Vinterberg;1998;105;16;8.00
27/11/2027 20:00;Cool Hand Luke;Crime;Stuart Rosenberg;1967;127;12;10.00
27/11/2027 17:00;The Blues Brothers;Action;John Landis;1980;133;0;7.50
27/11/2027 13:30;The Best Years of Our Lives;Drama;William Wyler;1946;170;12;6.50
27/11/2027 10:30;The Blues Brothers;Action;John Landis;1980;133;0;8.00
26/11/2027 13:30;It Happened One Night;Comedy;Frank Capra;1934;105;12;8.00
26/11/2027 10:30;Sin City;Crime;Frank Miller;2005;124;12;6.50
25/11/2027 16:00;The Silence of the Lambs;Crime;Jonathan Demme;1991;118;12;6.50
25/11/2027 12:30;Tengoku to jigoku;Crime;Akira Kurosawa;1963;143;12;8.00
25/11/2027 10:00;It Happened One Night;Comedy;Frank Capra;1934;105;12;7.00
24/11/2027 16:00;The Ladykillers;Comedy;Alexander Mackendrick;1955;91;12;6.50
24/11/2027 13:30;Cape Fear;Drama;J. Lee Thompson;1962;106;12;7.50
24/11/2027 10:30;Aliens;Action;James Cameron;1986;137;0;8.00
23/11/2027 12:30;The Others;Horror;Alejandro Amenábar;2001;101;12;6.50
23/11/2027 10:00;"Monsters; Inc.";Animation;Pete Docter;2001;92;0;6.50
22/11/2027 10:30;Jûbê ninpûchô;Animation;Yoshiaki Kawajiri;1993;94;12;7.50
21/11/2027 16:00;The Hurricane;Biography;Norman Jewison;1999;146;16;8.00
21/11/2027 13:00;Platoon;Drama;Oliver Stone;1986;120;12;8.50
21/11/2027 10:00;Cool Hand Luke;Crime;Stuart Rosenberg;1967;127;12;7.00
20/11/2027 20:30;Aliens;Action;James Cameron;1986;137;0;9.00
20/11/2027 18:00;Jules et Jim;Drama;François Truffaut;1962;105;12;10.00
20/11/2027 14:30;Close Encounters of the Third Kind;Drama;Steven Spielberg;1977;138;0;8.50
20/11/2027 10:30;The Best Years of Our Lives;Drama;William Wyler;1946;170;12;7.00
19/11/2027 10:00;The Hurricane;Biography;Norman Jewison;1999;146;16;8.50
18/11/2027 10:00;Scent of a Woman;Drama;Martin Brest;1992;156;12;7.00
17/11/2027 10:30;Giant;Drama;George Stevens;1956;201;0;7.50
16/11/2027 16:00;The Hurricane;Biography;Norman Jewison;1999;146;16;7.00
16/11/2027 13:00;Butch Cassidy and the Sundance Kid;Biography;George Roy Hill;1969;110;6;7.50
16/11/2027 10:30;The Others;Horror;Alejandro Amenábar;2001;101;12;8.00
15/11/2027 17:00;"Monsters; Inc.";Animation;Pete Docter;2001;92;0;8.00
15/11/2027 14:00;The Long Goodbye;Comedy;Robert Altman;1973;112;12;7.00
15/11/2027 10:30;Fight Club;Drama;David Fincher;1999;139;12;8.00
14/11/2027 15:30;Platoon;Drama;Oliver Stone;1986;120;12;7.00
14/11/2027 12:30;Tengoku to jigoku;Crime;Akira Kurosawa;1963;143;12;7.50
14/11/2027 10:00;Back to the Future Part II;Adventure;Robert Zemeckis;1989;108;0;6.50
13/11/2027 18:30;Papurika;Animation;Satoshi Kon;2006;90;0;9.50
13/11/2027 16:00;Back to the Future Part II;Adventure;Robert Zemeckis;1989;108;0;7.50
13/11/2027 13:00;Platoon;Drama;Oliver Stone;1986;120;12;7.00
13/11/2027 10:30;Platoon;Drama;Oliver Stone;1986;120;12;7.50
12/11/2027 13:30;Blow;Biography;Ted Demme;2001;124;16;8.00
12/11/2027 10:00;Scent of a Woman;Drama;Martin Brest;1992;156;12;7.00
11/11/2027 13:00;Papurika;Animation;Satoshi Kon;2006;90;0;8.00
11/11/2027 10:30;Papurika;Animation;Satoshi Kon;2006;90;0;6.50
10/11/2027 10:30;Close Encounters of the Third Kind;Drama;Steven Spielberg;1977;138;0;8.00
09/11/2027 13:00;The Long Goodbye;Comedy;Robert Altman;1973;112;12;7.00
09/11/2027 10:00;Sin City;Crime;Frank Miller;2005;124;12;7.00
08/11/2027 13:00;Chinatown;Drama;Roman Polanski;1974;130;12;7.00
08/11/2027 10:30;Papurika;Animation;Satoshi Kon;2006;90;0;8.50
07/11/2027 15:00;Sherlock Jr.;Action;Buster Keaton;1924;45;12;6.50
07/11/2027 12:30;Annie Hall;Comedy;Woody Allen;1977;93;12;8.00
07/11/2027 10:00;Butch Cassidy and the Sundance Kid;Biography;George Roy Hill;1969;110;6;7.50
06/11/2027 19:30;Giant;Drama;George Stevens;1956;201;0;9.00
06/11/2027 16:00;Idi i smotri;Drama;Elem Klimov;1985;142;12;8.00
06/11/2027 13:00;Sin City;Crime;Frank Miller;2005;124;12;6.50
06/11/2027 10:00;Blow;Biography;Ted Demme;2001;124;16;7.50
05/11/2027 10:30;Back to the Future Part II;Adventure;Robert Zemeckis;1989;108;0;8.00
04/11/2027 10:30;Aliens;Action;James Cameron;1986;137;0;8.00
03/11/2027 10:30;Scent of a Woman;Drama;Martin Brest;1992;156;12;7.00
02/11/2027 13:30;Papurika;Animation;Satoshi Kon;2006;90;0;6.50
02/11/2027 10:30;Enemy at the Gates;Drama;Jean-Jacques Annaud;2001;131;12;7.00
01/11/2027 13:00;The Ladykillers;Comedy;Alexander Mackendrick;1955;91;12;8.00
01/11/2027 10:30;"4 luni; 3 saptamâni si 2 zile";Drama;Cristian Mungiu;2007;113;12;8.50
31/10/2027 17:00;Sherlock Jr.;Action;Buster Keaton;1924;45;12;6.50
31/10/2027 14:00;Back to the Future Part II;Adventure;Robert Zemeckis;1989;108;0;6.50
31/10/2027 10:30;Scent of a Woman;Drama;Martin Brest;1992;156;12;6.50
30/10/2027 17:00;"Monsters; Inc.";Animation;Pete Docter;2001;92;0;8.00
30/10/2027 14:00;Blow;Biography;Ted Demme;2001;124;16;8.50
30/10/2027 10:30;The Best Years of Our Lives;Drama;William Wyler;1946;170;12;7.50
29/10/2027 10:30;Annie Hall;Comedy;Woody Allen;1977;93;12;7.50
28/10/2027 15:00;Tengoku to jigoku;Crime;Akira Kurosawa;1963;143;12;7.50
28/10/2027 12:30;Ivanovo detstvo;Drama;Andrei Tarkovsky;1962;95;12;7.50
28/10/2027 10:00;The Ladykillers;Comedy;Alexander Mackendrick;1955;91;12;8.00
27/10/2027 10:30;Donnie Brasco;Biography;Mike Newell;1997;127;12;6.50
26/10/2027 10:00;Zelig;Comedy;Woody Allen;1983;79;6;8.50
25/10/2027 10:30;No Country for Old Men;Crime;Ethan Coen;2007;122;16;6.50
24/10/2027 19:30;Annie Hall;Comedy;Woody Allen;1977;93;12;9.50
24/10/2027 16:00;The Best Years of Our Lives;Drama;William Wyler;1946;170;12;8.00
24/10/2027 13:00;Butch Cassidy and the Sundance Kid;Biography;George Roy Hill;1969;110;6;7.00
24/10/2027 10:30;Butch Cassidy and the Sundance Kid;Biography;George Roy Hill;1969;110;6;8.50
23/10/2027 19:00;Adaptation.;Comedy;Spike Jonze;2002;115;16;8.50
23/10/2027 16:00;Blow;Biography;Ted Demme;2001;124;16;7.00
23/10/2027 13:00;No Country for Old Men;Crime;Ethan Coen;2007;122;16;6.50
23/10/2027 10:00;Platoon;Drama;Oliver Stone;1986;120;12;7.50
22/10/2027 10:00;Zelig;Comedy;Woody Allen;1983;79;6;7.50
21/10/2027 10:00;Adaptation.;Comedy;Spike Jonze;2002;115;16;7.50
20/10/2027 13:30;Chinatown;Drama;Roman Polanski;1974;130;12;8.00
20/10/2027 10:00;Aliens;Action;James Cameron;1986;137;0;6.50
19/10/2027 13:30;"Monsters; Inc.";Animation;Pete Docter;2001;92;0;7.00
19/10/2027 10:30;Aliens;Action;James Cameron;1986;137;0;8.50
18/10/2027 10:30;The Best Years of Our Lives;Drama;William Wyler;1946;170;12;8.50
17/10/2027 16:00;Close Encounters of the Third Kind;Drama;Steven Spielberg;1977;138;0;8.00
17/10/2027 13:00;Back to the Future Part II;Adventure;Robert Zemeckis;1989;108;0;6.50
17/10/2027 10:30;Sunrise: A Song of Two Humans;Drama;F.W. Murnau;1927;94;12;7.50
16/10/2027 16:30;Platoon;Drama;Oliver Stone;1986;120;12;7.00
16/10/2027 13:30;Idi i smotri;Drama;Elem Klimov;1985;142;12;6.50
16/10/2027 10:30;Adaptation.;Comedy;Spike Jonze;2002;115;16;6.50
15/10/2027 13:00;Chinatown;Drama;Roman Polanski;1974;130;12;8.00
15/10/2027 10:00;Close Encounters of the Third Kind;Drama;Steven Spielberg;1977;138;0;6.50
14/10/2027 10:30;Sherlock Jr.;Action;Buster Keaton;1924;45;12;6.50
13/10/2027 13:00;Sunrise: A Song of Two Humans;Drama;F.W. Murnau;1927;94;12;7.50
13/10/2027 10:00;Close Encounters of the Third Kind;Drama;Steven Spielberg;1977;138;0;6.50
12/10/2027 13:30;Sunrise: A Song of Two Humans;Drama;F.W. Murnau;1927;94;12;8.00
12/10/2027 10:30;The Pianist;Biography;Roman Polanski;2002;150;16;7.00
11/10/2027 13:00;The Shop Around the Corner;Comedy;Ernst Lubitsch;1940;99;12;7.50
11/10/2027 10:00;The Lives of Others;Drama;Florian Henckel von Donnersmarck;2006;137;12;7.50
10/10/2027 17:30;Bound by Honor;Crime;Taylor Hackford;1993;180;16;7.50
10/10/2027 15:00;Falling Down;Action;Joel Schumacher;1993;113;16;7.00
10/10/2027 13:30;Sherlock Jr.;Action;Buster Keaton;1924;45;12;8.50
10/10/2027 10:30;Hauru no ugoku shiro;Animation;Hayao Miyazaki;2004;119;0;8.00
09/10/2027 16:00;Platoon;Drama;Oliver Stone;1986;120;12;6.50
09/10/2027 13:30;A Christmas Story;Comedy;Bob Clark;1983;93;0;7.50
09/10/2027 10:00;Amadeus;Biography;Milos Forman;1984;160;16;8.00
08/10/2027 10:00;Back to the Future Part II;Adventure;Robert Zemeckis;1989;108;0;6.50
07/10/2027 10:30;Close Encounters of the Third Kind;Drama;Steven Spielberg;1977;138;0;6.50
06/10/2027 14:00;As Good as It Gets;Comedy;James L. Brooks;1997;139;12;7.00
06/10/2027 10:30;Close Encounters of the Third Kind;Drama;Steven Spielberg;1977;138;0;7.00
05/10/2027 16:30;Black Hawk Down;Drama;Ridley Scott;2001;144;12;7.50
05/10/2027 14:00;Back to the Future Part II;Adventure;Robert Zemeckis;1989;108;0;8.50
05/10/2027 10:30;Black Hawk Down;Drama;Ridley Scott;2001;144;12;8.00
04/10/2027 10:30;Close Encounters of the Third Kind;Drama;Steven Spielberg;1977;138;0;6.50
03/10/2027 17:00;"4 luni; 3 saptamâni si 2 zile";Drama;Cristian Mungiu;2007;113;12;7.00
03/10/2027 14:00;Falling Down;Action;Joel Schumacher;1993;113;16;7.00
03/10/2027 10:30;As Good as It Gets;Comedy;James L. Brooks;1997;139;12;8.00
02/10/2027 19:30;Persona;Drama;Ingmar Bergman;1966;85;12;9.00
02/10/2027 16:30;The Lives of Others;Drama;Florian Henckel von Donnersmarck;2006;137;12;8.50
02/10/2027 13:30;Falling Down;Action;Joel Schumacher;1993;113;16;8.50
02/10/2027 10:30;As Good as It Gets;Comedy;James L. Brooks;1997;139;12;8.00
01/10/2027 10:30;Back to the Future Part II;Adventure;Robert Zemeckis;1989;108;0;8.00
30/09/2027 13:30;Falling Down;Action;Joel Schumacher;1993;113;16;8.00
30/09/2027 10:30;The Lives of Others;Drama;Florian Henckel von Donnersmarck;2006;137;12;7.00
29/09/2027 10:00;The Lives of Others;Drama;Florian Henckel von Donnersmarck;2006;137;12;8.00
28/09/2027 13:00;The King of Comedy;Comedy;Martin Scorsese;1982;109;0;7.00
28/09/2027 10:00;Le notti di Cabiria;Drama;Federico Fellini;1957;110;12;7.00
27/09/2027 10:00;Donnie Brasco;Biography;Mike Newell;1997;127;12;7.00
26/09/2027 19:00;The King of Comedy;Comedy;Martin Scorsese;1982;109;0;9.50
26/09/2027 15:30;Boogie Nights;Drama;Paul Thomas Anderson;1997;155;16;7.00
26/09/2027 12:30;Sleepers;Crime;Barry Levinson;1996;147;12;6.50
26/09/2027 10:00;Le notti di Cabiria;Drama;Federico Fellini;1957;110;12;7.00
25/09/2027 15:30;Enemy at the Gates;Drama;Jean-Jacques Annaud;2001;131;12;7.50
25/09/2027 12:30;Happiness;Comedy;Todd Solondz;1998;134;12;8.50
25/09/2027 10:00;Trois couleurs: Blanc;Comedy;Krzysztof Kieslowski;1994;92;0;7.00
24/09/2027 10:30;Jûbê ninpûchô;Animation;Yoshiaki Kawajiri;1993;94;12;7.00
23/09/2027 14:30;Bronenosets Potemkin;Drama;Sergei M. Eisenstein;1925;75;12;7.50
23/09/2027 12:00;Trois couleurs: Blanc;Comedy;Krzysztof Kieslowski;1994;92;0;7.00
23/09/2027 10:00;Bronenosets Potemkin;Drama;Sergei M. Eisenstein;1925;75;12;7.50
22/09/2027 15:30;Toki o kakeru shôjo;Animation;Mamoru Hosoda;2006;98;0;8.00
22/09/2027 13:00;It Happened One Night;Comedy;Frank Capra;1934;105;12;6.50
22/09/2027 10:30;The Shop Around the Corner;Comedy;Ernst Lubitsch;1940;99;12;6.50
21/09/2027 10:00;The Lives of Others;Drama;Florian Henckel von Donnersmarck;2006;137;12;6.50
20/09/2027 15:00;Bronenosets Potemkin;Drama;Sergei M. Eisenstein;1925;75;12;8.50
20/09/2027 12:30;Sunrise: A Song of Two Humans;Drama;F.W. Murnau;1927;94;12;8.50
20/09/2027 10:00;Jûbê ninpûchô;Animation;Yoshiaki Kawajiri;1993;94;12;7.50
19/09/2027 17:00;Jûbê ninpûchô;Animation;Yoshiaki Kawajiri;1993;94;12;8.50
19/09/2027 14:30;Trois couleurs: Blanc;Comedy;Krzysztof Kieslowski;1994;92;0;8.00
19/09/2027 10:30;Bound by Honor;Crime;Taylor Hackford;1993;180;16;8.50
18/09/2027 18:30;The Shawshank Redemption;Drama;Frank Darabont;1994;142;12;10.00
18/09/2027 14:30;Kal Ho Naa Ho;Comedy;Nikkhil Advani;2003;186;0;8.50
18/09/2027 12:30;Persona;Drama;Ingmar Bergman;1966;85;12;7.50
18/09/2027 10:30;Persona;Drama;Ingmar Bergman;1966;85;12;8.50
17/09/2027 15:00;Persona;Drama;Ingmar Bergman;1966;85;12;6.50
17/09/2027 12:30;The King of Comedy;Comedy;Martin Scorsese;1982;109;0;7.50
17/09/2027 10:30;Bronenosets Potemkin;Drama;Sergei M. Eisenstein;1925;75;12;8.50
16/09/2027 10:00;The King of Comedy;Comedy;Martin Scorsese;1982;109;0;7.00
15/09/2027 16:30;The Shawshank Redemption;Drama;Frank Darabont;1994;142;12;8.00
15/09/2027 13:30;Falling Down;Action;Joel Schumacher;1993;113;16;7.50
15/09/2027 10:00;Amadeus;Biography;Milos Forman;1984;160;16;8.00
14/09/2027 17:00;Harry Potter and the Sorcerer's Stone;Adventure;Chris Columbus;2001;152;0;7.00
14/09/2027 14:00;Falling Down;Action;Joel Schumacher;1993;113;16;8.50
14/09/2027 10:00;Kal Ho Naa Ho;Comedy;Nikkhil Advani;2003;186;0;8.50
13/09/2027 10:00;Jeux d'enfants;Comedy;Yann Samuell;2003;93;16;8.00
12/09/2027 16:00;Memento;Mystery;Christopher Nolan;2000;113;12;7.50
12/09/2027 13:30;The Others;Horror;Alejandro Amenábar;2001;101;12;7.50
12/09/2027 10:30;The Shawshank Redemption;Drama;Frank Darabont;1994;142;12;8.50
11/09/2027 16:30;The Pianist;Biography;Roman Polanski;2002;150;16;7.50
11/09/2027 12:30;Barry Lyndon;Adventure;Stanley Kubrick;1975;185;6;8.00
11/09/2027 10:00;Toki o kakeru shôjo;Animation;Mamoru Hosoda;2006;98;0;8.50
10/09/2027 13:00;Falling Down;Action;Joel Schumacher;1993;113;16;8.50
10/09/2027 10:00;All That Jazz;Drama;Bob Fosse;1979;123;12;6.50
09/09/2027 17:30;Jûbê ninpûchô;Animation;Yoshiaki Kawajiri;1993;94;12;7.50
09/09/2027 13:30;Sholay;Action;Ramesh Sippy;1975;204;0;8.50
09/09/2027 10:30;The Treasure of the Sierra Madre;Adventure;John Huston;1948;126;12;8.00
08/09/2027 17:00;Sleepers;Crime;Barry Levinson;1996;147;12;8.00
08/09/2027 13:00;"Swades: We; the People";Drama;Ashutosh Gowariker;2004;210;0;7.00
08/09/2027 10:30;Toki o kakeru shôjo;Animation;Mamoru Hosoda;2006;98;0;7.00
07/09/2027 15:30;Toki o kakeru shôjo;Animation;Mamoru Hosoda;2006;98;0;6.50
07/09/2027 12:30;Star Wars: Episode VI - Return of the Jedi;Action;Richard Marquand;1983;131;0;8.00
07/09/2027 10:00;Toki o kakeru shôjo;Animation;Mamoru Hosoda;2006;98;0;8.50
06/09/2027 13:00;All That Jazz;Drama;Bob Fosse;1979;123;12;6.50
06/09/2027 10:00;The Shawshank Redemption;Drama;Frank Darabont;1994;142;12;8.50
05/09/2027 21:30;Philadelphia;Drama;Jonathan Demme;1993;125;12;10.00
05/09/2027 18:00;The Killing Fields;Biography;Roland Joffé;1984;141;12;9.50
05/09/2027 14:30;My Fair Lady;Drama;George Cukor;1964;170;0;8.00
05/09/2027 10:30;Saving Private Ryan;Drama;Steven Spielberg;1998;169;16;6.50
04/09/2027 17:00;The Killing Fields;Biography;Roland Joffé;1984;141;12;8.50
04/09/2027 13:30;Fitzcarraldo;Adventure;Werner Herzog;1982;158;16;8.50
04/09/2027 10:30;All That Jazz;Drama;Bob Fosse;1979;123;12;8.00
03/09/2027 16:30;"Shin seiki Evangelion Gekijô-ban: Air/Magokoro wo; kimi ni";Animation;Hideaki Anno;1997;87;12;6.50
03/09/2027 13:30;All That Jazz;Drama;Bob Fosse;1979;123;12;6.50
03/09/2027 10:30;The Illusionist;Drama;Neil Burger;2006;110;0;7.00
02/09/2027 10:30;Sholay;Action;Ramesh Sippy;1975;204;0;8.50
01/09/2027 10:30;The Game;Action;David Fincher;1997;129;12;7.50
31/08/2027 13:00;Kurenai no buta;Animation;Hayao Miyazaki;1992;94;0;7.00
31/08/2027 10:30;Jeux d'enfants;Comedy;Yann Samuell;2003;93;16;7.00
30/08/2027 10:30;The Killing Fields;Biography;Roland Joffé;1984;141;12;7.00
29/08/2027 20:30;Kal Ho Naa Ho;Comedy;Nikkhil Advani;2003;186;0;10.00
29/08/2027 17:00;Fitzcarraldo;Adventure;Werner Herzog;1982;158;16;8.50
29/08/2027 14:30;Le notti di Cabiria;Drama;Federico Fellini;1957;110;12;8.00
29/08/2027 10:00;Sholay;Action;Ramesh Sippy;1975;204;0;8.00
28/08/2027 16:00;My Fair Lady;Drama;George Cukor;1964;170;0;8.50
28/08/2027 13:30;The Illusionist;Drama;Neil Burger;2006;110;0;8.50
28/08/2027 10:30;Le notti di Cabiria;Drama;Federico Fellini;1957;110;12;7.50
27/08/2027 10:30;The Treasure of the Sierra Madre;Adventure;John Huston;1948;126;12;7.00
26/08/2027 17:00;Sen to Chihiro no kamikakushi;Animation;Hayao Miyazaki;2001;125;0;7.00
26/08/2027 14:00;Close Encounters of the Third Kind;Drama;Steven Spielberg;1977;138;0;6.50
26/08/2027 10:30;Saving Private Ryan;Drama;Steven Spielberg;1998;169;16;7.50
25/08/2027 15:30;Le notti di Cabiria;Drama;Federico Fellini;1957;110;12;6.50
25/08/2027 13:00;Jeux d'enfants;Comedy;Yann Samuell;2003;93;16;7.50
25/08/2027 10:30;The Sixth Sense;Drama;M. Night Shyamalan;1999;107;12;8.00
24/08/2027 13:00;The Treasure of the Sierra Madre;Adventure;John Huston;1948;126;12;6.50
24/08/2027 10:30;Zelig;Comedy;Woody Allen;1983;79;6;7.50
23/08/2027 13:00;Gone with the Wind;Drama;Victor Fleming;1939;238;0;6.50
23/08/2027 10:00;Lat sau san taam;Action;John Woo;1992;128;16;6.50
22/08/2027 16:30;Sholay;Action;Ramesh Sippy;1975;204;0;8.00
22/08/2027 14:00;The Others;Horror;Alejandro Amenábar;2001;101;12;7.50
22/08/2027 10:00;Kal Ho Naa Ho;Comedy;Nikkhil Advani;2003;186;0;8.50
21/08/2027 16:00;"Swades: We; the People";Drama;Ashutosh Gowariker;2004;210;0;8.50
21/08/2027 13:00;All That Jazz;Drama;Bob Fosse;1979;123;12;6.50
21/08/2027 10:00;All That Jazz;Drama;Bob Fosse;1979;123;12;7.50
20/08/2027 10:00;Jeux d'enfants;Comedy;Yann Samuell;2003;93;16;6.50
19/08/2027 10:00;Amadeus;Biography;Milos Forman;1984;160;16;7.00
18/08/2027 10:00;Sholay;Action;Ramesh Sippy;1975;204;0;7.50
17/08/2027 15:30;Der Name der Rose;Crime;Jean-Jacques Annaud;1986;130;16;8.50
17/08/2027 13:00;Toki o kakeru shôjo;Animation;Mamoru Hosoda;2006;98;0;8.50
17/08/2027 10:00;The Treasure of the Sierra Madre;Adventure;John Huston;1948;126;12;8.50
16/08/2027 13:30;Jeux d'enfants;Comedy;Yann Samuell;2003;93;16;7.00
16/08/2027 10:30;Aliens;Action;James Cameron;1986;137;0;6.50
15/08/2027 18:00;The Killing Fields;Biography;Roland Joffé;1984;141;12;9.00
15/08/2027 15:00;8½;Drama;Federico Fellini;1963;138;12;8.50
15/08/2027 10:30;Sholay;Action;Ramesh Sippy;1975;204;0;6.50
14/08/2027 16:30;Indiana Jones and the Last Crusade;Action;Steven Spielberg;1989;127;0;6.50
14/08/2027 13:00;Fitzcarraldo;Adventure;Werner Herzog;1982;158;16;8.50
14/08/2027 10:00;Planet of the Apes;Adventure;Franklin J. Schaffner;1968;112;0;8.00
13/08/2027 10:30;Fitzcarraldo;Adventure;Werner Herzog;1982;158;16;6.50
12/08/2027 10:30;Gone with the Wind;Drama;Victor Fleming;1939;238;0;7.50
11/08/2027 16:00;Sholay;Action;Ramesh Sippy;1975;204;0;6.50
11/08/2027 13:00;Lat sau san taam;Action;John Woo;1992;128;16;7.50
11/08/2027 10:00;Casino Royale;Action;Martin Campbell;2006;144;12;8.00
10/08/2027 15:30;Indiana Jones and the Last Crusade;Action;Steven Spielberg;1989;127;0;7.00
10/08/2027 12:30;Lat sau san taam;Action;John Woo;1992;128;16;8.50
10/08/2027 10:30;Once;Drama;John Carney;2007;86;16;7.00
09/08/2027 16:30;Planet of the Apes;Adventure;Franklin J. Schaffner;1968;112;0;6.50
09/08/2027 14:00;Once;Drama;John Carney;2007;86;16;7.50
09/08/2027 10:00;Barry Lyndon;Adventure;Stanley Kubrick;1975;185;6;8.00
08/08/2027 19:30;The Others;Horror;Alejandro Amenábar;2001;101;12;10.00
08/08/2027 16:00;Saving Private Ryan;Drama;Steven Spielberg;1998;169;16;8.50
08/08/2027 13:00;Sen to Chihiro no kamikakushi;Animation;Hayao Miyazaki;2001;125;0;7.50
08/08/2027 10:00;The Treasure of the Sierra Madre;Adventure;John Huston;1948;126;12;7.50
07/08/2027 19:30;The Gold Rush;Adventure;Charles Chaplin;1925;95;12;8.50
07/08/2027 17:00;Do lok tin si;Comedy;Kar-Wai Wong;1995;99;12;8.50
07/08/2027 13:30;Fitzcarraldo;Adventure;Werner Herzog;1982;158;16;7.50
07/08/2027 10:00;Kakushi-toride no san-akunin;Adventure;Akira Kurosawa;1958;139;12;6.50
06/08/2027 13:00;Barry Lyndon;Adventure;Stanley Kubrick;1975;185;6;8.00
06/08/2027 10:00;Sen to Chihiro no kamikakushi;Animation;Hayao Miyazaki;2001;125;0;7.50
05/08/2027 10:30;Aliens;Action;James Cameron;1986;137;0;7.00
04/08/2027 15:30;The Shawshank Redemption;Drama;Frank Darabont;1994;142;12;8.00
04/08/2027 13:00;The Gold Rush;Adventure;Charles Chaplin;1925;95;12;7.00
04/08/2027 10:00;Sen to Chihiro no kamikakushi;Animation;Hayao Miyazaki;2001;125;0;7.50
03/08/2027 16:30;Aliens;Action;James Cameron;1986;137;0;8.00
03/08/2027 13:30;The Killing Fields;Biography;Roland Joffé;1984;141;12;6.50
03/08/2027 10:30;Indiana Jones and the Last Crusade;Action;Steven Spielberg;1989;127;0;7.00
02/08/2027 10:30;The Muppet Movie;Adventure;James Frawley;1979;95;0;8.00
01/08/2027 18:00;"Swades: We; the People";Drama;Ashutosh Gowariker;2004;210;0;9.00
01/08/2027 15:00;The Game;Action;David Fincher;1997;129;12;7.00
01/08/2027 10:00;Gone with the Wind;Drama;Victor Fleming;1939;238;0;7.50
31/07/2027 19:30;The Game;Action;David Fincher;1997;129;12;9.00
31/07/2027 16:30;The Game;Action;David Fincher;1997;129;12;8.00
31/07/2027 13:00;Fitzcarraldo;Adventure;Werner Herzog;1982;158;16;7.00
31/07/2027 10:30;Finding Neverland;Biography;Marc Forster;2004;106;0;8.50
30/07/2027 16:00;Aliens;Action;James Cameron;1986;137;0;8.00
30/07/2027 13:00;Interstate 60: Episodes of the Road;Adventure;Bob Gale;2002;116;16;7.50
30/07/2027 10:00;Control;Biography;Anton Corbijn;2007;122;16;8.50
29/07/2027 10:30;The Illusionist;Drama;Neil Burger;2006;110;0;6.50
28/07/2027 16:00;Star Wars: Episode VI - Return of the Jedi;Action;Richard Marquand;1983;131;0;7.50
28/07/2027 13:00;Interstate 60: Episodes of the Road;Adventure;Bob Gale;2002;116;16;7.50
28/07/2027 10:30;Finding Neverland;Biography;Marc Forster;2004;106;0;7.50
27/07/2027 10:00;Star Wars: Episode VI - Return of the Jedi;Action;Richard Marquand;1983;131;0;8.00
26/07/2027 10:30;Philadelphia;Drama;Jonathan Demme;1993;125;12;6.50
25/07/2027 19:30;Le locataire;Drama;Roman Polanski;1976;126;16;8.50
25/07/2027 16:30;Interstate 60: Episodes of the Road;Adventure;Bob Gale;2002;116;16;8.00
25/07/2027 13:30;The Game;Action;David Fincher;1997;129;12;8.50
25/07/2027 10:30;The Shawshank Redemption;Drama;Frank Darabont;1994;142;12;7.50
24/07/2027 19:00;Kakushi-toride no san-akunin;Adventure;Akira Kurosawa;1958;139;12;10.00
24/07/2027 16:00;The Bridges of Madison County;Drama;Clint Eastwood;1995;135;12;8.00
24/07/2027 13:00;Kakushi-toride no san-akunin;Adventure;Akira Kurosawa;1958;139;12;8.50
24/07/2027 10:00;Le locataire;Drama;Roman Polanski;1976;126;16;8.50
23/07/2027 14:30;The Birds;Drama;Alfred Hitchcock;1963;119;12;7.00
23/07/2027 12:30;Zelig;Comedy;Woody Allen;1983;79;6;8.00
23/07/2027 10:00;Toy Story 2;Animation;John Lasseter;1999;92;0;8.00
22/07/2027 10:00;Batman Begins;Action;Christopher Nolan;2005;140;12;8.50
21/07/2027 16:30;The Birds;Drama;Alfred Hitchcock;1963;119;12;7.00
21/07/2027 13:30;Interstate 60: Episodes of the Road;Adventure;Bob Gale;2002;116;16;7.50
21/07/2027 10:30;The Game;Action;David Fincher;1997;129;12;8.50
20/07/2027 15:30;Stand by Me;Adventure;Rob Reiner;1986;89;0;6.50
20/07/2027 12:30;Close Encounters of the Third Kind;Drama;Steven Spielberg;1977;138;0;7.50
20/07/2027 10:00;Finding Nemo;Animation;Andrew Stanton;2003;100;0;8.00
19/07/2027 13:00;Zelig;Comedy;Woody Allen;1983;79;6;7.50
19/07/2027 10:00;Ed Wood;Biography;Tim Burton;1994;127;0;8.50
18/07/2027 17:00;Zelig;Comedy;Woody Allen;1983;79;6;7.50
18/07/2027 14:00;Rio Bravo;Action;Howard Hawks;1959;141;12;8.00
18/07/2027 10:00;Barry Lyndon;Adventure;Stanley Kubrick;1975;185;6;6.50
17/07/2027 19:00;Planet of the Apes;Adventure;Franklin J. Schaffner;1968;112;0;10.00
17/07/2027 16:00;The Shawshank Redemption;Drama;Frank Darabont;1994;142;12;8.50
17/07/2027 13:00;Casino Royale;Action;Martin Campbell;2006;144;12;7.50
17/07/2027 10:00;Le locataire;Drama;Roman Polanski;1976;126;16;6.50
16/07/2027 10:30;Blazing Saddles;Comedy;Mel Brooks;1974;93;12;6.50
15/07/2027 12:30;Rocky;Drama;John G. Avildsen;1976;120;0;7.50
15/07/2027 10:00;Do lok tin si;Comedy;Kar-Wai Wong;1995;99;12;8.50
14/07/2027 10:30;Control;Biography;Anton Corbijn;2007;122;16;8.00
13/07/2027 10:00;The Great Dictator;Comedy;Charles Chaplin;1940;125;12;8.50
12/07/2027 13:00;Ladri di biciclette;Drama;Vittorio De Sica;1948;89;12;8.50
12/07/2027 10:00;Close Encounters of the Third Kind;Drama;Steven Spielberg;1977;138;0;8.00
11/07/2027 18:30;The Great Dictator;Comedy;Charles Chaplin;1940;125;12;10.00
11/07/2027 16:00;Det sjunde inseglet;Drama;Ingmar Bergman;1957;96;12;7.50
11/07/2027 13:00;Rio Bravo;Action;Howard Hawks;1959;141;12;8.50
11/07/2027 10:30;"Lock; Stock and Two Smoking Barrels";Action;Guy Ritchie;1998;107;12;7.00
10/07/2027 19:00;The Birds;Drama;Alfred Hitchcock;1963;119;12;9.50
10/07/2027 16:00;Fantasia;Animation;James Algar;1940;125;0;8.00
10/07/2027 13:00;Interstate 60: Episodes of the Road;Adventure;Bob Gale;2002;116;16;7.00
10/07/2027 10:00;Happiness;Comedy;Todd Solondz;1998;134;12;8.00
09/07/2027 16:30;Who's Afraid of Virginia Woolf?;Drama;Mike Nichols;1966;131;12;8.00
09/07/2027 13:30;Ikiru;Drama;Akira Kurosawa;1952;143;12;8.50
09/07/2027 10:00;Once Upon a Time in the West;Western;Sergio Leone;1968;165;0;8.00
08/07/2027 13:30;Gone with the Wind;Drama;Victor Fleming;1939;238;0;7.00
08/07/2027 10:30;Casino Royale;Action;Martin Campbell;2006;144;12;7.50
07/07/2027 16:00;Interstate 60: Episodes of the Road;Adventure;Bob Gale;2002;116;16;6.50
07/07/2027 13:00;The Birds;Drama;Alfred Hitchcock;1963;119;12;7.00
07/07/2027 10:00;The Bridges of Madison County;Drama;Clint Eastwood;1995;135;12;8.00
06/07/2027 10:00;Happiness;Comedy;Todd Solondz;1998;134;12;8.50
05/07/2027 13:30;American Gangster;Biography;Ridley Scott;2007;157;12;8.00
05/07/2027 10:30;Fantasia;Animation;James Algar;1940;125;0;7.00
04/07/2027 18:00;Match Point;Drama;Woody Allen;2005;124;16;10.00
04/07/2027 15:00;The Illusionist;Drama;Neil Burger;2006;110;0;7.50
04/07/2027 10:00;Gone with the Wind;Drama;Victor Fleming;1939;238;0;7.00
03/07/2027 19:00;Toy Story 2;Animation;John Lasseter;1999;92;0;8.50
03/07/2027 16:30;Stand by Me;Adventure;Rob Reiner;1986;89;0;6.50
03/07/2027 13:00;Once Upon a Time in the West;Western;Sergio Leone;1968;165;0;8.50
03/07/2027 10:00;Batman Begins;Action;Christopher Nolan;2005;140;12;8.50
02/07/2027 13:30;Serenity;Action;Joss Whedon;2005;119;12;8.50
02/07/2027 10:30;Match Point;Drama;Woody Allen;2005;124;16;6.50
01/07/2027 10:00;Rocky;Drama;John G. Avildsen;1976;120;0;8.50
30/06/2027 13:00;The Muppet Movie;Adventure;James Frawley;1979;95;0;6.50
30/06/2027 10:30;Gongdong gyeongbi guyeok JSA;Action;Chan-wook Park;2000;110;12;8.50
29/06/2027 13:00;The Illusionist;Drama;Neil Burger;2006;110;0;8.50
29/06/2027 10:00;The Killing Fields;Biography;Roland Joffé;1984;141;12;8.50
28/06/2027 16:00;The Muppet Christmas Carol;Comedy;Brian Henson;1992;85;0;8.00
28/06/2027 13:00;Sleepers;Crime;Barry Levinson;1996;147;12;7.00
28/06/2027 10:30;Hedwig and the Angry Inch;Comedy;John Cameron Mitchell;2001;95;16;7.50
27/06/2027 18:30;La montaña sagrada;Adventure;Alejandro Jodorowsky;1973;114;16;10.00
27/06/2027 15:00;American Gangster;Biography;Ridley Scott;2007;157;12;6.50
27/06/2027 12:00;The Great Dictator;Comedy;Charles Chaplin;1940;125;12;8.50
27/06/2027 10:00;Stand by Me;Adventure;Rob Reiner;1986;89;0;6.50
26/06/2027 19:30;The Great Dictator;Comedy;Charles Chaplin;1940;125;12;8.50
26/06/2027 16:30;Fantasia;Animation;James Algar;1940;125;0;8.00
26/06/2027 13:00;Once Upon a Time in the West;Western;Sergio Leone;1968;165;0;8.00
26/06/2027 10:00;Who's Afraid of Virginia Woolf?;Drama;Mike Nichols;1966;131;12;7.00
25/06/2027 10:30;Gongdong gyeongbi guyeok JSA;Action;Chan-wook Park;2000;110;12;7.50
24/06/2027 10:00;The Illusionist;Drama;Neil Burger;2006;110;0;7.50
23/06/2027 13:30;The Incredibles;Animation;Brad Bird;2004;115;0;7.00
23/06/2027 10:30;Match Point;Drama;Woody Allen;2005;124;16;7.00
22/06/2027 10:30;Enemy at the Gates;Drama;Jean-Jacques Annaud;2001;131;12;6.50
21/06/2027 13:00;Ladri di biciclette;Drama;Vittorio De Sica;1948;89;12;7.50
21/06/2027 10:30;Blazing Saddles;Comedy;Mel Brooks;1974;93;12;7.00
20/06/2027 18:30;Twelve Monkeys;Mystery;Terry Gilliam;1995;129;12;10.00
20/06/2027 15:30;Kakushi-toride no san-akunin;Adventure;Akira Kurosawa;1958;139;12;6.50
20/06/2027 13:00;Det sjunde inseglet;Drama;Ingmar Bergman;1957;96;12;6.50
20/06/2027 10:00;Ed Wood;Biography;Tim Burton;1994;127;0;7.50
19/06/2027 18:00;Lost in Translation;Comedy;Sofia Coppola;2003;102;12;9.50
19/06/2027 15:30;Hedwig and the Angry Inch;Comedy;John Cameron Mitchell;2001;95;16;7.00
19/06/2027 12:30;Happiness;Comedy;Todd Solondz;1998;134;12;7.00
19/06/2027 10:00;Blazing Saddles;Comedy;Mel Brooks;1974;93;12;7.00
18/06/2027 16:30;Happiness;Comedy;Todd Solondz;1998;134;12;7.50
18/06/2027 13:30;Rio Bravo;Action;Howard Hawks;1959;141;12;7.50
18/06/2027 10:30;The Great Dictator;Comedy;Charles Chaplin;1940;125;12;7.50
17/06/2027 14:00;Gattaca;Drama;Andrew Niccol;1997;106;12;7.50
17/06/2027 10:30;Munna Bhai M.B.B.S.;Comedy;Rajkumar Hirani;2003;156;0;7.00
16/06/2027 10:30;Lost in Translation;Comedy;Sofia Coppola;2003;102;12;8.00
15/06/2027 16:30;Tombstone;Action;George P. Cosmatos;1993;130;16;7.00
15/06/2027 12:30;The Thin Red Line;Drama;Terrence Malick;1998;170;12;7.00
15/06/2027 10:00;The Illusionist;Drama;Neil Burger;2006;110;0;7.00
14/06/2027 16:00;The Muppet Christmas Carol;Comedy;Brian Henson;1992;85;0;7.00
14/06/2027 13:00;The Incredibles;Animation;Brad Bird;2004;115;0;7.50
14/06/2027 10:00;Match Point;Drama;Woody Allen;2005;124;16;6.50
13/06/2027 16:30;Munna Bhai M.B.B.S.;Comedy;Rajkumar Hirani;2003;156;0;7.50
13/06/2027 14:00;The Muppet Christmas Carol;Comedy;Brian Henson;1992;85;0;8.50
13/06/2027 10:00;The Thin Red Line;Drama;Terrence Malick;1998;170;12;8.50
12/06/2027 18:00;The Illusionist;Drama;Neil Burger;2006;110;0;9.50
12/06/2027 15:30;"Lock; Stock and Two Smoking Barrels";Action;Guy Ritchie;1998;107;12;8.50
12/06/2027 13:00;Gattaca;Drama;Andrew Niccol;1997;106;12;8.00
12/06/2027 10:00;Rocky;Drama;John G. Avildsen;1976;120;0;8.50
11/06/2027 10:30;Enemy at the Gates;Drama;Jean-Jacques Annaud;2001;131;12;8.50
10/06/2027 10:30;Match Point;Drama;Woody Allen;2005;124;16;7.00
09/06/2027 16:00;The Killing Fields;Biography;Roland Joffé;1984;141;12;7.50
09/06/2027 13:00;Enemy at the Gates;Drama;Jean-Jacques Annaud;2001;131;12;7.50
09/06/2027 10:30;Gattaca;Drama;Andrew Niccol;1997;106;12;7.50
08/06/2027 15:30;La montaña sagrada;Adventure;Alejandro Jodorowsky;1973;114;16;8.00
08/06/2027 13:00;Lost in Translation;Comedy;Sofia Coppola;2003;102;12;7.00
08/06/2027 10:00;Happiness;Comedy;Todd Solondz;1998;134;12;7.50
07/06/2027 16:00;La montaña sagrada;Adventure;Alejandro Jodorowsky;1973;114;16;7.50
07/06/2027 13:00;The Bridges of Madison County;Drama;Clint Eastwood;1995;135;12;6.50
07/06/2027 10:00;Happiness;Comedy;Todd Solondz;1998;134;12;8.00
06/06/2027 15:30;La haine;Crime;Mathieu Kassovitz;1995;98;12;8.00
06/06/2027 12:30;Who's Afraid of Virginia Woolf?;Drama;Mike Nichols;1966;131;12;7.00
06/06/2027 10:00;Hedwig and the Angry Inch;Comedy;John Cameron Mitchell;2001;95;16;8.00
05/06/2027 15:00;King Kong;Adventure;Merian C. Cooper;1933;100;12;7.00
05/06/2027 12:30;Dazed and Confused;Comedy;Richard Linklater;1993;102;0;6.50
05/06/2027 10:30;Stand by Me;Adventure;Rob Reiner;1986;89;0;7.00
04/06/2027 16:00;The Thin Red Line;Drama;Terrence Malick;1998;170;12;7.50
04/06/2027 13:00;Escape from Alcatraz;Action;Don Siegel;1979;112;12;7.50
04/06/2027 10:00;The Elephant Man;Biography;David Lynch;1980;124;12;8.50
03/06/2027 13:00;Happiness;Comedy;Todd Solondz;1998;134;12;6.50
03/06/2027 10:30;Det sjunde inseglet;Drama;Ingmar Bergman;1957;96;12;8.50
02/06/2027 16:30;Ikiru;Drama;Akira Kurosawa;1952;143;12;6.50
02/06/2027 14:00;Dazed and Confused;Comedy;Richard Linklater;1993;102;0;6.50
02/06/2027 10:30;The Thin Red Line;Drama;Terrence Malick;1998;170;12;7.50
01/06/2027 16:00;Ikiru;Drama;Akira Kurosawa;1952;143;12;8.50
01/06/2027 13:30;The Muppet Christmas Carol;Comedy;Brian Henson;1992;85;0;7.00
01/06/2027 10:00;Sleepers;Crime;Barry Levinson;1996;147;12;6.50
31/05/2027 13:00;Twelve Monkeys;Mystery;Terry Gilliam;1995;129;12;6.50
31/05/2027 10:00;Tropa de Elite;Action;José Padilha;2007;115;16;7.50
30/05/2027 16:00;Tropa de Elite;Action;José Padilha;2007;115;16;8.00
30/05/2027 13:30;First Blood;Action;Ted Kotcheff;1982;93;12;8.00
30/05/2027 10:30;Happiness;Comedy;Todd Solondz;1998;134;12;7.00
29/05/2027 18:30;North by Northwest;Adventure;Alfred Hitchcock;1959;136;0;8.50
29/05/2027 16:00;Lost in Translation;Comedy;Sofia Coppola;2003;102;12;8.50
29/05/2027 12:30;Munna Bhai M.B.B.S.;Comedy;Rajkumar Hirani;2003;156;0;8.50
29/05/2027 10:00;Gongdong gyeongbi guyeok JSA;Action;Chan-wook Park;2000;110;12;8.50
28/05/2027 13:00;Dazed and Confused;Comedy;Richard Linklater;1993;102;0;8.50
28/05/2027 10:30;Hedwig and the Angry Inch;Comedy;John Cameron Mitchell;2001;95;16;7.00
27/05/2027 12:30;Badlands;Action;Terrence Malick;1973;94;6;6.50
27/05/2027 10:00;Badlands;Action;Terrence Malick;1973;94;6;8.50
26/05/2027 13:00;Mystic River;Crime;Clint Eastwood;2003;138;12;7.00
26/05/2027 10:30;Le scaphandre et le papillon;Biography;Julian Schnabel;2007;112;12;7.00
25/05/2027 10:00;Kakushi-toride no san-akunin;Adventure;Akira Kurosawa;1958;139;12;7.00
24/05/2027 10:30;Who's Afraid of Virginia Woolf?;Drama;Mike Nichols;1966;131;12;7.00
23/05/2027 17:30;Heat;Crime;Michael Mann;1995;170;12;7.00
23/05/2027 14:00;The Last Samurai;Action;Edward Zwick;2003;154;12;8.00
23/05/2027 10:30;Cast Away;Adventure;Robert Zemeckis;2000;143;12;6.50
22/05/2027 16:30;First Blood;Action;Ted Kotcheff;1982;93;12;7.00
22/05/2027 13:00;Mystic River;Crime;Clint Eastwood;2003;138;12;6.50
22/05/2027 10:30;Snatch;Comedy;Guy Ritchie;2000;104;12;7.00
21/05/2027 12:30;Dazed and Confused;Comedy;Richard Linklater;1993;102;0;6.50
21/05/2027 10:00;Sunset Blvd.;Drama;Billy Wilder;1950;110;12;8.00
20/05/2027 15:30;Tombstone;Action;George P. Cosmatos;1993;130;16;6.50
20/05/2027 13:00;Tropa de Elite;Action;José Padilha;2007;115;16;7.00
20/05/2027 10:30;Dazed and Confused;Comedy;Richard Linklater;1993;102;0;7.00
19/05/2027 10:00;Braveheart;Biography;Mel Gibson;1995;178;12;6.50
18/05/2027 15:00;Gattaca;Drama;Andrew Niccol;1997;106;12;8.50
18/05/2027 12:30;Snatch;Comedy;Guy Ritchie;2000;104;12;8.50
18/05/2027 10:00;Badlands;Action;Terrence Malick;1973;94;6;7.00
17/05/2027 14:00;Brief Encounter;Drama;David Lean;1945;86;0;7.50
17/05/2027 10:00;The Lord of the Rings: The Two Towers;Action;Peter Jackson;2002;179;12;8.00
16/05/2027 18:30;First Blood;Action;Ted Kotcheff;1982;93;12;8.50
16/05/2027 16:00;King Kong;Adventure;Merian C. Cooper;1933;100;12;7.50
16/05/2027 13:00;All the President's Men;Biography;Alan J. Pakula;1976;138;0;6.50
16/05/2027 10:30;King Kong;Adventure;Merian C. Cooper;1933;100;12;8.50
15/05/2027 19:30;Tropa de Elite;Action;José Padilha;2007;115;16;9.50
15/05/2027 16:00;Heat;Crime;Michael Mann;1995;170;12;8.50
15/05/2027 13:30;La haine;Crime;Mathieu Kassovitz;1995;98;12;8.00
15/05/2027 10:00;Cast Away;Adventure;Robert Zemeckis;2000;143;12;7.00
14/05/2027 10:00;Twelve Monkeys;Mystery;Terry Gilliam;1995;129;12;7.50
13/05/2027 10:30;Mystic River;Crime;Clint Eastwood;2003;138;12;6.50
12/05/2027 10:00;All the President's Men;Biography;Alan J. Pakula;1976;138;0;8.50
11/05/2027 12:30;Rain Man;Drama;Barry Levinson;1988;133;0;8.00
11/05/2027 10:00;Fa yeung nin wah;Drama;Kar-Wai Wong;2000;98;0;7.00
10/05/2027 12:30;Dom za vesanje;Comedy;Emir Kusturica;1988;142;16;6.50
10/05/2027 10:00;First Blood;Action;Ted Kotcheff;1982;93;12;8.00
09/05/2027 20:00;Brief Encounter;Drama;David Lean;1945;86;0;9.50
09/05/2027 17:30;Dark City;Mystery;Alex Proyas;1998;100;12;8.00
09/05/2027 14:30;Dom za vesanje;Comedy;Emir Kusturica;1988;142;16;7.50
09/05/2027 10:30;Gandhi;Biography;Richard Attenborough;1982;191;0;7.50
08/05/2027 16:30;First Blood;Action;Ted Kotcheff;1982;93;12;7.50
08/05/2027 13:30;Vertigo;Mystery;Alfred Hitchcock;1958;128;12;8.50
08/05/2027 10:30;A Streetcar Named Desire;Drama;Elia Kazan;1951;122;12;8.00
07/05/2027 12:30;King Kong;Adventure;Merian C. Cooper;1933;100;12;8.00
07/05/2027 10:00;Escape from Alcatraz;Action;Don Siegel;1979;112;12;6.50
06/05/2027 16:00;Kakushi-toride no san-akunin;Adventure;Akira Kurosawa;1958;139;12;8.50
06/05/2027 13:00;Cabaret;Drama;Bob Fosse;1972;124;12;8.00
06/05/2027 10:00;The Great Dictator;Comedy;Charles Chaplin;1940;125;12;8.50
05/05/2027 10:00;Kakushi-toride no san-akunin;Adventure;Akira Kurosawa;1958;139;12;8.50
04/05/2027 10:30;Gandhi;Biography;Richard Attenborough;1982;191;0;6.50
03/05/2027 10:00;Jûbê ninpûchô;Animation;Yoshiaki Kawajiri;1993;94;12;6.50
02/05/2027 21:00;Badlands;Action;Terrence Malick;1973;94;6;8.50
02/05/2027 17:00;Gandhi;Biography;Richard Attenborough;1982;191;0;6.50
02/05/2027 13:00;Heat;Crime;Michael Mann;1995;170;12;7.00
02/05/2027 10:00;Seppuku;Action;Masaki Kobayashi;1962;133;12;7.50
01/05/2027 16:00;Snatch;Comedy;Guy Ritchie;2000;104;12;7.50
01/05/2027 13:30;La haine;Crime;Mathieu Kassovitz;1995;98;12;6.50
01/05/2027 10:00;Heat;Crime;Michael Mann;1995;170;12;7.00
30/04/2027 14:00;The Red Shoes;Drama;Michael Powell;1948;135;12;8.50
30/04/2027 10:00;The Right Stuff;Adventure;Philip Kaufman;1983;193;6;7.50
29/04/2027 14:30;Cast Away;Adventure;Robert Zemeckis;2000;143;12;8.00
29/04/2027 10:30;The Lord of the Rings: The Two Towers;Action;Peter Jackson;2002;179;12;7.00
28/04/2027 15:30;Duck Soup;Comedy;Leo McCarey;1933;69;12;8.50
28/04/2027 12:30;Cabaret;Drama;Bob Fosse;1972;124;12;7.50
28/04/2027 10:00;The Night of the Hunter;Crime;Charles Laughton;1955;92;12;8.00
27/04/2027 15:30;Dom za vesanje;Comedy;Emir Kusturica;1988;142;16;7.50
27/04/2027 13:00;Jûbê ninpûchô;Animation;Yoshiaki Kawajiri;1993;94;12;7.50
27/04/2027 10:30;Cowboy Bebop: Tengoku no tobira;Animation;Shin'ichirô Watanabe;2001;115;0;6.50
26/04/2027 15:00;Dà hóng denglong gaogao guà;Drama;Yimou Zhang;1991;125;6;8.00
26/04/2027 12:00;Escape from Alcatraz;Action;Don Siegel;1979;112;12;8.50
26/04/2027 10:00;Brief Encounter;Drama;David Lean;1945;86;0;7.50
25/04/2027 17:00;In a Lonely Place;Drama;Nicholas Ray;1950;94;12;7.50
25/04/2027 13:00;The Right Stuff;Adventure;Philip Kaufman;1983;193;6;8.50
25/04/2027 10:00;Kakushi-toride no san-akunin;Adventure;Akira Kurosawa;1958;139;12;8.00
24/04/2027 17:00;Million Dollar Baby;Drama;Clint Eastwood;2004;132;12;8.00
24/04/2027 14:00;Cowboy Bebop: Tengoku no tobira;Animation;Shin'ichirô Watanabe;2001;115;0;8.50
24/04/2027 10:00;La dolce vita;Comedy;Federico Fellini;1960;174;12;8.00
23/04/2027 15:30;The Lord of the Rings: The Two Towers;Action;Peter Jackson;2002;179;12;7.00
23/04/2027 13:00;Jûbê ninpûchô;Animation;Yoshiaki Kawajiri;1993;94;12;8.50
23/04/2027 10:30;In a Lonely Place;Drama;Nicholas Ray;1950;94;12;8.00
22/04/2027 10:30;Fa yeung nin wah;Drama;Kar-Wai Wong;2000;98;0;6.50
21/04/2027 10:30;Mystic River;Crime;Clint Eastwood;2003;138;12;8.00
20/04/2027 10:00;The Great Dictator;Comedy;Charles Chaplin;1940;125;12;7.50
19/04/2027 10:30;The Color Purple;Drama;Steven Spielberg;1985;154;0;6.50
18/04/2027 18:00;October Sky;Biography;Joe Johnston;1999;108;6;10.00
18/04/2027 15:30;In a Lonely Place;Drama;Nicholas Ray;1950;94;12;8.00
18/04/2027 13:00;Fa yeung nin wah;Drama;Kar-Wai Wong;2000;98;0;8.50
18/04/2027 10:30;Willy Wonka & the Chocolate Factory;Family;Mel Stuart;1971;100;0;8.50
17/04/2027 19:00;The Night of the Hunter;Crime;Charles Laughton;1955;92;12;10.00
17/04/2027 16:30;La haine;Crime;Mathieu Kassovitz;1995;98;12;8.00
17/04/2027 13:30;The Man Who Shot Liberty Valance;Drama;John Ford;1962;123;12;7.50
17/04/2027 10:30;Close Encounters of the Third Kind;Drama;Steven Spielberg;1977;138;0;8.50
16/04/2027 15:00;The Lord of the Rings: The Two Towers;Action;Peter Jackson;2002;179;12;8.00
16/04/2027 13:00;Brief Encounter;Drama;David Lean;1945;86;0;7.00
16/04/2027 10:00;Seppuku;Action;Masaki Kobayashi;1962;133;12;6.50
15/04/2027 15:30;The Last Samurai;Action;Edward Zwick;2003;154;12;8.50
15/04/2027 13:00;The Night of the Hunter;Crime;Charles Laughton;1955;92;12;7.00
15/04/2027 10:00;Mystic River;Crime;Clint Eastwood;2003;138;12;8.50
14/04/2027 13:00;October Sky;Biography;Joe Johnston;1999;108;6;6.50
14/04/2027 10:00;Cabaret;Drama;Bob Fosse;1972;124;12;7.50
13/04/2027 13:00;Lagaan: Once Upon a Time in India;Adventure;Ashutosh Gowariker;2001;224;0;8.50
13/04/2027 10:30;The Night of the Hunter;Crime;Charles Laughton;1955;92;12;7.50
12/04/2027 14:00;Willy Wonka & the Chocolate Factory;Family;Mel Stuart;1971;100;0;8.50
12/04/2027 10:30;The Last Samurai;Action;Edward Zwick;2003;154;12;6.50
11/04/2027 19:30;The Night of the Hunter;Crime;Charles Laughton;1955;92;12;8.50
11/04/2027 16:00;Kill Bill: Vol. 2;Action;Quentin Tarantino;2004;137;12;6.50
11/04/2027 13:00;Seppuku;Action;Masaki Kobayashi;1962;133;12;7.50
11/04/2027 10:00;La battaglia di Algeri;Drama;Gillo Pontecorvo;1966;121;12;8.50
10/04/2027 17:30;Persepolis;Animation;Vincent Paronnaud;2007;96;12;8.50
10/04/2027 14:30;Star Wars;Action;George Lucas;1977;121;12;8.00
10/04/2027 10:00;Lagaan: Once Upon a Time in India;Adventure;Ashutosh Gowariker;2001;224;0;8.50
09/04/2027 13:30;No Country for Old Men;Crime;Ethan Coen;2007;122;16;6.50
09/04/2027 10:30;Escape from Alcatraz;Action;Don Siegel;1979;112;12;8.50
08/04/2027 13:30;The Lord of the Rings: The Fellowship of the Ring;Action;Peter Jackson;2001;178;0;8.50
08/04/2027 10:00;The Lord of the Rings: The Fellowship of the Ring;Action;Peter Jackson;2001;178;0;8.50
07/04/2027 13:00;Dark City;Mystery;Alex Proyas;1998;100;12;7.00
07/04/2027 10:00;The Man Who Shot Liberty Valance;Drama;John Ford;1962;123;12;8.00
06/04/2027 10:00;October Sky;Biography;Joe Johnston;1999;108;6;6.50
05/04/2027 10:00;October Sky;Biography;Joe Johnston;1999;108;6;7.00
04/04/2027 19:00;Escape from Alcatraz;Action;Don Siegel;1979;112;12;10.00
04/04/2027 16:00;The Great Dictator;Comedy;Charles Chaplin;1940;125;12;8.50
04/04/2027 13:00;Star Wars;Action;George Lucas;1977;121;12;6.50
04/04/2027 10:00;Kill Bill: Vol. 2;Action;Quentin Tarantino;2004;137;12;7.50
03/04/2027 15:00;The Man Who Shot Liberty Valance;Drama;John Ford;1962;123;12;8.50
03/04/2027 12:30;Persepolis;Animation;Vincent Paronnaud;2007;96;12;8.00
03/04/2027 10:00;October Sky;Biography;Joe Johnston;1999;108;6;7.50
02/04/2027 16:00;Lagaan: Once Upon a Time in India;Adventure;Ashutosh Gowariker;2001;224;0;7.00
02/04/2027 13:00;Star Wars;Action;George Lucas;1977;121;12;7.50
02/04/2027 10:30;Cowboy Bebop: Tengoku no tobira;Animation;Shin'ichirô Watanabe;2001;115;0;7.50
01/04/2027 10:30;Star Wars;Action;George Lucas;1977;121;12;8.00
31/03/2027 13:00;Kaze no tani no Naushika;Animation;Hayao Miyazaki;1984;117;0;7.00
31/03/2027 10:00;Close Encounters of the Third Kind;Drama;Steven Spielberg;1977;138;0;6.50
30/03/2027 10:30;Willy Wonka & the Chocolate Factory;Family;Mel Stuart;1971;100;0;6.50
29/03/2027 16:30;Million Dollar Baby;Drama;Clint Eastwood;2004;132;12;6.50
29/03/2027 13:30;October Sky;Biography;Joe Johnston;1999;108;6;8.00
29/03/2027 10:30;The Goonies;Adventure;Richard Donner;1985;114;0;7.00
28/03/2027 16:30;Persepolis;Animation;Vincent Paronnaud;2007;96;12;7.50
28/03/2027 13:30;The Red Shoes;Drama;Michael Powell;1948;135;12;6.50
28/03/2027 10:00;Close Encounters of the Third Kind;Drama;Steven Spielberg;1977;138;0;8.50
27/03/2027 18:30;My Cousin Vinny;Comedy;Jonathan Lynn;1992;120;12;9.50
27/03/2027 15:30;The Red Shoes;Drama;Michael Powell;1948;135;12;6.50
27/03/2027 12:30;Raging Bull;Biography;Martin Scorsese;1980;129;12;6.50
27/03/2027 10:30;Duck Soup;Comedy;Leo McCarey;1933;69;12;7.50
26/03/2027 13:00;La dolce vita;Comedy;Federico Fellini;1960;174;12;8.50
26/03/2027 10:00;The Great Dictator;Comedy;Charles Chaplin;1940;125;12;8.00
25/03/2027 12:30;Kaze no tani no Naushika;Animation;Hayao Miyazaki;1984;117;0;7.50
25/03/2027 10:00;The Goonies;Adventure;Richard Donner;1985;114;0;8.50
24/03/2027 10:00;All the President's Men;Biography;Alan J. Pakula;1976;138;0;8.00
23/03/2027 13:30;Duck Soup;Comedy;Leo McCarey;1933;69;12;8.50
23/03/2027 10:30;The Silence of the Lambs;Crime;Jonathan Demme;1991;118;12;8.50
22/03/2027 18:00;The Red Shoes;Drama;Michael Powell;1948;135;12;9.00
22/03/2027 13:30;Lagaan: Once Upon a Time in India;Adventure;Ashutosh Gowariker;2001;224;0;7.00
22/03/2027 10:30;The Silence of the Lambs;Crime;Jonathan Demme;1991;118;12;8.50
21/03/2027 16:30;Kill Bill: Vol. 2;Action;Quentin Tarantino;2004;137;12;7.00
21/03/2027 13:30;Citizen Kane;Drama;Orson Welles;1941;119;12;6.50
21/03/2027 10:30;Gegen die Wand;Drama;Fatih Akin;2004;121;16;8.50
20/03/2027 17:30;Raging Bull;Biography;Martin Scorsese;1980;129;12;7.50
20/03/2027 13:30;The Right Stuff;Adventure;Philip Kaufman;1983;193;6;7.00
20/03/2027 10:30;Stalag 17;Comedy;Billy Wilder;1953;120;12;8.50
19/03/2027 16:00;The Lord of the Rings: The Fellowship of the Ring;Action;Peter Jackson;2001;178;0;8.00
19/03/2027 13:30;Toki o kakeru shôjo;Animation;Mamoru Hosoda;2006;98;0;7.50
19/03/2027 10:30;Star Wars: Episode VI - Return of the Jedi;Action;Richard Marquand;1983;131;0;6.50
18/03/2027 15:30;All the President's Men;Biography;Alan J. Pakula;1976;138;0;6.50
18/03/2027 12:30;Kill Bill: Vol. 2;Action;Quentin Tarantino;2004;137;12;7.00
18/03/2027 10:30;Duck Soup;Comedy;Leo McCarey;1933;69;12;7.00
17/03/2027 13:00;The Lord of the Rings: The Fellowship of the Ring;Action;Peter Jackson;2001;178;0;7.00
17/03/2027 10:30;In the Heat of the Night;Crime;Norman Jewison;1967;110;0;8.50
16/03/2027 15:30;Duck Soup;Comedy;Leo McCarey;1933;69;12;7.50
16/03/2027 12:30;All the President's Men;Biography;Alan J. Pakula;1976;138;0;8.00
16/03/2027 10:00;Persepolis;Animation;Vincent Paronnaud;2007;96;12;7.50
15/03/2027 14:00;La planète sauvage;Animation;René Laloux;1973;72;0;8.50
15/03/2027 10:30;The Lord of the Rings: The Fellowship of the Ring;Action;Peter Jackson;2001;178;0;8.50
14/03/2027 17:00;All the President's Men;Biography;Alan J. Pakula;1976;138;0;7.50
14/03/2027 13:00;La dolce vita;Comedy;Federico Fellini;1960;174;12;6.50
14/03/2027 10:00;Close Encounters of the Third Kind;Drama;Steven Spielberg;1977;138;0;8.00
13/03/2027 15:30;All the President's Men;Biography;Alan J. Pakula;1976;138;0;8.50
13/03/2027 12:30;Stalag 17;Comedy;Billy Wilder;1953;120;12;6.50
13/03/2027 10:30;Le dîner de cons;Comedy;Francis Veber;1998;80;12;8.00
12/03/2027 10:30;Toki o kakeru shôjo;Animation;Mamoru Hosoda;2006;98;0;8.50
11/03/2027 16:00;Taegukgi hwinalrimyeo;Action;Je-kyu Kang;2004;140;16;8.00
11/03/2027 13:30;Toki o kakeru shôjo;Animation;Mamoru Hosoda;2006;98;0;7.00
11/03/2027 10:00;Taegukgi hwinalrimyeo;Action;Je-kyu Kang;2004;140;16;6.50
10/03/2027 15:30;The Muppet Christmas Carol;Comedy;Brian Henson;1992;85;0;8.50
10/03/2027 13:00;Dial M for Murder;Crime;Alfred Hitchcock;1954;105;12;6.50
10/03/2027 10:30;Willy Wonka & the Chocolate Factory;Family;Mel Stuart;1971;100;0;7.00
09/03/2027 10:30;Escape from Alcatraz;Action;Don Siegel;1979;112;12;7.00
08/03/2027 15:00;Kaze no tani no Naushika;Animation;Hayao Miyazaki;1984;117;0;7.00
08/03/2027 13:00;La planète sauvage;Animation;René Laloux;1973;72;0;7.00
08/03/2027 10:30;Willy Wonka & the Chocolate Factory;Family;Mel Stuart;1971;100;0;8.50
07/03/2027 19:00;Dial M for Murder;Crime;Alfred Hitchcock;1954;105;12;8.50
07/03/2027 16:30;Life of Brian;Comedy;Terry Jones;1979;94;16;7.00
07/03/2027 13:30;The Goonies;Adventure;Richard Donner;1985;114;0;6.50
07/03/2027 10:30;La battaglia di Algeri;Drama;Gillo Pontecorvo;1966;121;12;7.00
06/03/2027 15:30;Hedwig and the Angry Inch;Comedy;John Cameron Mitchell;2001;95;16;7.50
06/03/2027 13:30;La planète sauvage;Animation;René Laloux;1973;72;0;7.50
06/03/2027 10:30;Stalag 17;Comedy;Billy Wilder;1953;120;12;8.50
05/03/2027 10:00;Misery;Drama;Rob Reiner;1990;107;16;8.50
04/03/2027 10:00;After Hours;Comedy;Martin Scorsese;1985;97;12;8.50
03/03/2027 15:00;Kill Bill: Vol. 2;Action;Quentin Tarantino;2004;137;12;8.00
03/03/2027 13:00;The Muppet Christmas Carol;Comedy;Brian Henson;1992;85;0;8.50
03/03/2027 10:00;The Terminator;Action;James Cameron;1984;107;12;7.50
02/03/2027 15:00;Glory;Biography;Edward Zwick;1989;122;16;7.50
02/03/2027 12:30;The Goonies;Adventure;Richard Donner;1985;114;0;7.00
02/03/2027 10:00;Hedwig and the Angry Inch;Comedy;John Cameron Mitchell;2001;95;16;6.50
01/03/2027 10:00;Willy Wonka & the Chocolate Factory;Family;Mel Stuart;1971;100;0;6.50
28/02/2027 19:00;The Lion King;Animation;Roger Allers;1994;88;0;10.00
28/02/2027 16:00;Inside Man;Crime;Spike Lee;2006;129;16;6.50
28/02/2027 13:00;Gegen die Wand;Drama;Fatih Akin;2004;121;16;7.50
28/02/2027 10:00;The Notebook;Drama;Nick Cassavetes;2004;123;12;8.00
27/02/2027 15:30;The Right Stuff;Adventure;Philip Kaufman;1983;193;6;7.00
27/02/2027 12:30;Brazil;Drama;Terry Gilliam;1985;132;0;8.00
27/02/2027 10:30;Le dîner de cons;Comedy;Francis Veber;1998;80;12;7.50
26/02/2027 12:30;In the Heat of the Night;Crime;Norman Jewison;1967;110;0;7.00
26/02/2027 10:00;The Gold Rush;Adventure;Charles Chaplin;1925;95;12;7.50
25/02/2027 10:00;Stardust;Adventure;Matthew Vaughn;2007;127;0;7.50
24/02/2027 10:00;The Jungle Book;Animation;Wolfgang Reitherman;1967;78;0;7.00
23/02/2027 16:00;The Outlaw Josey Wales;Western;Clint Eastwood;1976;135;12;8.00
23/02/2027 13:00;The Notebook;Drama;Nick Cassavetes;2004;123;12;6.50
23/02/2027 10:00;Glory;Biography;Edward Zwick;1989;122;16;7.00
22/02/2027 10:00;The Terminator;Action;James Cameron;1984;107;12;7.00
21/02/2027 18:30;Le dîner de cons;Comedy;Francis Veber;1998;80;12;10.00
21/02/2027 16:30;Le dîner de cons;Comedy;Francis Veber;1998;80;12;8.00
21/02/2027 13:30;Inside Man;Crime;Spike Lee;2006;129;16;7.50
21/02/2027 10:30;Gegen die Wand;Drama;Fatih Akin;2004;121;16;8.00
20/02/2027 19:30;La planète sauvage;Animation;René Laloux;1973;72;0;9.00
20/02/2027 17:00;Au revoir les enfants;Drama;Louis Malle;1987;104;0;8.00
20/02/2027 13:00;The Right Stuff;Adventure;Philip Kaufman;1983;193;6;6.50
20/02/2027 10:30;The Terminator;Action;James Cameron;1984;107;12;8.00
19/02/2027 12:30;The Right Stuff;Adventure;Philip Kaufman;1983;193;6;7.50
19/02/2027 10:00;The Terminator;Action;James Cameron;1984;107;12;8.00
18/02/2027 12:00;The Terminator;Action;James Cameron;1984;107;12;6.50
18/02/2027 10:00;Le dîner de cons;Comedy;Francis Veber;1998;80;12;8.50
17/02/2027 15:30;Glory;Biography;Edward Zwick;1989;122;16;6.50
17/02/2027 13:00;In the Heat of the Night;Crime;Norman Jewison;1967;110;0;8.00
17/02/2027 10:00;Stardust;Adventure;Matthew Vaughn;2007;127;0;6.50
16/02/2027 15:30;The Notebook;Drama;Nick Cassavetes;2004;123;12;6.50
16/02/2027 13:00;The Lion King;Animation;Roger Allers;1994;88;0;7.00
16/02/2027 10:00;Brazil;Drama;Terry Gilliam;1985;132;0;7.00
15/02/2027 15:30;Taegukgi hwinalrimyeo;Action;Je-kyu Kang;2004;140;16;7.00
15/02/2027 12:30;The Outlaw Josey Wales;Western;Clint Eastwood;1976;135;12;7.00
15/02/2027 10:00;Le dîner de cons;Comedy;Francis Veber;1998;80;12;8.00
14/02/2027 18:00;The Lion King;Animation;Roger Allers;1994;88;0;10.00
14/02/2027 15:00;My Cousin Vinny;Comedy;Jonathan Lynn;1992;120;12;8.00
14/02/2027 12:30;The Muppet Christmas Carol;Comedy;Brian Henson;1992;85;0;7.00
14/02/2027 10:00;The Gold Rush;Adventure;Charles Chaplin;1925;95;12;8.00
13/02/2027 17:30;The Lion King;Animation;Roger Allers;1994;88;0;8.00
13/02/2027 14:30;Taegukgi hwinalrimyeo;Action;Je-kyu Kang;2004;140;16;8.50
13/02/2027 12:00;My Cousin Vinny;Comedy;Jonathan Lynn;1992;120;12;6.50
13/02/2027 10:00;Le dîner de cons;Comedy;Francis Veber;1998;80;12;6.50
12/02/2027 17:00;The Notebook;Drama;Nick Cassavetes;2004;123;12;7.00
12/02/2027 14:00;The Fifth Element;Action;Luc Besson;1997;126;12;8.50
12/02/2027 10:00;The Right Stuff;Adventure;Philip Kaufman;1983;193;6;7.50
11/02/2027 13:00;Brazil;Drama;Terry Gilliam;1985;132;0;8.00
11/02/2027 10:30;The Odd Couple;Comedy;Gene Saks;1968;105;0;7.00
10/02/2027 12:30;Lawrence of Arabia;Adventure;David Lean;1962;228;0;6.50
10/02/2027 10:00;Hedwig and the Angry Inch;Comedy;John Cameron Mitchell;2001;95;16;8.50
09/02/2027 13:00;Nueve reinas;Crime;Fabián Bielinsky;2000;114;16;7.00
09/02/2027 10:00;One Flew Over the Cuckoo's Nest;Drama;Milos Forman;1975;133;12;8.00
08/02/2027 14:00;In the Heat of the Night;Crime;Norman Jewison;1967;110;0;6.50
08/02/2027 10:00;The Right Stuff;Adventure;Philip Kaufman;1983;193;6;7.00
07/02/2027 15:00;Taegukgi hwinalrimyeo;Action;Je-kyu Kang;2004;140;16;8.00
07/02/2027 12:30;The Lion King;Animation;Roger Allers;1994;88;0;8.50
07/02/2027 10:30;A Hard Day's Night;Comedy;Richard Lester;1964;87;0;6.50
06/02/2027 18:00;Hedwig and the Angry Inch;Comedy;John Cameron Mitchell;2001;95;16;8.50
06/02/2027 15:00;Gegen die Wand;Drama;Fatih Akin;2004;121;16;7.50
06/02/2027 10:30;Lawrence of Arabia;Adventure;David Lean;1962;228;0;7.00
05/02/2027 10:30;The Gold Rush;Adventure;Charles Chaplin;1925;95;12;7.50
04/02/2027 15:00;Lawrence of Arabia;Adventure;David Lean;1962;228;0;7.00
04/02/2027 12:30;Eastern Promises;Action;David Cronenberg;2007;100;16;7.50
04/02/2027 10:00;Au revoir les enfants;Drama;Louis Malle;1987;104;0;8.50
03/02/2027 14:30;Le dîner de cons;Comedy;Francis Veber;1998;80;12;8.00
03/02/2027 10:00;Lawrence of Arabia;Adventure;David Lean;1962;228;0;8.00
02/02/2027 13:30;Pirates of the Caribbean: The Curse of the Black Pearl;Action;Gore Verbinski;2003;143;12;7.00
02/02/2027 10:30;The Outlaw Josey Wales;Western;Clint Eastwood;1976;135;12;8.00
01/02/2027 10:00;Le dîner de cons;Comedy;Francis Veber;1998;80;12;8.00
31/01/2027 21:00;The Jungle Book;Animation;Wolfgang Reitherman;1967;78;0;8.50
31/01/2027 17:30;Ba wang bie ji;Drama;Kaige Chen;1993;171;16;8.00
31/01/2027 13:00;Lawrence of Arabia;Adventure;David Lean;1962;228;0;8.50
31/01/2027 10:00;Inside Man;Crime;Spike Lee;2006;129;16;8.00
30/01/2027 16:00;Chinatown;Drama;Roman Polanski;1974;130;12;8.00
30/01/2027 13:00;Chinatown;Drama;Roman Polanski;1974;130;12;8.50
30/01/2027 10:00;Gegen die Wand;Drama;Fatih Akin;2004;121;16;8.00
29/01/2027 12:30;Persona;Drama;Ingmar Bergman;1966;85;12;7.00
29/01/2027 10:00;Dial M for Murder;Crime;Alfred Hitchcock;1954;105;12;8.50
28/01/2027 15:00;Dial M for Murder;Crime;Alfred Hitchcock;1954;105;12;7.50
28/01/2027 12:30;The Gold Rush;Adventure;Charles Chaplin;1925;95;12;6.50
28/01/2027 10:00;Le dîner de cons;Comedy;Francis Veber;1998;80;12;8.00
27/01/2027 10:00;Stalker;Drama;Andrei Tarkovsky;1979;162;0;7.50
26/01/2027 12:00;Walk the Line;Biography;James Mangold;2005;136;12;8.00
26/01/2027 10:00;Toy Story;Animation;John Lasseter;1995;81;0;6.50
25/01/2027 10:00;The Notebook;Drama;Nick Cassavetes;2004;123;12;6.50
24/01/2027 18:30;The Notebook;Drama;Nick Cassavetes;2004;123;12;10.00
24/01/2027 15:30;The Fifth Element;Action;Luc Besson;1997;126;12;6.50
24/01/2027 12:30;Inside Man;Crime;Spike Lee;2006;129;16;6.50
24/01/2027 10:00;Toy Story;Animation;John Lasseter;1995;81;0;8.00
23/01/2027 16:30;Hera Pheri;Action;Priyadarshan;2000;156;0;8.50
23/01/2027 12:30;The Right Stuff;Adventure;Philip Kaufman;1983;193;6;7.50
23/01/2027 10:30;The Jungle Book;Animation;Wolfgang Reitherman;1967;78;0;6.50
22/01/2027 12:30;Kung fu;Action;Stephen Chow;2004;99;12;8.00
22/01/2027 10:00;The Gold Rush;Adventure;Charles Chaplin;1925;95;12;6.50
21/01/2027 10:00;Night of the Living Dead;Horror;George A. Romero;1968;96;12;6.50
20/01/2027 13:00;Hamlet;Drama;Kenneth Branagh;1996;242;12;6.50
20/01/2027 10:30;Sunrise: A Song of Two Humans;Drama;F.W. Murnau;1927;94;12;6.50
19/01/2027 15:30;The Notebook;Drama;Nick Cassavetes;2004;123;12;7.50
19/01/2027 13:00;Au revoir les enfants;Drama;Louis Malle;1987;104;0;7.50
19/01/2027 10:00;The Notebook;Drama;Nick Cassavetes;2004;123;12;7.00
18/01/2027 16:30;The Gold Rush;Adventure;Charles Chaplin;1925;95;12;6.50
18/01/2027 13:30;The Notebook;Drama;Nick Cassavetes;2004;123;12;7.00
18/01/2027 10:30;The Fifth Element;Action;Luc Besson;1997;126;12;8.00
17/01/2027 16:00;Kung fu;Action;Stephen Chow;2004;99;12;8.00
17/01/2027 12:30;Hera Pheri;Action;Priyadarshan;2000;156;0;8.50
17/01/2027 10:00;Donnie Darko;Drama;Richard Kelly;2001;113;16;6.50
16/01/2027 18:00;Night of the Living Dead;Horror;George A. Romero;1968;96;12;10.00
16/01/2027 15:30;Dark City;Mystery;Alex Proyas;1998;100;12;7.50
16/01/2027 12:30;The Notebook;Drama;Nick Cassavetes;2004;123;12;8.50
16/01/2027 10:00;After Hours;Comedy;Martin Scorsese;1985;97;12;7.00
15/01/2027 10:00;One Flew Over the Cuckoo's Nest;Drama;Milos Forman;1975;133;12;7.00
14/01/2027 13:30;Hamlet;Drama;Kenneth Branagh;1996;242;12;8.50
14/01/2027 10:30;The Notebook;Drama;Nick Cassavetes;2004;123;12;6.50
13/01/2027 13:00;His Girl Friday;Comedy;Howard Hawks;1940;92;12;7.50
13/01/2027 10:00;Pirates of the Caribbean: The Curse of the Black Pearl;Action;Gore Verbinski;2003;143;12;6.50
12/01/2027 10:30;A Hard Day's Night;Comedy;Richard Lester;1964;87;0;8.50
11/01/2027 15:30;Pirates of the Caribbean: The Curse of the Black Pearl;Action;Gore Verbinski;2003;143;12;8.00
11/01/2027 12:30;The Fifth Element;Action;Luc Besson;1997;126;12;8.50
11/01/2027 10:00;Donnie Darko;Drama;Richard Kelly;2001;113;16;8.50
10/01/2027 18:00;The Big Lebowski;Comedy;Joel Coen;1998;117;16;9.00
10/01/2027 15:30;Sunrise: A Song of Two Humans;Drama;F.W. Murnau;1927;94;12;8.00
10/01/2027 13:00;Donnie Darko;Drama;Richard Kelly;2001;113;16;8.00
10/01/2027 10:30;Dark City;Mystery;Alex Proyas;1998;100;12;7.00
09/01/2027 16:00;Hamlet;Drama;Kenneth Branagh;1996;242;12;7.00
09/01/2027 13:00;Fantasia;Animation;James Algar;1940;125;0;7.00
09/01/2027 10:30;Dark City;Mystery;Alex Proyas;1998;100;12;8.00
08/01/2027 10:00;Nueve reinas;Crime;Fabián Bielinsky;2000;114;16;7.00
07/01/2027 15:30;The 39 Steps;Crime;Alfred Hitchcock;1935;86;12;7.00
07/01/2027 13:00;Nueve reinas;Crime;Fabián Bielinsky;2000;114;16;8.50
07/01/2027 10:30;"Aguirre; der Zorn Gottes";Action;Werner Herzog;1972;95;12;8.00
06/01/2027 10:30;Det sjunde inseglet;Drama;Ingmar Bergman;1957;96;12;7.50
05/01/2027 10:30;Fantasia;Animation;James Algar;1940;125;0;6.50
04/01/2027 10:30;Pirates of the Caribbean: The Curse of the Black Pearl;Action;Gore Verbinski;2003;143;12;8.00
03/01/2027 18:00;Blow;Biography;Ted Demme;2001;124;16;9.50
03/01/2027 15:00;Nueve reinas;Crime;Fabián Bielinsky;2000;114;16;7.50
03/01/2027 12:30;High Noon;Drama;Fred Zinnemann;1952;85;6;8.00
03/01/2027 10:00;Adams æbler;Comedy;Anders Thomas Jensen;2005;94;16;7.00
02/01/2027 20:30;Tôkyô monogatari;Drama;Yasujirô Ozu;1953;136;0;9.50
02/01/2027 18:00;Eastern Promises;Action;David Cronenberg;2007;100;16;8.50
02/01/2027 14:00;Ba wang bie ji;Drama;Kaige Chen;1993;171;16;7.00
02/01/2027 10:30;Breaking the Waves;Drama;Lars von Trier;1996;159;16;8.00
01/01/2027 16:30;Adams æbler;Comedy;Anders Thomas Jensen;2005;94;16;7.50
01/01/2027 14:00;Nueve reinas;Crime;Fabián Bielinsky;2000;114;16;8.00
01/01/2027 10:30;Breaking the Waves;Drama;Lars von Trier;1996;159;16;7.00
31/12/2026 15:30;The Killing Fields;Biography;Roland Joffé;1984;141;12;8.50
31/12/2026 12:30;Pirates of the Caribbean: The Curse of the Black Pearl;Action;Gore Verbinski;2003;143;12;8.00
31/12/2026 10:00;"Aguirre; der Zorn Gottes";Action;Werner Herzog;1972;95;12;7.00
30/12/2026 17:00;Pulp Fiction;Crime;Quentin Tarantino;1994;154;12;7.50
30/12/2026 14:00;One Flew Over the Cuckoo's Nest;Drama;Milos Forman;1975;133;12;8.50
30/12/2026 10:30;Breaking the Waves;Drama;Lars von Trier;1996;159;16;8.50
29/12/2026 13:00;Stalker;Drama;Andrei Tarkovsky;1979;162;0;8.00
29/12/2026 10:30;Kung fu;Action;Stephen Chow;2004;99;12;6.50
28/12/2026 15:30;The Day of the Jackal;Crime;Fred Zinnemann;1973;143;12;8.50
28/12/2026 12:30;Pirates of the Caribbean: The Curse of the Black Pearl;Action;Gore Verbinski;2003;143;12;7.00
28/12/2026 10:00;Sanjuro;Action;Akira Kurosawa;1962;96;0;6.50
27/12/2026 16:00;Kung fu;Action;Stephen Chow;2004;99;12;8.00
27/12/2026 13:00;Pirates of the Caribbean: The Curse of the Black Pearl;Action;Gore Verbinski;2003;143;12;7.00
27/12/2026 10:30;His Girl Friday;Comedy;Howard Hawks;1940;92;12;7.00
26/12/2026 16:00;Bringing Up Baby;Comedy;Howard Hawks;1938;102;12;8.50
26/12/2026 13:00;Rear Window;Mystery;Alfred Hitchcock;1954;112;0;8.50
26/12/2026 10:30;Harold and Maude;Comedy;Hal Ashby;1971;91;6;7.00
25/12/2026 15:30;"Aguirre; der Zorn Gottes";Action;Werner Herzog;1972;95;12;7.00
25/12/2026 12:30;The Fifth Element;Action;Luc Besson;1997;126;12;6.50
25/12/2026 10:00;"Planes; Trains & Automobiles";Comedy;John Hughes;1987;93;0;8.00
24/12/2026 10:00;The Little Mermaid;Animation;Ron Clements;1989;83;0;7.50
23/12/2026 10:30;Toy Story;Animation;John Lasseter;1995;81;0;7.50
22/12/2026 10:30;The Princess Bride;Adventure;Rob Reiner;1987;98;0;6.50
21/12/2026 15:30;Brazil;Drama;Terry Gilliam;1985;132;0;8.00
21/12/2026 13:00;The Princess Bride;Adventure;Rob Reiner;1987;98;0;7.50
21/12/2026 10:00;The Untouchables;Crime;Brian De Palma;1987;119;12;8.50
20/12/2026 16:30;The Untouchables;Crime;Brian De Palma;1987;119;12;7.00
20/12/2026 14:00;Le charme discret de la bourgeoisie;Comedy;Luis Buñuel;1972;102;6;8.50
20/12/2026 10:00;Giant;Drama;George Stevens;1956;201;0;6.50
19/12/2026 17:30;Giant;Drama;George Stevens;1956;201;0;6.50
19/12/2026 15:00;The Little Mermaid;Animation;Ron Clements;1989;83;0;7.00
19/12/2026 10:30;Once Upon a Time in America;Crime;Sergio Leone;1984;229;12;7.00
18/12/2026 16:30;Toy Story;Animation;John Lasseter;1995;81;0;6.50
18/12/2026 13:30;Tôkyô monogatari;Drama;Yasujirô Ozu;1953;136;0;7.00
18/12/2026 10:00;The Day of the Jackal;Crime;Fred Zinnemann;1973;143;12;8.50
17/12/2026 16:30;This Is England;Crime;Shane Meadows;2006;101;12;6.50
17/12/2026 13:30;Rear Window;Mystery;Alfred Hitchcock;1954;112;0;8.00
17/12/2026 10:30;The Untouchables;Crime;Brian De Palma;1987;119;12;8.00
16/12/2026 12:30;Stand by Me;Adventure;Rob Reiner;1986;89;0;7.50
16/12/2026 10:00;Det sjunde inseglet;Drama;Ingmar Bergman;1957;96;12;8.00
15/12/2026 10:00;Toy Story;Animation;John Lasseter;1995;81;0;8.50
14/12/2026 14:00;Sanjuro;Action;Akira Kurosawa;1962;96;0;8.00
14/12/2026 10:30;The Lives of Others;Drama;Florian Henckel von Donnersmarck;2006;137;12;6.50
13/12/2026 21:30;This Is England;Crime;Shane Meadows;2006;101;12;9.00
13/12/2026 18:00;Pulp Fiction;Crime;Quentin Tarantino;1994;154;12;10.00
13/12/2026 15:00;The Killing Fields;Biography;Roland Joffé;1984;141;12;8.00
13/12/2026 10:30;Once Upon a Time in America;Crime;Sergio Leone;1984;229;12;7.00
12/12/2026 15:30;The Little Mermaid;Animation;Ron Clements;1989;83;0;6.50
12/12/2026 12:30;Donnie Darko;Drama;Richard Kelly;2001;113;16;6.50
12/12/2026 10:00;Psycho;Horror;Alfred Hitchcock;1960;109;12;8.00
11/12/2026 10:00;The Little Mermaid;Animation;Ron Clements;1989;83;0;7.00
10/12/2026 16:30;Blow;Biography;Ted Demme;2001;124;16;8.50
10/12/2026 13:30;Das Experiment;Drama;Oliver Hirschbiegel;2001;120;16;8.50
10/12/2026 10:00;Stalker;Drama;Andrei Tarkovsky;1979;162;0;7.00
09/12/2026 15:30;Harry Potter and the Sorcerer's Stone;Adventure;Chris Columbus;2001;152;0;7.00
09/12/2026 13:00;The Lost Weekend;Drama;Billy Wilder;1945;101;12;7.00
09/12/2026 10:30;Hannah and Her Sisters;Comedy;Woody Allen;1986;107;12;7.50
08/12/2026 15:30;Stalker;Drama;Andrei Tarkovsky;1979;162;0;8.00
08/12/2026 13:00;Das Experiment;Drama;Oliver Hirschbiegel;2001;120;16;7.50
08/12/2026 10:00;Psycho;Horror;Alfred Hitchcock;1960;109;12;7.50
07/12/2026 12:30;Bringing Up Baby;Comedy;Howard Hawks;1938;102;12;8.00
07/12/2026 10:00;Stand by Me;Adventure;Rob Reiner;1986;89;0;8.50
06/12/2026 16:30;Once Upon a Time in America;Crime;Sergio Leone;1984;229;12;7.00
06/12/2026 13:00;The Day of the Jackal;Crime;Fred Zinnemann;1973;143;12;6.50
06/12/2026 10:00;Salinui chueok;Crime;Bong Joon Ho;2003;131;12;8.00
05/12/2026 17:00;Donnie Darko;Drama;Richard Kelly;2001;113;16;6.50
05/12/2026 14:30;Le charme discret de la bourgeoisie;Comedy;Luis Buñuel;1972;102;6;7.00
05/12/2026 10:00;Once Upon a Time in America;Crime;Sergio Leone;1984;229;12;6.50
04/12/2026 10:00;Breaking the Waves;Drama;Lars von Trier;1996;159;16;8.00
03/12/2026 10:00;Smultronstället;Drama;Ingmar Bergman;1957;91;0;7.00
02/12/2026 15:30;Notorious;Drama;Alfred Hitchcock;1946;102;0;8.00
02/12/2026 12:30;The Exorcist;Horror;William Friedkin;1973;122;12;6.50
02/12/2026 10:00;"Aguirre; der Zorn Gottes";Action;Werner Herzog;1972;95;12;7.50
01/12/2026 12:30;Stand by Me;Adventure;Rob Reiner;1986;89;0;6.50
01/12/2026 10:00;Psycho;Horror;Alfred Hitchcock;1960;109;12;6.50
30/11/2026 12:30;Dawn of the Dead;Action;George A. Romero;1978;127;12;8.00
30/11/2026 10:00;"Planes; Trains & Automobiles";Comedy;John Hughes;1987;93;0;7.00
29/11/2026 15:30;The Lost Weekend;Drama;Billy Wilder;1945;101;12;6.50
29/11/2026 13:00;Le charme discret de la bourgeoisie;Comedy;Luis Buñuel;1972;102;6;7.50
29/11/2026 10:30;Office Space;Comedy;Mike Judge;1999;89;16;6.50
28/11/2026 19:00;The Exorcist;Horror;William Friedkin;1973;122;12;8.50
28/11/2026 16:30;Shrek;Animation;Andrew Adamson;2001;90;0;7.00
28/11/2026 14:00;Shrek;Animation;Andrew Adamson;2001;90;0;8.50
28/11/2026 10:30;Breaking the Waves;Drama;Lars von Trier;1996;159;16;8.50
27/11/2026 10:00;Le charme discret de la bourgeoisie;Comedy;Luis Buñuel;1972;102;6;7.00
26/11/2026 10:30;Dogville;Crime;Lars von Trier;2003;178;16;7.50
25/11/2026 12:30;The Little Mermaid;Animation;Ron Clements;1989;83;0;8.50
25/11/2026 10:00;Sanjuro;Action;Akira Kurosawa;1962;96;0;7.00
24/11/2026 10:00;The Day of the Jackal;Crime;Fred Zinnemann;1973;143;12;6.50
23/11/2026 10:30;The Kid;Comedy;Charles Chaplin;1921;68;12;7.00
22/11/2026 16:30;Salinui chueok;Crime;Bong Joon Ho;2003;131;12;8.50
22/11/2026 13:30;The Killing Fields;Biography;Roland Joffé;1984;141;12;8.00
22/11/2026 10:00;Harry Potter and the Sorcerer's Stone;Adventure;Chris Columbus;2001;152;0;8.50
21/11/2026 16:30;Rang De Basanti;Comedy;Rakeysh Omprakash Mehra;2006;167;12;7.00
21/11/2026 13:30;L.A. Confidential;Crime;Curtis Hanson;1997;138;12;8.00
21/11/2026 10:30;Dead Man;Adventure;Jim Jarmusch;1995;121;16;7.00
20/11/2026 15:30;Once Upon a Time in America;Crime;Sergio Leone;1984;229;12;8.00
20/11/2026 13:00;Hana-bi;Crime;Takeshi Kitano;1997;103;12;7.00
20/11/2026 10:30;Sanjuro;Action;Akira Kurosawa;1962;96;0;6.50
19/11/2026 10:00;Gilda;Drama;Charles Vidor;1946;110;12;7.50
18/11/2026 12:30;The 39 Steps;Crime;Alfred Hitchcock;1935;86;12;7.50
18/11/2026 10:00;Double Indemnity;Crime;Billy Wilder;1944;107;12;8.50
17/11/2026 16:00;L.A. Confidential;Crime;Curtis Hanson;1997;138;12;7.50
17/11/2026 13:30;Trois couleurs: Bleu;Drama;Krzysztof Kieslowski;1993;94;0;8.50
17/11/2026 10:30;Dancer in the Dark;Crime;Lars von Trier;2000;140;0;8.00
16/11/2026 16:00;Shrek;Animation;Andrew Adamson;2001;90;0;8.50
16/11/2026 12:30;Giù la testa;Drama;Sergio Leone;1971;157;6;8.00
16/11/2026 10:30;Stand by Me;Adventure;Rob Reiner;1986;89;0;7.50
15/11/2026 15:30;Hana-bi;Crime;Takeshi Kitano;1997;103;12;7.00
15/11/2026 13:00;Shrek;Animation;Andrew Adamson;2001;90;0;8.00
15/11/2026 10:00;Goodfellas;Biography;Martin Scorsese;1990;146;12;6.50
14/11/2026 17:00;Goodfellas;Biography;Martin Scorsese;1990;146;12;8.50
14/11/2026 13:00;Dogville;Crime;Lars von Trier;2003;178;16;7.50
14/11/2026 10:30;Majo no takkyûbin;Animation;Hayao Miyazaki;1989;103;0;6.50
13/11/2026 12:30;Majo no takkyûbin;Animation;Hayao Miyazaki;1989;103;0;7.00
13/11/2026 10:00;Smultronstället;Drama;Ingmar Bergman;1957;91;0;6.50
12/11/2026 10:00;Dà hóng denglong gaogao guà;Drama;Yimou Zhang;1991;125;6;7.50
11/11/2026 10:30;Toy Story 2;Animation;John Lasseter;1999;92;0;7.00
10/11/2026 12:30;Dà hóng denglong gaogao guà;Drama;Yimou Zhang;1991;125;6;7.50
10/11/2026 10:00;The Station Agent;Comedy;Tom McCarthy;2003;89;16;6.50
09/11/2026 10:30;Gilda;Drama;Charles Vidor;1946;110;12;8.50
08/11/2026 18:00;Per un pugno di dollari;Action;Sergio Leone;1964;99;12;9.50
08/11/2026 14:30;Giù la testa;Drama;Sergio Leone;1971;157;6;6.50
08/11/2026 12:30;The 39 Steps;Crime;Alfred Hitchcock;1935;86;12;8.50
08/11/2026 10:00;The 39 Steps;Crime;Alfred Hitchcock;1935;86;12;8.00
07/11/2026 19:00;The King of Comedy;Comedy;Martin Scorsese;1982;109;0;9.50
07/11/2026 16:00;V for Vendetta;Action;James McTeigue;2005;132;12;7.50
07/11/2026 13:00;Brazil;Drama;Terry Gilliam;1985;132;0;7.50
07/11/2026 10:00;Dà hóng denglong gaogao guà;Drama;Yimou Zhang;1991;125;6;7.50
06/11/2026 15:00;Dancer in the Dark;Crime;Lars von Trier;2000;140;0;8.00
06/11/2026 12:30;The 39 Steps;Crime;Alfred Hitchcock;1935;86;12;8.00
06/11/2026 10:30;The Kid;Comedy;Charles Chaplin;1921;68;12;7.00
05/11/2026 10:00;Annie Hall;Comedy;Woody Allen;1977;93;12;8.50
04/11/2026 10:00;Dead Man;Adventure;Jim Jarmusch;1995;121;16;8.50
03/11/2026 10:00;Laura;Drama;Otto Preminger;1944;88;12;7.00
02/11/2026 13:00;Notorious;Drama;Alfred Hitchcock;1946;102;0;6.50
02/11/2026 10:30;Shrek;Animation;Andrew Adamson;2001;90;0;8.50
01/11/2026 18:30;Brazil;Drama;Terry Gilliam;1985;132;0;9.00
01/11/2026 16:00;Majo no takkyûbin;Animation;Hayao Miyazaki;1989;103;0;8.00
01/11/2026 13:00;Dead Man;Adventure;Jim Jarmusch;1995;121;16;8.50
01/11/2026 10:30;Shrek;Animation;Andrew Adamson;2001;90;0;8.00
31/10/2026 18:00;All About Eve;Drama;Joseph L. Mankiewicz;1950;138;12;9.00
31/10/2026 15:30;Toy Story 2;Animation;John Lasseter;1999;92;0;8.50
31/10/2026 13:00;Hana-bi;Crime;Takeshi Kitano;1997;103;12;6.50
31/10/2026 10:30;The Day the Earth Stood Still;Drama;Robert Wise;1951;92;0;8.50
30/10/2026 10:30;V for Vendetta;Action;James McTeigue;2005;132;12;7.00
29/10/2026 10:30;The Station Agent;Comedy;Tom McCarthy;2003;89;16;7.50
28/10/2026 10:30;Gilda;Drama;Charles Vidor;1946;110;12;8.50
27/10/2026 16:00;Dancer in the Dark;Crime;Lars von Trier;2000;140;0;7.50
27/10/2026 13:30;Toy Story 2;Animation;John Lasseter;1999;92;0;8.50
27/10/2026 10:30;Dip huet seung hung;Action;John Woo;1989;111;16;8.50
26/10/2026 16:30;Giù la testa;Drama;Sergio Leone;1971;157;6;8.00
26/10/2026 13:30;Blow;Biography;Ted Demme;2001;124;16;8.00
26/10/2026 10:30;Brazil;Drama;Terry Gilliam;1985;132;0;8.50
25/10/2026 15:00;Dancer in the Dark;Crime;Lars von Trier;2000;140;0;7.50
25/10/2026 12:30;Per un pugno di dollari;Action;Sergio Leone;1964;99;12;6.50
25/10/2026 10:00;Bacheha-Ye aseman;Drama;Majid Majidi;1997;89;6;8.00
24/10/2026 18:00;Notorious;Drama;Alfred Hitchcock;1946;102;0;9.00
24/10/2026 15:00;Star Trek II: The Wrath of Khan;Action;Nicholas Meyer;1982;113;0;8.00
24/10/2026 12:30;Notorious;Drama;Alfred Hitchcock;1946;102;0;7.50
24/10/2026 10:00;Majo no takkyûbin;Animation;Hayao Miyazaki;1989;103;0;8.50
23/10/2026 10:00;La leggenda del pianista sull'oceano;Drama;Giuseppe Tornatore;1998;169;0;7.50
22/10/2026 13:00;The King of Comedy;Comedy;Martin Scorsese;1982;109;0;7.50
22/10/2026 10:30;To Be or Not to Be;Comedy;Ernst Lubitsch;1942;99;12;8.00
21/10/2026 10:00;The Day the Earth Stood Still;Drama;Robert Wise;1951;92;0;8.50
20/10/2026 10:00;The Station Agent;Comedy;Tom McCarthy;2003;89;16;8.00
19/10/2026 10:00;8½;Drama;Federico Fellini;1963;138;12;8.00
18/10/2026 15:00;Bacheha-Ye aseman;Drama;Majid Majidi;1997;89;6;8.50
18/10/2026 12:00;L.A. Confidential;Crime;Curtis Hanson;1997;138;12;8.00
18/10/2026 10:00;Lola rennt;Crime;Tom Tykwer;1998;81;12;7.50
17/10/2026 19:00;Brazil;Drama;Terry Gilliam;1985;132;0;8.50
17/10/2026 16:00;Dancer in the Dark;Crime;Lars von Trier;2000;140;0;7.50
17/10/2026 13:00;8½;Drama;Federico Fellini;1963;138;12;7.50
17/10/2026 10:00;The Sting;Comedy;George Roy Hill;1973;129;0;8.50
16/10/2026 12:30;Donnie Darko;Drama;Richard Kelly;2001;113;16;6.50
16/10/2026 10:00;Majo no takkyûbin;Animation;Hayao Miyazaki;1989;103;0;8.50
15/10/2026 10:00;Bacheha-Ye aseman;Drama;Majid Majidi;1997;89;6;7.50
14/10/2026 15:30;Secrets & Lies;Comedy;Mike Leigh;1996;136;0;7.50
14/10/2026 13:00;Hana-bi;Crime;Takeshi Kitano;1997;103;12;7.00
14/10/2026 10:00;Efter brylluppet;Drama;Susanne Bier;2006;120;16;8.00
13/10/2026 13:00;Before Sunrise;Drama;Richard Linklater;1995;101;16;7.00
13/10/2026 10:00;All About Eve;Drama;Joseph L. Mankiewicz;1950;138;12;7.50
12/10/2026 16:00;What's Eating Gilbert Grape;Drama;Lasse Hallström;1993;118;0;7.50
12/10/2026 13:00;Dancer in the Dark;Crime;Lars von Trier;2000;140;0;6.50
12/10/2026 10:30;"Aguirre; der Zorn Gottes";Action;Werner Herzog;1972;95;12;8.00
11/10/2026 18:30;Efter brylluppet;Drama;Susanne Bier;2006;120;16;8.50
11/10/2026 16:00;The Shop Around the Corner;Comedy;Ernst Lubitsch;1940;99;12;8.00
11/10/2026 13:30;To Be or Not to Be;Comedy;Ernst Lubitsch;1942;99;12;8.00
11/10/2026 10:00;Goodfellas;Biography;Martin Scorsese;1990;146;12;8.50
10/10/2026 18:00;The Station Agent;Comedy;Tom McCarthy;2003;89;16;9.00
10/10/2026 15:00;Goodfellas;Biography;Martin Scorsese;1990;146;12;8.00
10/10/2026 12:30;Bacheha-Ye aseman;Drama;Majid Majidi;1997;89;6;6.50
10/10/2026 10:00;Annie Hall;Comedy;Woody Allen;1977;93;12;8.50
09/10/2026 10:00;Brokeback Mountain;Drama;Ang Lee;2005;134;12;7.50
08/10/2026 12:30;The Sting;Comedy;George Roy Hill;1973;129;0;8.00
08/10/2026 10:00;"Aguirre; der Zorn Gottes";Action;Werner Herzog;1972;95;12;8.00
07/10/2026 15:30;Secrets & Lies;Comedy;Mike Leigh;1996;136;0;8.50
07/10/2026 13:00;"Aguirre; der Zorn Gottes";Action;Werner Herzog;1972;95;12;8.50
07/10/2026 10:00;Secrets & Lies;Comedy;Mike Leigh;1996;136;0;6.50
06/10/2026 14:30;Efter brylluppet;Drama;Susanne Bier;2006;120;16;7.00
06/10/2026 12:30;Lola rennt;Crime;Tom Tykwer;1998;81;12;7.00
06/10/2026 10:00;Kung fu;Action;Stephen Chow;2004;99;12;7.50
05/10/2026 10:30;Funny Games;Crime;Michael Haneke;1997;108;12;8.00
04/10/2026 16:00;Awakenings;Biography;Penny Marshall;1990;121;0;7.50
04/10/2026 13:00;Die Hard;Action;John McTiernan;1988;132;12;8.50
04/10/2026 10:30;To Be or Not to Be;Comedy;Ernst Lubitsch;1942;99;12;6.50
03/10/2026 18:00;The Sting;Comedy;George Roy Hill;1973;129;0;9.00
03/10/2026 15:00;Ed Wood;Biography;Tim Burton;1994;127;0;8.50
03/10/2026 12:30;"O Brother; Where Art Thou?";Adventure;Joel Coen;2000;107;0;8.50
03/10/2026 10:00;Kung fu;Action;Stephen Chow;2004;99;12;7.00
02/10/2026 12:30;Brokeback Mountain;Drama;Ang Lee;2005;134;12;7.50
02/10/2026 10:00;The Night of the Hunter;Crime;Charles Laughton;1955;92;12;8.50
01/10/2026 14:00;Die Hard: With a Vengeance;Action;John McTiernan;1995;128;12;7.50
01/10/2026 10:00;La leggenda del pianista sull'oceano;Drama;Giuseppe Tornatore;1998;169;0;8.00
30/09/2026 10:00;Annie Hall;Comedy;Woody Allen;1977;93;12;6.50
29/09/2026 15:30;Die Hard;Action;John McTiernan;1988;132;12;8.00
29/09/2026 13:00;"Aguirre; der Zorn Gottes";Action;Werner Herzog;1972;95;12;8.00
29/09/2026 10:00;Guess Who's Coming to Dinner;Comedy;Stanley Kramer;1967;108;12;7.00
28/09/2026 13:00;"O Brother; Where Art Thou?";Adventure;Joel Coen;2000;107;0;6.50
28/09/2026 10:30;"O Brother; Where Art Thou?";Adventure;Joel Coen;2000;107;0;8.50
27/09/2026 17:00;Once Were Warriors;Crime;Lee Tamahori;1994;102;12;8.00
27/09/2026 14:30;Laura;Drama;Otto Preminger;1944;88;12;7.00
27/09/2026 12:30;Lola rennt;Crime;Tom Tykwer;1998;81;12;8.00
27/09/2026 10:00;Brief Encounter;Drama;David Lean;1945;86;0;8.00
26/09/2026 18:00;Dead Man;Adventure;Jim Jarmusch;1995;121;16;10.00
26/09/2026 15:00;Witness for the Prosecution;Crime;Billy Wilder;1957;116;0;7.00
26/09/2026 12:30;To Be or Not to Be;Comedy;Ernst Lubitsch;1942;99;12;7.00
26/09/2026 10:00;The Night of the Hunter;Crime;Charles Laughton;1955;92;12;7.00
25/09/2026 15:30;Central do Brasil;Drama;Walter Salles;1998;110;16;8.00
25/09/2026 13:00;Brief Encounter;Drama;David Lean;1945;86;0;7.00
25/09/2026 10:30;Donnie Darko;Drama;Richard Kelly;2001;113;16;7.50
24/09/2026 13:00;Star Trek II: The Wrath of Khan;Action;Nicholas Meyer;1982;113;0;8.00
24/09/2026 10:30;Strangers on a Train;Crime;Alfred Hitchcock;1951;101;12;8.50
23/09/2026 13:00;Laura;Drama;Otto Preminger;1944;88;12;6.50
23/09/2026 10:00;V for Vendetta;Action;James McTeigue;2005;132;12;6.50
22/09/2026 10:30;Sholay;Action;Ramesh Sippy;1975;204;0;8.50
21/09/2026 12:30;Wo hu cang long;Action;Ang Lee;2000;120;12;7.00
21/09/2026 10:00;A Christmas Story;Comedy;Bob Clark;1983;93;0;7.50
20/09/2026 19:30;Funny Games;Crime;Michael Haneke;1997;108;12;10.00
20/09/2026 17:00;The Night of the Hunter;Crime;Charles Laughton;1955;92;12;8.50
20/09/2026 13:30;"Paris; Texas";Drama;Wim Wenders;1984;145;0;8.50
20/09/2026 10:30;Efter brylluppet;Drama;Susanne Bier;2006;120;16;7.00
19/09/2026 20:00;Ed Wood;Biography;Tim Burton;1994;127;0;8.50
19/09/2026 17:00;Anand;Drama;Hrishikesh Mukherjee;1971;122;0;7.50
19/09/2026 14:00;Wo hu cang long;Action;Ang Lee;2000;120;12;7.00
19/09/2026 10:30;Stalker;Drama;Andrei Tarkovsky;1979;162;0;6.50
18/09/2026 10:00;A Christmas Story;Comedy;Bob Clark;1983;93;0;6.50
17/09/2026 13:00;Mad Max 2;Action;George Miller;1981;96;12;7.00
17/09/2026 10:30;No Man's Land;Comedy;Danis Tanovic;2001;98;16;6.50
16/09/2026 16:00;Ed Wood;Biography;Tim Burton;1994;127;0;8.00
16/09/2026 12:30;Once Upon a Time in the West;Western;Sergio Leone;1968;165;0;7.50
16/09/2026 10:00;Mad Max 2;Action;George Miller;1981;96;12;7.50
15/09/2026 16:30;Yeopgijeogin geunyeo;Comedy;Jae-young Kwak;2001;137;12;7.50
15/09/2026 13:30;Kumonosu-jô;Drama;Akira Kurosawa;1957;110;12;8.00
15/09/2026 10:30;Witness for the Prosecution;Crime;Billy Wilder;1957;116;0;8.50
14/09/2026 16:00;Star Wars;Action;George Lucas;1977;121;12;7.50
14/09/2026 13:30;Roman Holiday;Comedy;William Wyler;1953;118;12;7.00
14/09/2026 10:30;Efter brylluppet;Drama;Susanne Bier;2006;120;16;7.00
13/09/2026 20:00;Star Trek II: The Wrath of Khan;Action;Nicholas Meyer;1982;113;0;9.00
13/09/2026 16:30;Once Upon a Time in the West;Western;Sergio Leone;1968;165;0;8.00
13/09/2026 13:30;Blood Diamond;Adventure;Edward Zwick;2006;143;12;7.50
13/09/2026 10:00;Blood Diamond;Adventure;Edward Zwick;2006;143;12;7.00
12/09/2026 15:30;Sleuth;Mystery;Joseph L. Mankiewicz;1972;138;6;8.50
12/09/2026 13:00;The Station Agent;Comedy;Tom McCarthy;2003;89;16;8.50
12/09/2026 10:30;Funny Games;Crime;Michael Haneke;1997;108;12;7.00
11/09/2026 16:00;The Exorcist;Horror;William Friedkin;1973;122;12;7.50
11/09/2026 13:30;"O Brother; Where Art Thou?";Adventure;Joel Coen;2000;107;0;7.00
11/09/2026 10:30;Star Trek II: The Wrath of Khan;Action;Nicholas Meyer;1982;113;0;8.50
10/09/2026 10:00;Once Upon a Time in the West;Western;Sergio Leone;1968;165;0;8.50
09/09/2026 13:00;"O Brother; Where Art Thou?";Adventure;Joel Coen;2000;107;0;7.00
09/09/2026 10:00;Lat sau san taam;Action;John Woo;1992;128;16;7.50
08/09/2026 16:30;Stalag 17;Comedy;Billy Wilder;1953;120;12;8.50
08/09/2026 13:00;Yeopgijeogin geunyeo;Comedy;Jae-young Kwak;2001;137;12;6.50
08/09/2026 10:30;Guess Who's Coming to Dinner;Comedy;Stanley Kramer;1967;108;12;6.50
07/09/2026 13:30;Funny Games;Crime;Michael Haneke;1997;108;12;6.50
07/09/2026 10:00;Once Upon a Time in the West;Western;Sergio Leone;1968;165;0;8.50
06/09/2026 15:00;Guess Who's Coming to Dinner;Comedy;Stanley Kramer;1967;108;12;7.00
06/09/2026 12:30;The Night of the Hunter;Crime;Charles Laughton;1955;92;12;6.50
06/09/2026 10:00;Rope;Crime;Alfred Hitchcock;1948;80;12;8.00
05/09/2026 17:00;La Grande Illusion;Drama;Jean Renoir;1937;113;12;8.50
05/09/2026 13:30;Once Upon a Time in the West;Western;Sergio Leone;1968;165;0;7.00
05/09/2026 10:00;Once Upon a Time in the West;Western;Sergio Leone;1968;165;0;7.50
04/09/2026 12:30;Efter brylluppet;Drama;Susanne Bier;2006;120;16;8.00
04/09/2026 10:00;Once Were Warriors;Crime;Lee Tamahori;1994;102;12;8.50
03/09/2026 10:30;What Ever Happened to Baby Jane?;Drama;Robert Aldrich;1962;134;12;8.00
02/09/2026 10:00;Once Were Warriors;Crime;Lee Tamahori;1994;102;12;6.50
01/09/2026 10:00;"Paris; Texas";Drama;Wim Wenders;1984;145;0;8.50
31/08/2026 12:00;Stalker;Drama;Andrei Tarkovsky;1979;162;0;7.50
31/08/2026 10:00;The Circus;Comedy;Charles Chaplin;1928;72;12;7.50
30/08/2026 15:00;V for Vendetta;Action;James McTeigue;2005;132;12;8.00
30/08/2026 12:30;The Truman Show;Comedy;Peter Weir;1998;103;0;7.50
30/08/2026 10:00;Funny Games;Crime;Michael Haneke;1997;108;12;6.50
29/08/2026 17:00;Kumonosu-jô;Drama;Akira Kurosawa;1957;110;12;8.00
29/08/2026 14:00;The Bourne Identity;Action;Doug Liman;2002;119;12;7.50
29/08/2026 10:00;The Right Stuff;Adventure;Philip Kaufman;1983;193;6;7.00
28/08/2026 10:30;The Color Purple;Drama;Steven Spielberg;1985;154;0;8.50
27/08/2026 15:30;Blood Diamond;Adventure;Edward Zwick;2006;143;12;6.50
27/08/2026 13:30;The General;Action;Clyde Bruckman;1926;67;12;6.50
27/08/2026 10:30;Lat sau san taam;Action;John Woo;1992;128;16;8.00
26/08/2026 10:30;The Notebook;Drama;Nick Cassavetes;2004;123;12;6.50
25/08/2026 15:30;Rope;Crime;Alfred Hitchcock;1948;80;12;7.00
25/08/2026 12:30;Stalag 17;Comedy;Billy Wilder;1953;120;12;7.00
25/08/2026 10:30;Zelig;Comedy;Woody Allen;1983;79;6;8.50
24/08/2026 10:00;Rope;Crime;Alfred Hitchcock;1948;80;12;8.50
23/08/2026 17:30;La Grande Illusion;Drama;Jean Renoir;1937;113;12;7.00
23/08/2026 15:00;The Station Agent;Comedy;Tom McCarthy;2003;89;16;6.50
23/08/2026 12:30;Central do Brasil;Drama;Walter Salles;1998;110;16;6.50
23/08/2026 10:30;The General;Action;Clyde Bruckman;1926;67;12;8.00
22/08/2026 19:00;Pride & Prejudice;Drama;Joe Wright;2005;129;6;9.00
22/08/2026 16:30;On the Waterfront;Crime;Elia Kazan;1954;108;12;7.50
22/08/2026 14:00;The Truman Show;Comedy;Peter Weir;1998;103;0;8.00
22/08/2026 10:30;The Color Purple;Drama;Steven Spielberg;1985;154;0;8.50
21/08/2026 17:00;Stalag 17;Comedy;Billy Wilder;1953;120;12;7.00
21/08/2026 14:30;Glengarry Glen Ross;Crime;James Foley;1992;100;16;7.00
21/08/2026 10:30;Judgment at Nuremberg;Drama;Stanley Kramer;1961;179;12;7.50
20/08/2026 10:00;The Color Purple;Drama;Steven Spielberg;1985;154;0;7.50
19/08/2026 12:30;Spoorloos;Mystery;George Sluizer;1988;107;12;7.00
19/08/2026 10:00;Harold and Maude;Comedy;Hal Ashby;1971;91;6;8.00
18/08/2026 13:30;The Game;Action;David Fincher;1997;129;12;6.50
18/08/2026 10:30;Sleuth;Mystery;Joseph L. Mankiewicz;1972;138;6;7.00
17/08/2026 15:00;Sleuth;Mystery;Joseph L. Mankiewicz;1972;138;6;6.50
17/08/2026 13:00;The Circus;Comedy;Charles Chaplin;1928;72;12;8.00
17/08/2026 10:00;The World's Fastest Indian;Biography;Roger Donaldson;2005;127;0;8.00
16/08/2026 20:00;The Game;Action;David Fincher;1997;129;12;9.00
16/08/2026 17:00;Roman Holiday;Comedy;William Wyler;1953;118;12;6.50
16/08/2026 13:30;Zwartboek;Drama;Paul Verhoeven;2006;145;16;8.50
16/08/2026 10:30;Blood Diamond;Adventure;Edward Zwick;2006;143;12;7.00
15/08/2026 15:30;Miracle on 34th Street;Comedy;George Seaton;1947;96;12;6.50
15/08/2026 13:00;Mad Max 2;Action;George Miller;1981;96;12;7.50
15/08/2026 10:30;Spoorloos;Mystery;George Sluizer;1988;107;12;7.50
14/08/2026 13:30;Kumonosu-jô;Drama;Akira Kurosawa;1957;110;12;8.00
14/08/2026 10:30;Awakenings;Biography;Penny Marshall;1990;121;0;8.00
13/08/2026 17:30;The Game;Action;David Fincher;1997;129;12;7.50
13/08/2026 13:30;Doctor Zhivago;Drama;David Lean;1965;197;12;8.50
13/08/2026 10:30;La battaglia di Algeri;Drama;Gillo Pontecorvo;1966;121;12;8.50
12/08/2026 17:00;Blood Diamond;Adventure;Edward Zwick;2006;143;12;7.00
12/08/2026 13:30;Zwartboek;Drama;Paul Verhoeven;2006;145;16;8.50
12/08/2026 10:30;Sleuth;Mystery;Joseph L. Mankiewicz;1972;138;6;7.00
11/08/2026 13:30;Star Wars;Action;George Lucas;1977;121;12;7.00
11/08/2026 10:00;The Wild Bunch;Action;Sam Peckinpah;1969;145;12;6.50
10/08/2026 10:30;Shadow of a Doubt;Film-Noir;Alfred Hitchcock;1943;108;6;7.50
09/08/2026 15:30;Being John Malkovich;Comedy;Spike Jonze;1999;113;16;8.50
09/08/2026 12:30;Roman Holiday;Comedy;William Wyler;1953;118;12;8.00
09/08/2026 10:30;Das Cabinet des Dr. Caligari;Fantasy;Robert Wiene;1920;76;12;8.00
08/08/2026 18:00;Being John Malkovich;Comedy;Spike Jonze;1999;113;16;8.50
08/08/2026 15:30;Being John Malkovich;Comedy;Spike Jonze;1999;113;16;7.50
08/08/2026 13:00;Glengarry Glen Ross;Crime;James Foley;1992;100;16;8.50
08/08/2026 10:00;Pride & Prejudice;Drama;Joe Wright;2005;129;6;6.50
07/08/2026 10:30;Badlands;Action;Terrence Malick;1973;94;6;8.50
06/08/2026 13:00;Delicatessen;Comedy;Marc Caro;1991;99;16;7.00
06/08/2026 10:30;On the Waterfront;Crime;Elia Kazan;1954;108;12;8.00
05/08/2026 15:00;Miracle on 34th Street;Comedy;George Seaton;1947;96;12;6.50
05/08/2026 12:30;À bout de souffle;Crime;Jean-Luc Godard;1960;90;0;7.50
05/08/2026 10:00;The Station Agent;Comedy;Tom McCarthy;2003;89;16;8.50
04/08/2026 10:30;Pride & Prejudice;Drama;Joe Wright;2005;129;6;8.50
03/08/2026 12:30;Roman Holiday;Comedy;William Wyler;1953;118;12;6.50
03/08/2026 10:00;Midnight Cowboy;Drama;John Schlesinger;1969;113;12;6.50
02/08/2026 16:00;No Man's Land;Comedy;Danis Tanovic;2001;98;16;6.50
02/08/2026 13:00;Awakenings;Biography;Penny Marshall;1990;121;0;7.50
02/08/2026 10:30;No Man's Land;Comedy;Danis Tanovic;2001;98;16;8.50
01/08/2026 17:00;Star Wars;Action;George Lucas;1977;121;12;6.50
01/08/2026 14:00;Awakenings;Biography;Penny Marshall;1990;121;0;7.00
01/08/2026 10:00;Doctor Zhivago;Drama;David Lean;1965;197;12;7.00
31/07/2026 10:00;Das Cabinet des Dr. Caligari;Fantasy;Robert Wiene;1920;76;12;8.00
30/07/2026 12:30;Miracle on 34th Street;Comedy;George Seaton;1947;96;12;7.50
30/07/2026 10:00;On the Waterfront;Crime;Elia Kazan;1954;108;12;8.50
29/07/2026 10:00;The Bridges of Madison County;Drama;Clint Eastwood;1995;135;12;7.50
28/07/2026 15:30;The World's Fastest Indian;Biography;Roger Donaldson;2005;127;0;6.50
28/07/2026 12:30;Being John Malkovich;Comedy;Spike Jonze;1999;113;16;7.50
28/07/2026 10:00;Das Cabinet des Dr. Caligari;Fantasy;Robert Wiene;1920;76;12;7.00
27/07/2026 10:30;The Wild Bunch;Action;Sam Peckinpah;1969;145;12;8.00
26/07/2026 19:00;Star Wars;Action;George Lucas;1977;121;12;8.50
26/07/2026 16:00;Awakenings;Biography;Penny Marshall;1990;121;0;6.50
26/07/2026 13:30;Badlands;Action;Terrence Malick;1973;94;6;8.00
26/07/2026 10:30;Pride & Prejudice;Drama;Joe Wright;2005;129;6;8.50
25/07/2026 15:30;Rebecca;Drama;Alfred Hitchcock;1940;130;12;8.50
25/07/2026 13:00;No Man's Land;Comedy;Danis Tanovic;2001;98;16;7.50
25/07/2026 10:00;Star Wars;Action;George Lucas;1977;121;12;7.50
24/07/2026 12:30;On the Waterfront;Crime;Elia Kazan;1954;108;12;6.50
24/07/2026 10:00;Manhattan;Comedy;Woody Allen;1979;96;16;7.00
23/07/2026 13:00;On the Waterfront;Crime;Elia Kazan;1954;108;12;6.50
23/07/2026 10:30;The Adventures of Robin Hood;Action;Michael Curtiz;1938;102;6;7.00
22/07/2026 13:30;Miracle on 34th Street;Comedy;George Seaton;1947;96;12;8.50
22/07/2026 10:30;The Bridges of Madison County;Drama;Clint Eastwood;1995;135;12;7.00
21/07/2026 13:30;Giant;Drama;George Stevens;1956;201;0;7.00
21/07/2026 10:30;The World's Fastest Indian;Biography;Roger Donaldson;2005;127;0;8.50
20/07/2026 14:00;Delicatessen;Comedy;Marc Caro;1991;99;16;8.50
20/07/2026 10:00;Doctor Zhivago;Drama;David Lean;1965;197;12;7.00
19/07/2026 15:30;The Circus;Comedy;Charles Chaplin;1928;72;12;6.50
19/07/2026 12:30;Unforgiven;Drama;Clint Eastwood;1992;130;12;6.50
19/07/2026 10:00;Tôkyô goddofâzâzu;Animation;Satoshi Kon;2003;90;12;8.00
18/07/2026 15:00;À bout de souffle;Crime;Jean-Luc Godard;1960;90;0;8.50
18/07/2026 12:30;Spoorloos;Mystery;George Sluizer;1988;107;12;7.50
18/07/2026 10:00;Tôkyô goddofâzâzu;Animation;Satoshi Kon;2003;90;12;7.00
17/07/2026 12:30;The World's Fastest Indian;Biography;Roger Donaldson;2005;127;0;8.50
17/07/2026 10:00;Badlands;Action;Terrence Malick;1973;94;6;8.00
16/07/2026 15:00;The World's Fastest Indian;Biography;Roger Donaldson;2005;127;0;8.50
16/07/2026 12:30;Funny Games;Crime;Michael Haneke;1997;108;12;7.00
16/07/2026 10:00;Spoorloos;Mystery;George Sluizer;1988;107;12;7.00
15/07/2026 16:30;Rebecca;Drama;Alfred Hitchcock;1940;130;12;7.00
15/07/2026 14:00;To Have and Have Not;Adventure;Howard Hawks;1944;100;6;7.50
15/07/2026 10:30;The Wild Bunch;Action;Sam Peckinpah;1969;145;12;7.50
14/07/2026 14:00;The World's Fastest Indian;Biography;Roger Donaldson;2005;127;0;7.00
14/07/2026 10:00;The Longest Day;Action;Ken Annakin;1962;178;0;8.00
13/07/2026 17:00;Heat;Crime;Michael Mann;1995;170;12;7.00
13/07/2026 12:30;Giant;Drama;George Stevens;1956;201;0;8.50
13/07/2026 10:00;The Graduate;Comedy;Mike Nichols;1967;106;12;6.50
12/07/2026 15:30;Manhattan;Comedy;Woody Allen;1979;96;16;8.00
12/07/2026 13:00;To Have and Have Not;Adventure;Howard Hawks;1944;100;6;7.00
12/07/2026 10:30;Trois couleurs: Blanc;Comedy;Krzysztof Kieslowski;1994;92;0;6.50
11/07/2026 16:30;Jungfrukällan;Drama;Ingmar Bergman;1960;89;12;7.50
11/07/2026 13:30;La battaglia di Algeri;Drama;Gillo Pontecorvo;1966;121;12;6.50
11/07/2026 10:30;La battaglia di Algeri;Drama;Gillo Pontecorvo;1966;121;12;7.00
10/07/2026 13:30;Cast Away;Adventure;Robert Zemeckis;2000;143;12;8.50
10/07/2026 10:30;The World's Fastest Indian;Biography;Roger Donaldson;2005;127;0;8.50
09/07/2026 16:00;Manhattan;Comedy;Woody Allen;1979;96;16;7.00
09/07/2026 13:30;Spoorloos;Mystery;George Sluizer;1988;107;12;7.00
09/07/2026 10:30;Kill Bill: Vol. 2;Action;Quentin Tarantino;2004;137;12;6.50
08/07/2026 10:30;Vizontele;Comedy;Yilmaz Erdogan;2001;110;12;6.50
07/07/2026 10:30;Funny Games;Crime;Michael Haneke;1997;108;12;8.00
06/07/2026 10:30;À bout de souffle;Crime;Jean-Luc Godard;1960;90;0;8.00
05/07/2026 16:00;Empire of the Sun;Action;Steven Spielberg;1987;153;0;8.00
05/07/2026 13:00;Fantasia;Animation;James Algar;1940;125;0;6.50
05/07/2026 10:00;La battaglia di Algeri;Drama;Gillo Pontecorvo;1966;121;12;7.00
04/07/2026 19:00;Spoorloos;Mystery;George Sluizer;1988;107;12;9.00
04/07/2026 16:00;Cast Away;Adventure;Robert Zemeckis;2000;143;12;7.50
04/07/2026 13:00;Apocalypto;Action;Mel Gibson;2006;139;12;7.00
04/07/2026 10:30;Spoorloos;Mystery;George Sluizer;1988;107;12;8.50
03/07/2026 10:30;The World's Fastest Indian;Biography;Roger Donaldson;2005;127;0;6.50
02/07/2026 10:00;Kal Ho Naa Ho;Comedy;Nikkhil Advani;2003;186;0;8.50
01/07/2026 10:00;À bout de souffle;Crime;Jean-Luc Godard;1960;90;0;7.50
30/06/2026 16:00;Jungfrukällan;Drama;Ingmar Bergman;1960;89;12;7.50
30/06/2026 13:00;Funny Games;Crime;Michael Haneke;1997;108;12;8.50
30/06/2026 10:00;Rebecca;Drama;Alfred Hitchcock;1940;130;12;7.00
29/06/2026 13:30;What's Eating Gilbert Grape;Drama;Lasse Hallström;1993;118;0;7.50
29/06/2026 10:30;Omohide poro poro;Animation;Isao Takahata;1991;118;0;8.50
28/06/2026 18:30;Apocalypto;Action;Mel Gibson;2006;139;12;9.50
28/06/2026 15:30;Fantasia;Animation;James Algar;1940;125;0;7.00
28/06/2026 13:00;In the Heat of the Night;Crime;Norman Jewison;1967;110;0;8.00
28/06/2026 10:30;Tôkyô goddofâzâzu;Animation;Satoshi Kon;2003;90;12;8.50
27/06/2026 16:00;To Have and Have Not;Adventure;Howard Hawks;1944;100;6;7.00
27/06/2026 13:30;To Have and Have Not;Adventure;Howard Hawks;1944;100;6;8.00
27/06/2026 10:30;Unforgiven;Drama;Clint Eastwood;1992;130;12;8.50
26/06/2026 14:00;Giant;Drama;George Stevens;1956;201;0;8.50
26/06/2026 10:30;Heat;Crime;Michael Mann;1995;170;12;8.00
25/06/2026 15:00;28 Days Later...;Drama;Danny Boyle;2002;113;12;8.00
25/06/2026 12:30;À bout de souffle;Crime;Jean-Luc Godard;1960;90;0;7.00
25/06/2026 10:00;Laura;Drama;Otto Preminger;1944;88;12;8.50
24/06/2026 15:00;Vizontele;Comedy;Yilmaz Erdogan;2001;110;12;8.00
24/06/2026 12:30;Trois couleurs: Blanc;Comedy;Krzysztof Kieslowski;1994;92;0;6.50
24/06/2026 10:00;The Graduate;Comedy;Mike Nichols;1967;106;12;7.00
23/06/2026 13:30;Unforgiven;Drama;Clint Eastwood;1992;130;12;8.50
23/06/2026 10:30;Anand;Drama;Hrishikesh Mukherjee;1971;122;0;8.00
22/06/2026 16:30;Laura;Drama;Otto Preminger;1944;88;12;8.00
22/06/2026 13:30;The Silence of the Lambs;Crime;Jonathan Demme;1991;118;12;6.50
22/06/2026 10:30;What's Eating Gilbert Grape;Drama;Lasse Hallström;1993;118;0;8.50
21/06/2026 17:30;Empire of the Sun;Action;Steven Spielberg;1987;153;0;6.50
21/06/2026 14:30;Rebecca;Drama;Alfred Hitchcock;1940;130;12;8.00
21/06/2026 12:00;Before Sunrise;Drama;Richard Linklater;1995;101;16;7.00
21/06/2026 10:00;Laura;Drama;Otto Preminger;1944;88;12;7.50
20/06/2026 15:30;Sling Blade;Drama;Billy Bob Thornton;1996;135;16;8.00
20/06/2026 13:00;Trois couleurs: Blanc;Comedy;Krzysztof Kieslowski;1994;92;0;8.00
20/06/2026 10:30;Tôkyô goddofâzâzu;Animation;Satoshi Kon;2003;90;12;7.00
19/06/2026 12:30;What's Eating Gilbert Grape;Drama;Lasse Hallström;1993;118;0;7.00
19/06/2026 10:00;Trois couleurs: Blanc;Comedy;Krzysztof Kieslowski;1994;92;0;8.00
18/06/2026 16:30;Jurassic Park;Action;Steven Spielberg;1993;127;12;8.00
18/06/2026 14:00;Strangers on a Train;Crime;Alfred Hitchcock;1951;101;12;6.50
18/06/2026 10:30;The Longest Day;Action;Ken Annakin;1962;178;0;7.50
17/06/2026 10:30;Anand;Drama;Hrishikesh Mukherjee;1971;122;0;7.00
16/06/2026 10:30;Trois couleurs: Blanc;Comedy;Krzysztof Kieslowski;1994;92;0;7.00
15/06/2026 10:30;Laura;Drama;Otto Preminger;1944;88;12;7.50
14/06/2026 21:00;Kal Ho Naa Ho;Comedy;Nikkhil Advani;2003;186;0;8.50
14/06/2026 17:00;The Longest Day;Action;Ken Annakin;1962;178;0;8.50
14/06/2026 14:30;The Graduate;Comedy;Mike Nichols;1967;106;12;8.50
14/06/2026 10:30;Kal Ho Naa Ho;Comedy;Nikkhil Advani;2003;186;0;7.50
13/06/2026 19:30;The Longest Day;Action;Ken Annakin;1962;178;0;8.50
13/06/2026 16:00;Metropolis;Drama;Fritz Lang;1927;153;12;8.00
13/06/2026 13:30;The Graduate;Comedy;Mike Nichols;1967;106;12;7.50
13/06/2026 10:30;Jurassic Park;Action;Steven Spielberg;1993;127;12;8.00
12/06/2026 13:00;Empire of the Sun;Action;Steven Spielberg;1987;153;0;8.50
12/06/2026 10:00;Rebecca;Drama;Alfred Hitchcock;1940;130;12;7.00
11/06/2026 16:00;Jurassic Park;Action;Steven Spielberg;1993;127;12;7.50
11/06/2026 13:00;Anand;Drama;Hrishikesh Mukherjee;1971;122;0;7.50
11/06/2026 10:00;Anand;Drama;Hrishikesh Mukherjee;1971;122;0;7.50
10/06/2026 12:30;Omohide poro poro;Animation;Isao Takahata;1991;118;0;7.00
10/06/2026 10:00;28 Days Later...;Drama;Danny Boyle;2002;113;12;8.00
09/06/2026 16:30;Before Sunrise;Drama;Richard Linklater;1995;101;16;7.50
09/06/2026 13:00;Terminator 2: Judgment Day;Action;James Cameron;1991;137;0;6.50
09/06/2026 10:00;28 Days Later...;Drama;Danny Boyle;2002;113;12;6.50
08/06/2026 16:00;The Longest Day;Action;Ken Annakin;1962;178;0;8.50
08/06/2026 13:30;Spoorloos;Mystery;George Sluizer;1988;107;12;7.50
08/06/2026 10:00;Empire of the Sun;Action;Steven Spielberg;1987;153;0;8.50
07/06/2026 16:30;The Graduate;Comedy;Mike Nichols;1967;106;12;8.50
07/06/2026 13:30;Terminator 2: Judgment Day;Action;James Cameron;1991;137;0;7.00
07/06/2026 10:00;Metropolis;Drama;Fritz Lang;1927;153;12;8.00
06/06/2026 16:00;The Muppet Christmas Carol;Comedy;Brian Henson;1992;85;0;8.50
06/06/2026 13:30;Trois couleurs: Blanc;Comedy;Krzysztof Kieslowski;1994;92;0;7.50
06/06/2026 10:30;Omohide poro poro;Animation;Isao Takahata;1991;118;0;8.00
05/06/2026 13:00;Metropolis;Drama;Fritz Lang;1927;153;12;7.00
05/06/2026 10:30;Strangers on a Train;Crime;Alfred Hitchcock;1951;101;12;7.50
04/06/2026 16:00;Before Sunrise;Drama;Richard Linklater;1995;101;16;7.00
04/06/2026 13:00;Omohide poro poro;Animation;Isao Takahata;1991;118;0;6.50
04/06/2026 10:30;Spoorloos;Mystery;George Sluizer;1988;107;12;6.50
03/06/2026 14:30;Funny Games;Crime;Michael Haneke;1997;108;12;8.00
03/06/2026 10:30;Kal Ho Naa Ho;Comedy;Nikkhil Advani;2003;186;0;6.50
02/06/2026 17:30;The Graduate;Comedy;Mike Nichols;1967;106;12;8.50
02/06/2026 14:30;What's Eating Gilbert Grape;Drama;Lasse Hallström;1993;118;0;8.50
02/06/2026 10:00;Giant;Drama;George Stevens;1956;201;0;7.00
01/06/2026 17:00;Trois couleurs: Blanc;Comedy;Krzysztof Kieslowski;1994;92;0;8.50
01/06/2026 14:00;The Incredibles;Animation;Brad Bird;2004;115;0;8.00
01/06/2026 10:30;Apocalypto;Action;Mel Gibson;2006;139;12;8.00
31/05/2026 15:30;Funny Games;Crime;Michael Haneke;1997;108;12;7.50
31/05/2026 13:00;Spoorloos;Mystery;George Sluizer;1988;107;12;8.50
31/05/2026 10:00;Jurassic Park;Action;Steven Spielberg;1993;127;12;7.50
30/05/2026 15:00;Mimi wo sumaseba;Animation;Yoshifumi Kondô;1995;111;0;6.50
30/05/2026 12:30;Funny Games;Crime;Michael Haneke;1997;108;12;8.00
30/05/2026 10:00;What's Eating Gilbert Grape;Drama;Lasse Hallström;1993;118;0;8.50
29/05/2026 12:30;Apocalypto;Action;Mel Gibson;2006;139;12;7.00
29/05/2026 10:00;The Lost Weekend;Drama;Billy Wilder;1945;101;12;8.50
28/05/2026 16:00;Star Wars;Action;George Lucas;1977;121;12;7.50
28/05/2026 13:00;Jurassic Park;Action;Steven Spielberg;1993;127;12;7.00
28/05/2026 10:00;28 Days Later...;Drama;Danny Boyle;2002;113;12;8.00
27/05/2026 13:30;The Muppet Christmas Carol;Comedy;Brian Henson;1992;85;0;8.50
27/05/2026 10:30;The Silence of the Lambs;Crime;Jonathan Demme;1991;118;12;8.50
26/05/2026 16:30;The Treasure of the Sierra Madre;Adventure;John Huston;1948;126;12;8.00
26/05/2026 14:00;Mimi wo sumaseba;Animation;Yoshifumi Kondô;1995;111;0;7.00
26/05/2026 10:00;Kal Ho Naa Ho;Comedy;Nikkhil Advani;2003;186;0;8.50
25/05/2026 13:00;The Muppet Christmas Carol;Comedy;Brian Henson;1992;85;0;7.00
25/05/2026 10:30;Tôkyô goddofâzâzu;Animation;Satoshi Kon;2003;90;12;7.50
24/05/2026 19:00;The Last King of Scotland;Biography;Kevin Macdonald;2006;123;16;9.50
24/05/2026 16:00;Anand;Drama;Hrishikesh Mukherjee;1971;122;0;8.00
24/05/2026 13:00;What's Eating Gilbert Grape;Drama;Lasse Hallström;1993;118;0;6.50
24/05/2026 10:30;À bout de souffle;Crime;Jean-Luc Godard;1960;90;0;6.50
23/05/2026 16:00;Trois couleurs: Bleu;Drama;Krzysztof Kieslowski;1993;94;0;8.50
23/05/2026 13:00;Apocalypto;Action;Mel Gibson;2006;139;12;6.50
23/05/2026 10:30;Strangers on a Train;Crime;Alfred Hitchcock;1951;101;12;8.00
22/05/2026 10:30;Before Sunrise;Drama;Richard Linklater;1995;101;16;7.00
21/05/2026 10:30;Kal Ho Naa Ho;Comedy;Nikkhil Advani;2003;186;0;8.50
20/05/2026 16:00;The Graduate;Comedy;Mike Nichols;1967;106;12;8.00
20/05/2026 13:30;The Iron Giant;Animation;Brad Bird;1999;86;6;6.50
20/05/2026 10:30;Star Wars;Action;George Lucas;1977;121;12;7.50
19/05/2026 13:30;Terminator 2: Judgment Day;Action;James Cameron;1991;137;0;8.50
19/05/2026 10:30;Mimi wo sumaseba;Animation;Yoshifumi Kondô;1995;111;0;7.00
18/05/2026 16:00;The Terminator;Action;James Cameron;1984;107;12;7.50
18/05/2026 13:00;Charade;Comedy;Stanley Donen;1963;113;0;8.50
18/05/2026 10:00;Omohide poro poro;Animation;Isao Takahata;1991;118;0;7.50
17/05/2026 18:00;The Blues Brothers;Action;John Landis;1980;133;0;8.50
17/05/2026 16:00;The Muppet Christmas Carol;Comedy;Brian Henson;1992;85;0;8.50
17/05/2026 13:00;The Blues Brothers;Action;John Landis;1980;133;0;7.00
17/05/2026 10:00;Anand;Drama;Hrishikesh Mukherjee;1971;122;0;8.00
16/05/2026 18:30;The Last King of Scotland;Biography;Kevin Macdonald;2006;123;16;8.50
16/05/2026 16:00;Blood Simple;Crime;Joel Coen;1984;99;12;7.50
16/05/2026 13:30;Trois couleurs: Rouge;Drama;Krzysztof Kieslowski;1994;99;0;8.50
16/05/2026 10:30;A Bronx Tale;Crime;Robert De Niro;1993;121;16;7.00
15/05/2026 10:30;Aliens;Action;James Cameron;1986;137;0;7.50
14/05/2026 15:30;Before Sunrise;Drama;Richard Linklater;1995;101;16;8.50
14/05/2026 13:00;Fa yeung nin wah;Drama;Kar-Wai Wong;2000;98;0;8.00
14/05/2026 10:30;À bout de souffle;Crime;Jean-Luc Godard;1960;90;0;7.00
13/05/2026 16:00;The Last King of Scotland;Biography;Kevin Macdonald;2006;123;16;6.50
13/05/2026 13:30;Ghostbusters;Action;Ivan Reitman;1984;105;12;8.50
13/05/2026 10:30;Taegukgi hwinalrimyeo;Action;Je-kyu Kang;2004;140;16;6.50
12/05/2026 15:30;The Lost Weekend;Drama;Billy Wilder;1945;101;12;7.50
12/05/2026 13:00;Boyz n the Hood;Crime;John Singleton;1991;112;12;7.00
12/05/2026 10:30;The Graduate;Comedy;Mike Nichols;1967;106;12;7.50
11/05/2026 13:30;Before Sunrise;Drama;Richard Linklater;1995;101;16;7.00
11/05/2026 10:30;Anand;Drama;Hrishikesh Mukherjee;1971;122;0;8.50
10/05/2026 18:00;Sen to Chihiro no kamikakushi;Animation;Hayao Miyazaki;2001;125;0;9.00
10/05/2026 15:00;Terminator 2: Judgment Day;Action;James Cameron;1991;137;0;8.00
10/05/2026 12:30;The Graduate;Comedy;Mike Nichols;1967;106;12;7.00
10/05/2026 10:00;Blood Simple;Crime;Joel Coen;1984;99;12;7.00
09/05/2026 19:00;300;Action;Zack Snyder;2006;117;12;10.00
09/05/2026 16:00;Inside Man;Crime;Spike Lee;2006;129;16;7.00
09/05/2026 13:30;Trois couleurs: Rouge;Drama;Krzysztof Kieslowski;1994;99;0;8.50
09/05/2026 10:30;Omohide poro poro;Animation;Isao Takahata;1991;118;0;8.00
08/05/2026 10:00;Before Sunrise;Drama;Richard Linklater;1995;101;16;7.50
07/05/2026 15:30;Sen to Chihiro no kamikakushi;Animation;Hayao Miyazaki;2001;125;0;7.50
07/05/2026 13:00;Rashômon;Crime;Akira Kurosawa;1950;88;12;7.00
07/05/2026 10:00;Boyz n the Hood;Crime;John Singleton;1991;112;12;7.00
06/05/2026 15:00;À bout de souffle;Crime;Jean-Luc Godard;1960;90;0;8.50
06/05/2026 12:30;300;Action;Zack Snyder;2006;117;12;7.50
06/05/2026 10:00;Annie Hall;Comedy;Woody Allen;1977;93;12;6.50
05/05/2026 13:30;Cinderella Man;Biography;Ron Howard;2005;144;12;7.00
05/05/2026 10:30;Omohide poro poro;Animation;Isao Takahata;1991;118;0;7.50
04/05/2026 12:30;The Incredibles;Animation;Brad Bird;2004;115;0;6.50
04/05/2026 10:00;Ivanovo detstvo;Drama;Andrei Tarkovsky;1962;95;12;6.50
03/05/2026 18:00;Before Sunrise;Drama;Richard Linklater;1995;101;16;9.50
03/05/2026 15:00;The Treasure of the Sierra Madre;Adventure;John Huston;1948;126;12;6.50
03/05/2026 12:30;Charade;Comedy;Stanley Donen;1963;113;0;7.00
03/05/2026 10:00;À bout de souffle;Crime;Jean-Luc Godard;1960;90;0;7.00
02/05/2026 16:00;Kurenai no buta;Animation;Hayao Miyazaki;1992;94;0;8.00
02/05/2026 13:00;Pan's Labyrinth;Drama;Guillermo del Toro;2006;118;12;8.00
02/05/2026 10:30;The Iron Giant;Animation;Brad Bird;1999;86;6;8.00
01/05/2026 10:30;On Golden Pond;Drama;Mark Rydell;1981;109;12;7.00
30/04/2026 15:30;Cinderella Man;Biography;Ron Howard;2005;144;12;6.50
30/04/2026 12:30;The Treasure of the Sierra Madre;Adventure;John Huston;1948;126;12;8.50
30/04/2026 10:00;The Maltese Falcon;Film-Noir;John Huston;1941;100;12;6.50
29/04/2026 10:30;The African Queen;Adventure;John Huston;1951;105;6;6.50
28/04/2026 15:00;The Blues Brothers;Action;John Landis;1980;133;0;6.50
28/04/2026 12:30;The Incredibles;Animation;Brad Bird;2004;115;0;6.50
28/04/2026 10:00;Kurenai no buta;Animation;Hayao Miyazaki;1992;94;0;7.50
27/04/2026 10:30;Cinderella Man;Biography;Ron Howard;2005;144;12;7.00
26/04/2026 19:00;Trois couleurs: Rouge;Drama;Krzysztof Kieslowski;1994;99;0;8.50
26/04/2026 16:00;Letters from Iwo Jima;Action;Clint Eastwood;2006;141;12;8.50
26/04/2026 13:30;Blood Simple;Crime;Joel Coen;1984;99;12;8.00
26/04/2026 10:30;Taegukgi hwinalrimyeo;Action;Je-kyu Kang;2004;140;16;6.50
25/04/2026 18:30;The Treasure of the Sierra Madre;Adventure;John Huston;1948;126;12;9.50
25/04/2026 15:30;Inherit the Wind;Biography;Stanley Kramer;1960;128;12;7.50
25/04/2026 12:30;Letters from Iwo Jima;Action;Clint Eastwood;2006;141;12;7.50
25/04/2026 10:00;Lethal Weapon;Action;Richard Donner;1987;109;12;8.50
24/04/2026 16:00;Kurenai no buta;Animation;Hayao Miyazaki;1992;94;0;7.00
24/04/2026 13:00;Death Note: Desu nôto;Crime;Shûsuke Kaneko;2006;126;12;7.50
24/04/2026 10:00;Sabrina;Comedy;Billy Wilder;1954;113;12;8.00
23/04/2026 10:30;The Treasure of the Sierra Madre;Adventure;John Huston;1948;126;12;6.50
22/04/2026 12:30;The African Queen;Adventure;John Huston;1951;105;6;7.00
22/04/2026 10:00;Hotaru no haka;Animation;Isao Takahata;1988;89;0;8.00
21/04/2026 14:30;The Incredibles;Animation;Brad Bird;2004;115;0;8.00
21/04/2026 10:30;The Godfather;Crime;Francis Ford Coppola;1972;175;12;6.50
20/04/2026 10:00;The Blues Brothers;Action;John Landis;1980;133;0;7.00
19/04/2026 17:30;Aliens;Action;James Cameron;1986;137;0;7.00
19/04/2026 15:00;Tôkyô goddofâzâzu;Animation;Satoshi Kon;2003;90;12;7.00
19/04/2026 12:30;Kurenai no buta;Animation;Hayao Miyazaki;1992;94;0;8.00
19/04/2026 10:00;The Maltese Falcon;Film-Noir;John Huston;1941;100;12;7.00
18/04/2026 18:30;The Godfather;Crime;Francis Ford Coppola;1972;175;12;8.50
18/04/2026 16:00;À bout de souffle;Crime;Jean-Luc Godard;1960;90;0;8.00
18/04/2026 13:00;Sabrina;Comedy;Billy Wilder;1954;113;12;6.50
18/04/2026 10:00;Sen to Chihiro no kamikakushi;Animation;Hayao Miyazaki;2001;125;0;6.50
17/04/2026 16:30;On Golden Pond;Drama;Mark Rydell;1981;109;12;6.50
17/04/2026 13:00;The Godfather;Crime;Francis Ford Coppola;1972;175;12;7.00
17/04/2026 10:30;Ivanovo detstvo;Drama;Andrei Tarkovsky;1962;95;12;8.00
16/04/2026 15:30;Taegukgi hwinalrimyeo;Action;Je-kyu Kang;2004;140;16;7.50
16/04/2026 13:00;The African Queen;Adventure;John Huston;1951;105;6;8.00
16/04/2026 10:30;Fa yeung nin wah;Drama;Kar-Wai Wong;2000;98;0;8.00
15/04/2026 16:30;Lethal Weapon;Action;Richard Donner;1987;109;12;6.50
15/04/2026 14:00;Hotaru no haka;Animation;Isao Takahata;1988;89;0;7.00
15/04/2026 10:30;Taegukgi hwinalrimyeo;Action;Je-kyu Kang;2004;140;16;8.50
14/04/2026 13:30;Ivanovo detstvo;Drama;Andrei Tarkovsky;1962;95;12;7.00
14/04/2026 10:30;Sabrina;Comedy;Billy Wilder;1954;113;12;8.00
13/04/2026 10:30;The African Queen;Adventure;John Huston;1951;105;6;7.50
12/04/2026 17:30;Inherit the Wind;Biography;Stanley Kramer;1960;128;12;6.50
12/04/2026 15:00;Ivanovo detstvo;Drama;Andrei Tarkovsky;1962;95;12;8.00
12/04/2026 12:30;To Have and Have Not;Adventure;Howard Hawks;1944;100;6;7.50
12/04/2026 10:00;The Conversation;Drama;Francis Ford Coppola;1974;113;0;7.50
11/04/2026 17:00;Sabrina;Comedy;Billy Wilder;1954;113;12;6.50
11/04/2026 13:00;The Lord of the Rings: The Return of the King;Action;Peter Jackson;2003;201;0;7.50
11/04/2026 10:30;À bout de souffle;Crime;Jean-Luc Godard;1960;90;0;8.00
10/04/2026 15:00;The Conversation;Drama;Francis Ford Coppola;1974;113;0;8.00
10/04/2026 12:30;Airplane!;Comedy;Jim Abrahams;1980;88;0;8.50
10/04/2026 10:00;The Conversation;Drama;Francis Ford Coppola;1974;113;0;6.50
09/04/2026 13:00;On Golden Pond;Drama;Mark Rydell;1981;109;12;7.00
09/04/2026 10:30;The Odd Couple;Comedy;Gene Saks;1968;105;0;6.50
08/04/2026 15:30;Airplane!;Comedy;Jim Abrahams;1980;88;0;6.50
08/04/2026 12:30;Death Note: Desu nôto;Crime;Shûsuke Kaneko;2006;126;12;8.00
08/04/2026 10:00;Hiroshima mon amour;Drama;Alain Resnais;1959;90;12;8.50
07/04/2026 15:00;Taegukgi hwinalrimyeo;Action;Je-kyu Kang;2004;140;16;8.00
07/04/2026 12:30;Annie Hall;Comedy;Woody Allen;1977;93;12;7.50
07/04/2026 10:00;Hiroshima mon amour;Drama;Alain Resnais;1959;90;12;8.00
06/04/2026 15:30;Ivanovo detstvo;Drama;Andrei Tarkovsky;1962;95;12;7.50
06/04/2026 12:30;Taegukgi hwinalrimyeo;Action;Je-kyu Kang;2004;140;16;8.50
06/04/2026 10:00;Ivanovo detstvo;Drama;Andrei Tarkovsky;1962;95;12;7.50
05/04/2026 16:00;Mononoke-hime;Animation;Hayao Miyazaki;1997;134;0;8.50
05/04/2026 13:00;Aliens;Action;James Cameron;1986;137;0;7.50
05/04/2026 10:00;Sen to Chihiro no kamikakushi;Animation;Hayao Miyazaki;2001;125;0;8.50
04/04/2026 16:30;Aliens;Action;James Cameron;1986;137;0;7.50
04/04/2026 13:30;The Big Lebowski;Comedy;Joel Coen;1998;117;16;8.00
04/04/2026 10:30;Inherit the Wind;Biography;Stanley Kramer;1960;128;12;7.50
03/04/2026 10:00;Inside Man;Crime;Spike Lee;2006;129;16;8.00
02/04/2026 10:30;The Big Lebowski;Comedy;Joel Coen;1998;117;16;8.00
01/04/2026 15:30;Wait Until Dark;Thriller;Terence Young;1967;108;12;8.00
01/04/2026 12:30;Tôkyô monogatari;Drama;Yasujirô Ozu;1953;136;0;7.00
01/04/2026 10:00;Manhattan;Comedy;Woody Allen;1979;96;16;8.00
31/03/2026 10:00;Vertigo;Mystery;Alfred Hitchcock;1958;128;12;8.00
30/03/2026 12:30;Sholay;Action;Ramesh Sippy;1975;204;0;6.50
30/03/2026 10:00;Back to the Future Part II;Adventure;Robert Zemeckis;1989;108;0;7.00
29/03/2026 15:30;Billy Elliot;Drama;Stephen Daldry;2000;110;16;8.00
29/03/2026 13:00;Ivanovo detstvo;Drama;Andrei Tarkovsky;1962;95;12;7.50
29/03/2026 10:00;Death Note: Desu nôto;Crime;Shûsuke Kaneko;2006;126;12;8.00
28/03/2026 17:30;Letters from Iwo Jima;Action;Clint Eastwood;2006;141;12;8.50
28/03/2026 15:00;Airplane!;Comedy;Jim Abrahams;1980;88;0;7.50
28/03/2026 13:00;The General;Action;Clyde Bruckman;1926;67;12;8.00
28/03/2026 10:30;The Wizard of Oz;Adventure;Victor Fleming;1939;102;0;7.50
27/03/2026 13:30;Star Wars: Episode VI - Return of the Jedi;Action;Richard Marquand;1983;131;0;8.50
27/03/2026 10:00;Taegukgi hwinalrimyeo;Action;Je-kyu Kang;2004;140;16;8.00
26/03/2026 16:00;Pan's Labyrinth;Drama;Guillermo del Toro;2006;118;12;7.50
26/03/2026 13:30;Back to the Future Part II;Adventure;Robert Zemeckis;1989;108;0;6.50
26/03/2026 10:30;The Bridges of Madison County;Drama;Clint Eastwood;1995;135;12;7.00
25/03/2026 15:30;Letters from Iwo Jima;Action;Clint Eastwood;2006;141;12;8.50
25/03/2026 12:30;Pan's Labyrinth;Drama;Guillermo del Toro;2006;118;12;6.50
25/03/2026 10:00;Nosferatu;Fantasy;F.W. Murnau;1922;94;12;7.50
24/03/2026 10:30;Pride & Prejudice;Drama;Joe Wright;2005;129;6;7.50
23/03/2026 10:00;The Odd Couple;Comedy;Gene Saks;1968;105;0;7.50
22/03/2026 15:30;The Lord of the Rings: The Return of the King;Action;Peter Jackson;2003;201;0;7.50
22/03/2026 12:00;La leggenda del pianista sull'oceano;Drama;Giuseppe Tornatore;1998;169;0;7.00
22/03/2026 10:30;Sherlock Jr.;Action;Buster Keaton;1924;45;12;7.00
21/03/2026 15:30;Badlands;Action;Terrence Malick;1973;94;6;7.50
21/03/2026 13:00;Ivanovo detstvo;Drama;Andrei Tarkovsky;1962;95;12;8.00
21/03/2026 10:00;The Conversation;Drama;Francis Ford Coppola;1974;113;0;7.50
20/03/2026 10:30;The Bridges of Madison County;Drama;Clint Eastwood;1995;135;12;6.50
19/03/2026 17:00;To Have and Have Not;Adventure;Howard Hawks;1944;100;6;7.50
19/03/2026 14:00;Sen to Chihiro no kamikakushi;Animation;Hayao Miyazaki;2001;125;0;7.00
19/03/2026 10:30;Stalker;Drama;Andrei Tarkovsky;1979;162;0;8.50
18/03/2026 17:00;The Day the Earth Stood Still;Drama;Robert Wise;1951;92;0;8.50
18/03/2026 14:00;Star Wars: Episode VI - Return of the Jedi;Action;Richard Marquand;1983;131;0;7.00
18/03/2026 10:30;Stalker;Drama;Andrei Tarkovsky;1979;162;0;7.00
17/03/2026 10:00;Road to Perdition;Crime;Sam Mendes;2002;117;12;8.50
16/03/2026 10:00;The Kid;Comedy;Charles Chaplin;1921;68;12;6.50
15/03/2026 16:00;Stalker;Drama;Andrei Tarkovsky;1979;162;0;8.00
15/03/2026 13:30;Ivanovo detstvo;Drama;Andrei Tarkovsky;1962;95;12;7.00
15/03/2026 10:00;Tôkyô monogatari;Drama;Yasujirô Ozu;1953;136;0;8.00
14/03/2026 19:30;Do the Right Thing;Comedy;Spike Lee;1989;120;16;10.00
14/03/2026 17:00;Wait Until Dark;Thriller;Terence Young;1967;108;12;8.00
14/03/2026 13:00;The Lord of the Rings: The Return of the King;Action;Peter Jackson;2003;201;0;8.50
14/03/2026 10:30;Badlands;Action;Terrence Malick;1973;94;6;6.50
13/03/2026 10:30;The General;Action;Clyde Bruckman;1926;67;12;6.50
12/03/2026 10:30;La leggenda del pianista sull'oceano;Drama;Giuseppe Tornatore;1998;169;0;6.50
11/03/2026 13:00;Manhattan;Comedy;Woody Allen;1979;96;16;7.50
11/03/2026 10:00;Citizen Kane;Drama;Orson Welles;1941;119;12;8.00
10/03/2026 14:30;Mononoke-hime;Animation;Hayao Miyazaki;1997;134;0;7.50
10/03/2026 12:30;The Kid;Comedy;Charles Chaplin;1921;68;12;8.00
10/03/2026 10:00;Citizen Kane;Drama;Orson Welles;1941;119;12;6.50
09/03/2026 10:30;Sholay;Action;Ramesh Sippy;1975;204;0;6.50
08/03/2026 17:00;"Monsters; Inc.";Animation;Pete Docter;2001;92;0;6.50
08/03/2026 14:00;Star Wars: Episode VI - Return of the Jedi;Action;Richard Marquand;1983;131;0;8.50
08/03/2026 10:00;The Lord of the Rings: The Return of the King;Action;Peter Jackson;2003;201;0;8.50
07/03/2026 14:30;Road to Perdition;Crime;Sam Mendes;2002;117;12;6.50
07/03/2026 12:00;Badlands;Action;Terrence Malick;1973;94;6;8.00
07/03/2026 10:00;The Kid;Comedy;Charles Chaplin;1921;68;12;8.50
06/03/2026 15:00;Nuovo Cinema Paradiso;Drama;Giuseppe Tornatore;1988;155;0;7.50
06/03/2026 12:00;Do the Right Thing;Comedy;Spike Lee;1989;120;16;6.50
06/03/2026 10:00;La planète sauvage;Animation;René Laloux;1973;72;0;8.00
05/03/2026 18:00;Citizen Kane;Drama;Orson Welles;1941;119;12;9.00
05/03/2026 14:00;Sholay;Action;Ramesh Sippy;1975;204;0;7.00
05/03/2026 10:30;Nuovo Cinema Paradiso;Drama;Giuseppe Tornatore;1988;155;0;7.00
04/03/2026 13:30;Au revoir les enfants;Drama;Louis Malle;1987;104;0;7.50
04/03/2026 10:00;Fitzcarraldo;Adventure;Werner Herzog;1982;158;16;6.50
03/03/2026 12:30;Fitzcarraldo;Adventure;Werner Herzog;1982;158;16;8.00
03/03/2026 10:00;Back to the Future Part II;Adventure;Robert Zemeckis;1989;108;0;7.00
02/03/2026 10:30;Nuovo Cinema Paradiso;Drama;Giuseppe Tornatore;1988;155;0;8.00
01/03/2026 16:30;Nosferatu;Fantasy;F.W. Murnau;1922;94;12;7.00
01/03/2026 12:30;Sholay;Action;Ramesh Sippy;1975;204;0;8.00
01/03/2026 10:00;Au revoir les enfants;Drama;Louis Malle;1987;104;0;7.00
28/02/2026 19:00;Badlands;Action;Terrence Malick;1973;94;6;9.50
28/02/2026 16:30;Edward Scissorhands;Drama;Tim Burton;1990;105;0;6.50
28/02/2026 13:30;The Blues Brothers;Action;John Landis;1980;133;0;7.00
28/02/2026 10:30;Road to Perdition;Crime;Sam Mendes;2002;117;12;6.50
27/02/2026 10:30;The Blues Brothers;Action;John Landis;1980;133;0;7.50
26/02/2026 12:30;Sholay;Action;Ramesh Sippy;1975;204;0;8.00
26/02/2026 10:30;The General;Action;Clyde Bruckman;1926;67;12;6.50
25/02/2026 10:30;Stalker;Drama;Andrei Tarkovsky;1979;162;0;7.50
24/02/2026 13:30;Do the Right Thing;Comedy;Spike Lee;1989;120;16;7.50
24/02/2026 10:00;Stalker;Drama;Andrei Tarkovsky;1979;162;0;8.00
23/02/2026 12:30;Viskningar och rop;Drama;Ingmar Bergman;1972;91;12;6.50
23/02/2026 10:00;Viskningar och rop;Drama;Ingmar Bergman;1972;91;12;8.00
22/02/2026 17:30;Forrest Gump;Drama;Robert Zemeckis;1994;142;12;7.00
22/02/2026 15:30;The 39 Steps;Crime;Alfred Hitchcock;1935;86;12;8.50
22/02/2026 13:00;Au revoir les enfants;Drama;Louis Malle;1987;104;0;7.00
22/02/2026 10:00;Minority Report;Action;Steven Spielberg;2002;145;12;8.50
21/02/2026 14:00;Badlands;Action;Terrence Malick;1973;94;6;7.50
21/02/2026 11:30;High Noon;Drama;Fred Zinnemann;1952;85;6;7.00
21/02/2026 10:00;Sherlock Jr.;Action;Buster Keaton;1924;45;12;6.50
20/02/2026 16:00;La planète sauvage;Animation;René Laloux;1973;72;0;7.50
20/02/2026 13:30;Gongdong gyeongbi guyeok JSA;Action;Chan-wook Park;2000;110;12;6.50
20/02/2026 10:00;Stalker;Drama;Andrei Tarkovsky;1979;162;0;6.50
19/02/2026 10:30;The Last Picture Show;Drama;Peter Bogdanovich;1971;118;16;7.00
18/02/2026 15:00;Sherlock Jr.;Action;Buster Keaton;1924;45;12;8.00
18/02/2026 12:30;Dirty Harry;Action;Don Siegel;1971;102;12;7.00
18/02/2026 10:00;Au revoir les enfants;Drama;Louis Malle;1987;104;0;8.00
17/02/2026 10:30;Stalker;Drama;Andrei Tarkovsky;1979;162;0;7.00
16/02/2026 10:00;Barton Fink;Comedy;Joel Coen;1991;116;0;8.50
15/02/2026 15:30;The Blues Brothers;Action;John Landis;1980;133;0;7.50
15/02/2026 13:00;Withnail & I;Comedy;Bruce Robinson;1987;107;16;7.00
15/02/2026 10:30;No Man's Land;Comedy;Danis Tanovic;2001;98;16;8.00
14/02/2026 14:30;Citizen Kane;Drama;Orson Welles;1941;119;12;7.50
14/02/2026 13:00;Sherlock Jr.;Action;Buster Keaton;1924;45;12;8.00
14/02/2026 10:30;Viskningar och rop;Drama;Ingmar Bergman;1972;91;12;8.50
13/02/2026 14:00;The Color Purple;Drama;Steven Spielberg;1985;154;0;7.50
13/02/2026 10:00;Barry Lyndon;Adventure;Stanley Kubrick;1975;185;6;7.00
12/02/2026 10:00;Back to the Future Part II;Adventure;Robert Zemeckis;1989;108;0;6.50
11/02/2026 13:30;The Usual Suspects;Crime;Bryan Singer;1995;106;12;8.00
11/02/2026 10:30;Barton Fink;Comedy;Joel Coen;1991;116;0;7.50
10/02/2026 16:30;No Man's Land;Comedy;Danis Tanovic;2001;98;16;8.00
10/02/2026 13:00;Nuovo Cinema Paradiso;Drama;Giuseppe Tornatore;1988;155;0;8.00
10/02/2026 10:30;Children of Men;Adventure;Alfonso Cuarón;2006;109;12;6.50
09/02/2026 12:30;Viskningar och rop;Drama;Ingmar Bergman;1972;91;12;8.00
09/02/2026 10:00;Gongdong gyeongbi guyeok JSA;Action;Chan-wook Park;2000;110;12;8.50
08/02/2026 18:30;Mississippi Burning;Crime;Alan Parker;1988;128;12;9.00
08/02/2026 15:00;Amadeus;Biography;Milos Forman;1984;160;16;7.00
08/02/2026 12:30;Billy Elliot;Drama;Stephen Daldry;2000;110;16;8.50
08/02/2026 10:00;Edward Scissorhands;Drama;Tim Burton;1990;105;0;7.50
07/02/2026 15:00;Blade Runner;Action;Ridley Scott;1982;117;12;7.00
07/02/2026 12:30;The Usual Suspects;Crime;Bryan Singer;1995;106;12;8.50
07/02/2026 10:00;Zerkalo;Biography;Andrei Tarkovsky;1975;107;0;6.50
06/02/2026 13:00;Minority Report;Action;Steven Spielberg;2002;145;12;7.00
06/02/2026 10:30;Les yeux sans visage;Drama;Georges Franju;1960;90;12;8.50
05/02/2026 10:00;Billy Elliot;Drama;Stephen Daldry;2000;110;16;6.50
04/02/2026 10:30;Dirty Harry;Action;Don Siegel;1971;102;12;8.00
03/02/2026 15:30;Gongdong gyeongbi guyeok JSA;Action;Chan-wook Park;2000;110;12;6.50
03/02/2026 12:30;The Remains of the Day;Drama;James Ivory;1993;134;0;7.50
03/02/2026 10:00;Withnail & I;Comedy;Bruce Robinson;1987;107;16;7.50
02/02/2026 15:30;Les yeux sans visage;Drama;Georges Franju;1960;90;12;8.00
02/02/2026 13:00;Children of Men;Adventure;Alfonso Cuarón;2006;109;12;6.50
02/02/2026 10:30;The 39 Steps;Crime;Alfred Hitchcock;1935;86;12;6.50
01/02/2026 16:00;Blade Runner;Action;Ridley Scott;1982;117;12;8.00
01/02/2026 13:30;Les yeux sans visage;Drama;Georges Franju;1960;90;12;7.50
01/02/2026 10:00;Forrest Gump;Drama;Robert Zemeckis;1994;142;12;8.50
31/01/2026 15:00;Brokeback Mountain;Drama;Ang Lee;2005;134;12;8.00
31/01/2026 12:30;No Man's Land;Comedy;Danis Tanovic;2001;98;16;8.50
31/01/2026 10:00;Wait Until Dark;Thriller;Terence Young;1967;108;12;7.50
30/01/2026 10:30;Midnight Express;Biography;Alan Parker;1978;121;12;7.50
29/01/2026 15:00;Withnail & I;Comedy;Bruce Robinson;1987;107;16;7.00
29/01/2026 12:30;Viskningar och rop;Drama;Ingmar Bergman;1972;91;12;7.50
29/01/2026 10:00;Dirty Harry;Action;Don Siegel;1971;102;12;7.00
28/01/2026 13:00;The Usual Suspects;Crime;Bryan Singer;1995;106;12;8.00
28/01/2026 10:30;Au revoir les enfants;Drama;Louis Malle;1987;104;0;8.50
27/01/2026 13:00;Blade Runner;Action;Ridley Scott;1982;117;12;8.50
27/01/2026 10:30;Au revoir les enfants;Drama;Louis Malle;1987;104;0;7.50
26/01/2026 15:30;To Have and Have Not;Adventure;Howard Hawks;1944;100;6;6.50
26/01/2026 12:30;Wait Until Dark;Thriller;Terence Young;1967;108;12;7.50
26/01/2026 10:00;No Man's Land;Comedy;Danis Tanovic;2001;98;16;7.50
25/01/2026 16:30;The 39 Steps;Crime;Alfred Hitchcock;1935;86;12;7.50
25/01/2026 13:00;Forrest Gump;Drama;Robert Zemeckis;1994;142;12;7.00
25/01/2026 10:30;Fargo;Crime;Joel Coen;1996;98;12;8.00
24/01/2026 17:00;Ray;Biography;Taylor Hackford;2004;152;12;7.00
24/01/2026 13:30;Taegukgi hwinalrimyeo;Action;Je-kyu Kang;2004;140;16;7.50
24/01/2026 10:30;Gongdong gyeongbi guyeok JSA;Action;Chan-wook Park;2000;110;12;8.00
23/01/2026 10:30;Predator;Action;John McTiernan;1987;107;12;8.50
22/01/2026 10:30;Barry Lyndon;Adventure;Stanley Kubrick;1975;185;6;6.50
21/01/2026 10:00;Fargo;Crime;Joel Coen;1996;98;12;8.00
20/01/2026 13:30;Dirty Harry;Action;Don Siegel;1971;102;12;8.00
20/01/2026 10:30;Mississippi Burning;Crime;Alan Parker;1988;128;12;6.50
19/01/2026 16:00;The Third Man;Film-Noir;Carol Reed;1949;104;12;7.50
19/01/2026 13:00;Forrest Gump;Drama;Robert Zemeckis;1994;142;12;7.50
19/01/2026 10:30;Withnail & I;Comedy;Bruce Robinson;1987;107;16;7.00
18/01/2026 19:30;The Remains of the Day;Drama;James Ivory;1993;134;0;9.00
18/01/2026 16:00;Amadeus;Biography;Milos Forman;1984;160;16;8.00
18/01/2026 13:30;High Noon;Drama;Fred Zinnemann;1952;85;6;6.50
18/01/2026 10:30;The Remains of the Day;Drama;James Ivory;1993;134;0;8.50
17/01/2026 20:00;Taegukgi hwinalrimyeo;Action;Je-kyu Kang;2004;140;16;10.00
17/01/2026 17:00;To Kill a Mockingbird;Crime;Robert Mulligan;1962;129;0;8.00
17/01/2026 13:30;The Last Samurai;Action;Edward Zwick;2003;154;12;8.50
17/01/2026 10:30;Forrest Gump;Drama;Robert Zemeckis;1994;142;12;8.50
16/01/2026 13:00;Withnail & I;Comedy;Bruce Robinson;1987;107;16;8.00
16/01/2026 10:30;Zerkalo;Biography;Andrei Tarkovsky;1975;107;0;7.00
15/01/2026 16:00;Office Space;Comedy;Mike Judge;1999;89;16;8.50
15/01/2026 13:30;No Man's Land;Comedy;Danis Tanovic;2001;98;16;7.50
15/01/2026 10:00;Ray;Biography;Taylor Hackford;2004;152;12;8.00
14/01/2026 10:30;Midnight Express;Biography;Alan Parker;1978;121;12;8.50
13/01/2026 10:30;Dirty Harry;Action;Don Siegel;1971;102;12;6.50
12/01/2026 12:30;When Harry Met Sally...;Comedy;Rob Reiner;1989;95;12;8.50
12/01/2026 10:00;Predator;Action;John McTiernan;1987;107;12;8.50
11/01/2026 18:30;Taegukgi hwinalrimyeo;Action;Je-kyu Kang;2004;140;16;9.00
11/01/2026 16:00;Fargo;Crime;Joel Coen;1996;98;12;8.50
11/01/2026 13:30;Dirty Harry;Action;Don Siegel;1971;102;12;8.00
11/01/2026 10:00;Ray;Biography;Taylor Hackford;2004;152;12;8.50
10/01/2026 18:30;Dirty Harry;Action;Don Siegel;1971;102;12;9.50
10/01/2026 16:00;High Noon;Drama;Fred Zinnemann;1952;85;6;7.50
10/01/2026 12:30;Papillon;Biography;Franklin J. Schaffner;1973;151;16;7.50
10/01/2026 10:00;Office Space;Comedy;Mike Judge;1999;89;16;7.50
09/01/2026 10:00;Kôkaku Kidôtai;Animation;Mamoru Oshii;1995;83;12;7.00
08/01/2026 16:00;Harvey;Comedy;Henry Koster;1950;104;12;8.50
08/01/2026 13:30;Double Indemnity;Crime;Billy Wilder;1944;107;12;7.50
08/01/2026 10:00;Taegukgi hwinalrimyeo;Action;Je-kyu Kang;2004;140;16;7.50
07/01/2026 10:00;Taegukgi hwinalrimyeo;Action;Je-kyu Kang;2004;140;16;7.50
06/01/2026 13:30;Hannah and Her Sisters;Comedy;Woody Allen;1986;107;12;6.50
06/01/2026 10:30;Hannah and Her Sisters;Comedy;Woody Allen;1986;107;12;6.50
05/01/2026 16:30;The Last Samurai;Action;Edward Zwick;2003;154;12;6.50
05/01/2026 13:00;Papillon;Biography;Franklin J. Schaffner;1973;151;16;7.00
05/01/2026 10:30;Office Space;Comedy;Mike Judge;1999;89;16;7.00
04/01/2026 19:00;Fargo;Crime;Joel Coen;1996;98;12;9.00
04/01/2026 16:00;The Remains of the Day;Drama;James Ivory;1993;134;0;8.00
04/01/2026 13:00;L.A. Confidential;Crime;Curtis Hanson;1997;138;12;7.50
04/01/2026 10:30;Chung Hing sam lam;Comedy;Kar-Wai Wong;1994;102;0;8.50
03/01/2026 19:00;Mississippi Burning;Crime;Alan Parker;1988;128;12;10.00
03/01/2026 16:30;Predator;Action;John McTiernan;1987;107;12;7.50
03/01/2026 13:00;The Last Samurai;Action;Edward Zwick;2003;154;12;7.50
03/01/2026 10:30;Fargo;Crime;Joel Coen;1996;98;12;7.00
02/01/2026 10:00;The Third Man;Film-Noir;Carol Reed;1949;104;12;6.50
01/01/2026 17:00;Love and Death;Comedy;Woody Allen;1975;85;6;8.00
01/01/2026 14:00;Midnight Express;Biography;Alan Parker;1978;121;12;8.50
01/01/2026 10:30;The Departed;Crime;Martin Scorsese;2006;151;12;8.00
31/12/2025 10:30;The Wild Bunch;Action;Sam Peckinpah;1969;145;12;6.50
30/12/2025 10:00;Office Space;Comedy;Mike Judge;1999;89;16;7.50
29/12/2025 12:30;Papillon;Biography;Franklin J. Schaffner;1973;151;16;8.00
29/12/2025 10:00;Chung Hing sam lam;Comedy;Kar-Wai Wong;1994;102;0;7.50
28/12/2025 16:30;La planète sauvage;Animation;René Laloux;1973;72;0;8.50
28/12/2025 14:00;Yôjinbô;Action;Akira Kurosawa;1961;110;12;8.00
28/12/2025 10:30;The Great Escape;Adventure;John Sturges;1963;172;0;8.50
27/12/2025 15:30;American Psycho;Comedy;Mary Harron;2000;101;12;7.00
27/12/2025 13:00;When Harry Met Sally...;Comedy;Rob Reiner;1989;95;12;8.50
27/12/2025 10:30;High Noon;Drama;Fred Zinnemann;1952;85;6;8.00
26/12/2025 10:30;My Left Foot: The Story of Christy Brown;Biography;Jim Sheridan;1989;103;0;8.50
25/12/2025 16:00;L.A. Confidential;Crime;Curtis Hanson;1997;138;12;7.00
25/12/2025 13:00;Minority Report;Action;Steven Spielberg;2002;145;12;8.50
25/12/2025 10:30;Predator;Action;John McTiernan;1987;107;12;6.50
24/12/2025 12:30;American Psycho;Comedy;Mary Harron;2000;101;12;7.50
24/12/2025 10:00;When Harry Met Sally...;Comedy;Rob Reiner;1989;95;12;7.00
23/12/2025 16:30;Office Space;Comedy;Mike Judge;1999;89;16;6.50
23/12/2025 13:30;The Fugitive;Action;Andrew Davis;1993;130;0;7.00
23/12/2025 10:00;Papillon;Biography;Franklin J. Schaffner;1973;151;16;7.00
22/12/2025 16:00;The Wild Bunch;Action;Sam Peckinpah;1969;145;12;8.00
22/12/2025 13:30;When Harry Met Sally...;Comedy;Rob Reiner;1989;95;12;6.50
22/12/2025 10:30;Midnight Express;Biography;Alan Parker;1978;121;12;7.50
21/12/2025 15:00;Yôjinbô;Action;Akira Kurosawa;1961;110;12;8.50
21/12/2025 12:30;Pink Floyd: The Wall;Drama;Alan Parker;1982;95;12;8.00
21/12/2025 10:00;Trois couleurs: Bleu;Drama;Krzysztof Kieslowski;1993;94;0;8.50
20/12/2025 15:30;Midnight Express;Biography;Alan Parker;1978;121;12;7.50
20/12/2025 12:30;All That Jazz;Drama;Bob Fosse;1979;123;12;7.50
20/12/2025 10:00;Kumonosu-jô;Drama;Akira Kurosawa;1957;110;12;7.50
19/12/2025 15:30;Predator;Action;John McTiernan;1987;107;12;8.50
19/12/2025 13:00;Love and Death;Comedy;Woody Allen;1975;85;6;8.00
19/12/2025 10:30;Fa yeung nin wah;Drama;Kar-Wai Wong;2000;98;0;8.00
18/12/2025 15:30;La montaña sagrada;Adventure;Alejandro Jodorowsky;1973;114;16;8.00
18/12/2025 12:30;All That Jazz;Drama;Bob Fosse;1979;123;12;8.00
18/12/2025 10:00;Bom Yeoareum Gaeul Gyeoul Geurigo Bom;Drama;Ki-duk Kim;2003;103;16;8.00
17/12/2025 16:30;Yôjinbô;Action;Akira Kurosawa;1961;110;12;8.50
17/12/2025 13:30;All That Jazz;Drama;Bob Fosse;1979;123;12;8.00
17/12/2025 10:30;Predator;Action;John McTiernan;1987;107;12;8.50
16/12/2025 13:00;High Noon;Drama;Fred Zinnemann;1952;85;6;7.00
16/12/2025 10:30;28 Days Later...;Drama;Danny Boyle;2002;113;12;8.00
15/12/2025 13:00;Papillon;Biography;Franklin J. Schaffner;1973;151;16;8.50
15/12/2025 10:00;The Fugitive;Action;Andrew Davis;1993;130;0;6.50
14/12/2025 15:30;Kumonosu-jô;Drama;Akira Kurosawa;1957;110;12;7.00
14/12/2025 13:00;Rupan sansei: Kariosutoro no shiro;Animation;Hayao Miyazaki;1979;100;0;8.00
14/12/2025 10:30;Dip huet seung hung;Action;John Woo;1989;111;16;6.50
13/12/2025 16:30;Bom Yeoareum Gaeul Gyeoul Geurigo Bom;Drama;Ki-duk Kim;2003;103;16;7.50
13/12/2025 14:00;Fa yeung nin wah;Drama;Kar-Wai Wong;2000;98;0;6.50
13/12/2025 10:00;The Great Escape;Adventure;John Sturges;1963;172;0;8.00
12/12/2025 10:00;La battaglia di Algeri;Drama;Gillo Pontecorvo;1966;121;12;8.00
11/12/2025 10:30;Scarface;Crime;Brian De Palma;1983;170;12;8.00
10/12/2025 12:30;The Wild Bunch;Action;Sam Peckinpah;1969;145;12;7.50
10/12/2025 10:00;Trois couleurs: Bleu;Drama;Krzysztof Kieslowski;1993;94;0;7.50
09/12/2025 10:30;Once Were Warriors;Crime;Lee Tamahori;1994;102;12;7.50
08/12/2025 16:00;The Great Escape;Adventure;John Sturges;1963;172;0;7.50
08/12/2025 13:30;La montaña sagrada;Adventure;Alejandro Jodorowsky;1973;114;16;7.50
08/12/2025 10:00;The Great Escape;Adventure;John Sturges;1963;172;0;6.50
07/12/2025 15:30;Once Were Warriors;Crime;Lee Tamahori;1994;102;12;7.00
07/12/2025 13:00;Trois couleurs: Bleu;Drama;Krzysztof Kieslowski;1993;94;0;8.50
07/12/2025 10:00;La montaña sagrada;Adventure;Alejandro Jodorowsky;1973;114;16;8.00
06/12/2025 15:30;Dilwale Dulhania Le Jayenge;Drama;Aditya Chopra;1995;189;0;6.50
06/12/2025 13:00;Bom Yeoareum Gaeul Gyeoul Geurigo Bom;Drama;Ki-duk Kim;2003;103;16;6.50
06/12/2025 10:30;Once Were Warriors;Crime;Lee Tamahori;1994;102;12;8.00
05/12/2025 18:00;Dilwale Dulhania Le Jayenge;Drama;Aditya Chopra;1995;189;0;9.50
05/12/2025 15:30;Kumonosu-jô;Drama;Akira Kurosawa;1957;110;12;7.50
05/12/2025 10:30;Gone with the Wind;Drama;Victor Fleming;1939;238;0;7.00
04/12/2025 18:00;Minority Report;Action;Steven Spielberg;2002;145;12;9.50
04/12/2025 13:00;Gone with the Wind;Drama;Victor Fleming;1939;238;0;6.50
04/12/2025 10:30;Once Were Warriors;Crime;Lee Tamahori;1994;102;12;8.00
03/12/2025 15:30;Minority Report;Action;Steven Spielberg;2002;145;12;6.50
03/12/2025 12:30;The Fugitive;Action;Andrew Davis;1993;130;0;7.50
03/12/2025 10:00;My Left Foot: The Story of Christy Brown;Biography;Jim Sheridan;1989;103;0;7.00
02/12/2025 16:00;Dilwale Dulhania Le Jayenge;Drama;Aditya Chopra;1995;189;0;6.50
02/12/2025 12:30;Papillon;Biography;Franklin J. Schaffner;1973;151;16;8.00
02/12/2025 10:00;When Harry Met Sally...;Comedy;Rob Reiner;1989;95;12;6.50
01/12/2025 10:00;The Wild Bunch;Action;Sam Peckinpah;1969;145;12;7.50
30/11/2025 21:00;"Lock; Stock and Two Smoking Barrels";Action;Guy Ritchie;1998;107;12;10.00
30/11/2025 16:30;Malcolm X;Biography;Spike Lee;1992;202;0;6.50
30/11/2025 13:30;La battaglia di Algeri;Drama;Gillo Pontecorvo;1966;121;12;7.50
30/11/2025 10:00;Stalker;Drama;Andrei Tarkovsky;1979;162;0;8.50
29/11/2025 19:00;La planète sauvage;Animation;René Laloux;1973;72;0;10.00
29/11/2025 15:30;Scarface;Crime;Brian De Palma;1983;170;12;8.00
29/11/2025 13:00;Bom Yeoareum Gaeul Gyeoul Geurigo Bom;Drama;Ki-duk Kim;2003;103;16;7.50
29/11/2025 10:00;"Lock; Stock and Two Smoking Barrels";Action;Guy Ritchie;1998;107;12;7.50
28/11/2025 10:00;East of Eden;Drama;Elia Kazan;1955;118;0;8.50
27/11/2025 17:00;My Left Foot: The Story of Christy Brown;Biography;Jim Sheridan;1989;103;0;8.50
27/11/2025 14:30;American Psycho;Comedy;Mary Harron;2000;101;12;7.00
27/11/2025 10:30;Malcolm X;Biography;Spike Lee;1992;202;0;8.50
26/11/2025 16:00;Rupan sansei: Kariosutoro no shiro;Animation;Hayao Miyazaki;1979;100;0;8.50
26/11/2025 12:30;Stalker;Drama;Andrei Tarkovsky;1979;162;0;8.50
26/11/2025 10:30;La planète sauvage;Animation;René Laloux;1973;72;0;7.50
25/11/2025 10:00;28 Days Later...;Drama;Danny Boyle;2002;113;12;8.00
24/11/2025 14:00;East of Eden;Drama;Elia Kazan;1955;118;0;8.00
24/11/2025 10:30;Minority Report;Action;Steven Spielberg;2002;145;12;7.00
23/11/2025 18:00;The Machinist;Drama;Brad Anderson;2004;101;16;8.50
23/11/2025 15:00;"Lock; Stock and Two Smoking Barrels";Action;Guy Ritchie;1998;107;12;8.00
23/11/2025 12:30;Trois couleurs: Bleu;Drama;Krzysztof Kieslowski;1993;94;0;8.50
23/11/2025 10:00;Trois couleurs: Bleu;Drama;Krzysztof Kieslowski;1993;94;0;6.50
22/11/2025 18:30;Das Boot;Adventure;Wolfgang Petersen;1981;149;16;8.50
22/11/2025 16:00;The Sandlot;Comedy;David Mickey Evans;1993;101;0;8.00
22/11/2025 13:00;Sleuth;Mystery;Joseph L. Mankiewicz;1972;138;6;6.50
22/11/2025 10:30;American Psycho;Comedy;Mary Harron;2000;101;12;6.50
21/11/2025 10:00;Minority Report;Action;Steven Spielberg;2002;145;12;7.00
20/11/2025 12:00;Minority Report;Action;Steven Spielberg;2002;145;12;6.50
20/11/2025 10:00;La planète sauvage;Animation;René Laloux;1973;72;0;8.00
19/11/2025 12:30;When Harry Met Sally...;Comedy;Rob Reiner;1989;95;12;7.50
19/11/2025 10:00;28 Days Later...;Drama;Danny Boyle;2002;113;12;8.50
18/11/2025 13:30;Stalker;Drama;Andrei Tarkovsky;1979;162;0;8.50
18/11/2025 10:30;Das Boot;Adventure;Wolfgang Petersen;1981;149;16;7.50
17/11/2025 16:00;Das Boot;Adventure;Wolfgang Petersen;1981;149;16;8.00
17/11/2025 12:30;Ray;Biography;Taylor Hackford;2004;152;12;8.00
17/11/2025 10:00;Enter the Dragon;Action;Robert Clouse;1973;102;12;8.50
16/11/2025 17:00;Rosemary's Baby;Drama;Roman Polanski;1968;137;12;7.50
16/11/2025 13:30;Stalker;Drama;Andrei Tarkovsky;1979;162;0;7.50
16/11/2025 10:00;Minority Report;Action;Steven Spielberg;2002;145;12;6.50
15/11/2025 20:30;American Psycho;Comedy;Mary Harron;2000;101;12;9.00
15/11/2025 17:00;Harry Potter and the Goblet of Fire;Adventure;Mike Newell;2005;157;12;7.50
15/11/2025 13:30;Stalker;Drama;Andrei Tarkovsky;1979;162;0;8.00
15/11/2025 10:30;Crash;Crime;Paul Haggis;2004;112;12;7.50
14/11/2025 15:00;American Psycho;Comedy;Mary Harron;2000;101;12;7.00
14/11/2025 12:30;American Psycho;Comedy;Mary Harron;2000;101;12;6.50
14/11/2025 10:00;The Machinist;Drama;Brad Anderson;2004;101;16;6.50
13/11/2025 10:30;The Machinist;Drama;Brad Anderson;2004;101;16;8.00
12/11/2025 10:00;King Kong;Adventure;Merian C. Cooper;1933;100;12;8.50
11/11/2025 13:30;Malcolm X;Biography;Spike Lee;1992;202;0;8.00
11/11/2025 10:00;Stalker;Drama;Andrei Tarkovsky;1979;162;0;7.00
10/11/2025 15:00;Minority Report;Action;Steven Spielberg;2002;145;12;7.00
10/11/2025 12:30;Crash;Crime;Paul Haggis;2004;112;12;7.50
10/11/2025 10:00;King Kong;Adventure;Merian C. Cooper;1933;100;12;7.50
09/11/2025 20:00;Ray;Biography;Taylor Hackford;2004;152;12;9.50
09/11/2025 16:00;Titanic;Drama;James Cameron;1997;194;12;7.00
09/11/2025 13:00;28 Days Later...;Drama;Danny Boyle;2002;113;12;8.50
09/11/2025 10:00;28 Days Later...;Drama;Danny Boyle;2002;113;12;8.00
08/11/2025 15:30;Tengoku to jigoku;Crime;Akira Kurosawa;1963;143;12;8.00
08/11/2025 13:00;When Harry Met Sally...;Comedy;Rob Reiner;1989;95;12;8.00
08/11/2025 10:00;Indiana Jones and the Last Crusade;Action;Steven Spielberg;1989;127;0;8.50
07/11/2025 10:30;A Streetcar Named Desire;Drama;Elia Kazan;1951;122;12;8.00
06/11/2025 13:00;Harry Potter and the Goblet of Fire;Adventure;Mike Newell;2005;157;12;8.50
06/11/2025 10:00;Sleuth;Mystery;Joseph L. Mankiewicz;1972;138;6;7.50
05/11/2025 10:30;When Harry Met Sally...;Comedy;Rob Reiner;1989;95;12;7.00
04/11/2025 13:00;Das Boot;Adventure;Wolfgang Petersen;1981;149;16;7.00
04/11/2025 10:30;The Machinist;Drama;Brad Anderson;2004;101;16;6.50
03/11/2025 13:30;Indiana Jones and the Last Crusade;Action;Steven Spielberg;1989;127;0;8.50
03/11/2025 10:30;Per qualche dollaro in più;Western;Sergio Leone;1965;132;0;8.00
02/11/2025 19:30;Harry Potter and the Goblet of Fire;Adventure;Mike Newell;2005;157;12;8.50
02/11/2025 16:00;Ray;Biography;Taylor Hackford;2004;152;12;6.50
02/11/2025 13:00;Indiana Jones and the Last Crusade;Action;Steven Spielberg;1989;127;0;7.00
02/11/2025 10:30;King Kong;Adventure;Merian C. Cooper;1933;100;12;6.50
01/11/2025 19:30;The Sound of Music;Biography;Robert Wise;1965;172;0;8.50
01/11/2025 16:30;East of Eden;Drama;Elia Kazan;1955;118;0;6.50
01/11/2025 13:30;Indiana Jones and the Last Crusade;Action;Steven Spielberg;1989;127;0;7.50
01/11/2025 10:00;Tengoku to jigoku;Crime;Akira Kurosawa;1963;143;12;7.00
31/10/2025 15:30;On Golden Pond;Drama;Mark Rydell;1981;109;12;6.50
31/10/2025 13:00;The Goonies;Adventure;Richard Donner;1985;114;0;8.00
31/10/2025 10:00;The Philadelphia Story;Comedy;George Cukor;1940;112;12;8.50
30/10/2025 10:00;Enter the Dragon;Action;Robert Clouse;1973;102;12;8.00
29/10/2025 14:00;Enter the Dragon;Action;Robert Clouse;1973;102;12;7.50
29/10/2025 10:30;Tengoku to jigoku;Crime;Akira Kurosawa;1963;143;12;8.00
28/10/2025 14:00;Rosemary's Baby;Drama;Roman Polanski;1968;137;12;7.50
28/10/2025 10:30;Harry Potter and the Goblet of Fire;Adventure;Mike Newell;2005;157;12;7.50
27/10/2025 10:30;The Sound of Music;Biography;Robert Wise;1965;172;0;8.00
26/10/2025 17:30;Harry Potter and the Goblet of Fire;Adventure;Mike Newell;2005;157;12;7.50
26/10/2025 14:00;Das Boot;Adventure;Wolfgang Petersen;1981;149;16;6.50
26/10/2025 10:30;Harry Potter and the Goblet of Fire;Adventure;Mike Newell;2005;157;12;8.00
25/10/2025 17:00;Vizontele;Comedy;Yilmaz Erdogan;2001;110;12;6.50
25/10/2025 13:30;Ray;Biography;Taylor Hackford;2004;152;12;6.50
25/10/2025 10:00;Kelly's Heroes;Adventure;Brian G. Hutton;1970;144;12;8.50
24/10/2025 10:30;A Streetcar Named Desire;Drama;Elia Kazan;1951;122;12;8.00
23/10/2025 15:30;Rushmore;Comedy;Wes Anderson;1998;93;12;7.00
23/10/2025 13:00;On Golden Pond;Drama;Mark Rydell;1981;109;12;7.00
23/10/2025 10:00;Tengoku to jigoku;Crime;Akira Kurosawa;1963;143;12;8.50
22/10/2025 10:00;The Sound of Music;Biography;Robert Wise;1965;172;0;6.50
21/10/2025 15:30;Ray;Biography;Taylor Hackford;2004;152;12;8.50
21/10/2025 13:00;The Lady Vanishes;Mystery;Alfred Hitchcock;1938;96;12;8.00
21/10/2025 10:30;On Golden Pond;Drama;Mark Rydell;1981;109;12;7.50
20/10/2025 10:00;Manhattan;Comedy;Woody Allen;1979;96;16;7.50
19/10/2025 18:30;Indiana Jones and the Last Crusade;Action;Steven Spielberg;1989;127;0;10.00
19/10/2025 15:30;Kelly's Heroes;Adventure;Brian G. Hutton;1970;144;12;8.50
19/10/2025 12:30;Midnight Express;Biography;Alan Parker;1978;121;12;6.50
19/10/2025 10:00;Enter the Dragon;Action;Robert Clouse;1973;102;12;6.50
18/10/2025 16:00;Harry Potter and the Goblet of Fire;Adventure;Mike Newell;2005;157;12;7.00
18/10/2025 13:30;Zerkalo;Biography;Andrei Tarkovsky;1975;107;0;6.50
18/10/2025 10:30;Kelly's Heroes;Adventure;Brian G. Hutton;1970;144;12;6.50
17/10/2025 10:00;The Sound of Music;Biography;Robert Wise;1965;172;0;8.50
16/10/2025 16:30;Harry Potter and the Goblet of Fire;Adventure;Mike Newell;2005;157;12;7.50
16/10/2025 13:30;L'avventura;Drama;Michelangelo Antonioni;1960;144;0;8.00
16/10/2025 10:30;A Streetcar Named Desire;Drama;Elia Kazan;1951;122;12;7.50
15/10/2025 16:00;Ray;Biography;Taylor Hackford;2004;152;12;7.00
15/10/2025 13:00;Vizontele;Comedy;Yilmaz Erdogan;2001;110;12;6.50
15/10/2025 10:30;Rushmore;Comedy;Wes Anderson;1998;93;12;8.50
14/10/2025 14:00;King Kong;Adventure;Merian C. Cooper;1933;100;12;7.00
14/10/2025 10:30;Ray;Biography;Taylor Hackford;2004;152;12;7.50
13/10/2025 12:30;Pirates of the Caribbean: The Curse of the Black Pearl;Action;Gore Verbinski;2003;143;12;7.50
13/10/2025 10:00;Halloween;Horror;John Carpenter;1978;91;12;8.50
12/10/2025 18:30;Kelly's Heroes;Adventure;Brian G. Hutton;1970;144;12;9.50
12/10/2025 16:00;The Lady Vanishes;Mystery;Alfred Hitchcock;1938;96;12;8.50
12/10/2025 13:30;The Goonies;Adventure;Richard Donner;1985;114;0;8.00
12/10/2025 10:00;Pirates of the Caribbean: The Curse of the Black Pearl;Action;Gore Verbinski;2003;143;12;8.00
11/10/2025 19:00;Rushmore;Comedy;Wes Anderson;1998;93;12;8.50
11/10/2025 16:30;Rushmore;Comedy;Wes Anderson;1998;93;12;8.00
11/10/2025 14:00;Enter the Dragon;Action;Robert Clouse;1973;102;12;7.00
11/10/2025 10:00;Titanic;Drama;James Cameron;1997;194;12;7.50
10/10/2025 16:30;The Sound of Music;Biography;Robert Wise;1965;172;0;8.00
10/10/2025 14:00;Manhattan;Comedy;Woody Allen;1979;96;16;8.50
10/10/2025 10:00;The Godfather: Part II;Crime;Francis Ford Coppola;1974;202;12;6.50
09/10/2025 16:30;The Goonies;Adventure;Richard Donner;1985;114;0;8.00
09/10/2025 12:30;The Godfather: Part II;Crime;Francis Ford Coppola;1974;202;12;7.50
09/10/2025 10:00;Enter the Dragon;Action;Robert Clouse;1973;102;12;8.00
08/10/2025 12:30;Halloween;Horror;John Carpenter;1978;91;12;8.00
08/10/2025 10:00;Paper Moon;Comedy;Peter Bogdanovich;1973;102;0;8.50
07/10/2025 14:00;Rushmore;Comedy;Wes Anderson;1998;93;12;8.00
07/10/2025 10:30;The Sound of Music;Biography;Robert Wise;1965;172;0;8.50
06/10/2025 12:30;Philadelphia;Drama;Jonathan Demme;1993;125;12;6.50
06/10/2025 10:00;The Lady Vanishes;Mystery;Alfred Hitchcock;1938;96;12;8.50
05/10/2025 18:30;The Sound of Music;Biography;Robert Wise;1965;172;0;9.00
05/10/2025 16:00;Rushmore;Comedy;Wes Anderson;1998;93;12;7.50
05/10/2025 13:00;Donnie Darko;Drama;Richard Kelly;2001;113;16;8.00
05/10/2025 10:00;The Goonies;Adventure;Richard Donner;1985;114;0;7.00
04/10/2025 19:00;Manhattan;Comedy;Woody Allen;1979;96;16;9.50
04/10/2025 16:00;A Streetcar Named Desire;Drama;Elia Kazan;1951;122;12;7.00
04/10/2025 13:00;Midnight Express;Biography;Alan Parker;1978;121;12;7.50
04/10/2025 10:00;Kelly's Heroes;Adventure;Brian G. Hutton;1970;144;12;8.00
03/10/2025 10:30;Manhattan;Comedy;Woody Allen;1979;96;16;8.00
02/10/2025 13:00;Ying xiong;Action;Yimou Zhang;2002;120;12;7.00
02/10/2025 10:00;Withnail & I;Comedy;Bruce Robinson;1987;107;16;8.50
01/10/2025 13:00;Pirates of the Caribbean: The Curse of the Black Pearl;Action;Gore Verbinski;2003;143;12;6.50
01/10/2025 10:00;Per qualche dollaro in più;Western;Sergio Leone;1965;132;0;6.50
30/09/2025 10:30;Bronenosets Potemkin;Drama;Sergei M. Eisenstein;1925;75;12;7.50
29/09/2025 10:00;Pirates of the Caribbean: The Curse of the Black Pearl;Action;Gore Verbinski;2003;143;12;7.00
28/09/2025 16:00;Bronenosets Potemkin;Drama;Sergei M. Eisenstein;1925;75;12;8.00
28/09/2025 13:00;Ying xiong;Action;Yimou Zhang;2002;120;12;6.50
28/09/2025 10:30;The Conversation;Drama;Francis Ford Coppola;1974;113;0;7.50
27/09/2025 20:00;Cidade de Deus;Crime;Fernando Meirelles;2002;130;12;8.50
27/09/2025 17:00;Philadelphia;Drama;Jonathan Demme;1993;125;12;7.00
27/09/2025 14:00;Kelly's Heroes;Adventure;Brian G. Hutton;1970;144;12;8.00
27/09/2025 10:00;The Right Stuff;Adventure;Philip Kaufman;1983;193;6;8.50
26/09/2025 10:00;Midnight Express;Biography;Alan Parker;1978;121;12;8.50
25/09/2025 16:00;The Wizard of Oz;Adventure;Victor Fleming;1939;102;0;6.50
25/09/2025 13:00;Ying xiong;Action;Yimou Zhang;2002;120;12;7.50
25/09/2025 10:30;Withnail & I;Comedy;Bruce Robinson;1987;107;16;8.00
24/09/2025 13:00;The Wizard of Oz;Adventure;Victor Fleming;1939;102;0;8.00
24/09/2025 10:30;The Lady Vanishes;Mystery;Alfred Hitchcock;1938;96;12;7.00
23/09/2025 13:30;Dà hóng denglong gaogao guà;Drama;Yimou Zhang;1991;125;6;7.50
23/09/2025 10:30;The Conversation;Drama;Francis Ford Coppola;1974;113;0;8.50
22/09/2025 16:00;Withnail & I;Comedy;Bruce Robinson;1987;107;16;8.00
22/09/2025 13:30;La double vie de Véronique;Drama;Krzysztof Kieslowski;1991;98;16;6.50
22/09/2025 10:30;Wo hu cang long;Action;Ang Lee;2000;120;12;6.50
21/09/2025 19:30;The Right Stuff;Adventure;Philip Kaufman;1983;193;6;10.00
21/09/2025 16:00;L'avventura;Drama;Michelangelo Antonioni;1960;144;0;7.00
21/09/2025 13:30;Per un pugno di dollari;Action;Sergio Leone;1964;99;12;7.00
21/09/2025 10:30;L'avventura;Drama;Michelangelo Antonioni;1960;144;0;6.50
20/09/2025 19:00;Kaze no tani no Naushika;Animation;Hayao Miyazaki;1984;117;0;10.00
20/09/2025 16:00;Philadelphia;Drama;Jonathan Demme;1993;125;12;8.50
20/09/2025 13:30;The Wizard of Oz;Adventure;Victor Fleming;1939;102;0;7.00
20/09/2025 10:30;Ying xiong;Action;Yimou Zhang;2002;120;12;7.00
19/09/2025 12:30;Ladri di biciclette;Drama;Vittorio De Sica;1948;89;12;8.00
19/09/2025 10:00;The Wizard of Oz;Adventure;Victor Fleming;1939;102;0;7.00
18/09/2025 13:00;Black Hawk Down;Drama;Ridley Scott;2001;144;12;7.00
18/09/2025 10:00;Cidade de Deus;Crime;Fernando Meirelles;2002;130;12;7.00
17/09/2025 16:00;Kelly's Heroes;Adventure;Brian G. Hutton;1970;144;12;7.00
17/09/2025 13:30;Per un pugno di dollari;Action;Sergio Leone;1964;99;12;7.00
17/09/2025 10:30;Dà hóng denglong gaogao guà;Drama;Yimou Zhang;1991;125;6;7.00
16/09/2025 10:00;The Lady Vanishes;Mystery;Alfred Hitchcock;1938;96;12;7.00
15/09/2025 10:00;Kelly's Heroes;Adventure;Brian G. Hutton;1970;144;12;7.50
14/09/2025 15:00;A Streetcar Named Desire;Drama;Elia Kazan;1951;122;12;6.50
14/09/2025 12:30;The Wizard of Oz;Adventure;Victor Fleming;1939;102;0;8.00
14/09/2025 10:00;La double vie de Véronique;Drama;Krzysztof Kieslowski;1991;98;16;7.50
13/09/2025 19:00;A Streetcar Named Desire;Drama;Elia Kazan;1951;122;12;9.50
13/09/2025 16:30;Withnail & I;Comedy;Bruce Robinson;1987;107;16;6.50
13/09/2025 13:30;Cidade de Deus;Crime;Fernando Meirelles;2002;130;12;8.00
13/09/2025 10:30;Boksuneun naui geot;Crime;Chan-wook Park;2002;129;16;8.50
12/09/2025 12:30;The Wizard of Oz;Adventure;Victor Fleming;1939;102;0;8.00
12/09/2025 10:30;Bronenosets Potemkin;Drama;Sergei M. Eisenstein;1925;75;12;6.50
11/09/2025 10:30;Withnail & I;Comedy;Bruce Robinson;1987;107;16;7.00
10/09/2025 17:30;The Count of Monte Cristo;Action;Kevin Reynolds;2002;131;12;7.50
10/09/2025 15:00;Les yeux sans visage;Drama;Georges Franju;1960;90;12;8.50
10/09/2025 10:30;Spartacus;Adventure;Stanley Kubrick;1960;197;12;8.50
09/09/2025 10:00;Ying xiong;Action;Yimou Zhang;2002;120;12;8.00
08/09/2025 10:30;Spartacus;Adventure;Stanley Kubrick;1960;197;12;7.00
07/09/2025 15:30;Donnie Darko;Drama;Richard Kelly;2001;113;16;8.50
07/09/2025 13:00;Bonnie and Clyde;Action;Arthur Penn;1967;111;12;8.00
07/09/2025 10:00;Breakfast at Tiffany's;Comedy;Blake Edwards;1961;115;12;8.50
06/09/2025 19:00;The Count of Monte Cristo;Action;Kevin Reynolds;2002;131;12;10.00
06/09/2025 16:00;Mr. Smith Goes to Washington;Comedy;Frank Capra;1939;129;12;7.00
06/09/2025 13:30;The Conversation;Drama;Francis Ford Coppola;1974;113;0;8.50
06/09/2025 10:30;Seppuku;Action;Masaki Kobayashi;1962;133;12;6.50
05/09/2025 14:00;The Right Stuff;Adventure;Philip Kaufman;1983;193;6;7.50
05/09/2025 10:30;Metropolis;Drama;Fritz Lang;1927;153;12;8.00
04/09/2025 10:00;Love and Death;Comedy;Woody Allen;1975;85;6;8.00
03/09/2025 10:00;Metropolis;Drama;Fritz Lang;1927;153;12;8.50
02/09/2025 10:30;Kaze no tani no Naushika;Animation;Hayao Miyazaki;1984;117;0;8.50
01/09/2025 16:00;Fiddler on the Roof;Drama;Norman Jewison;1971;181;0;6.50
01/09/2025 13:00;Dà hóng denglong gaogao guà;Drama;Yimou Zhang;1991;125;6;7.00
01/09/2025 10:30;Per un pugno di dollari;Action;Sergio Leone;1964;99;12;7.00
31/08/2025 19:00;Harvey;Comedy;Henry Koster;1950;104;12;9.50
31/08/2025 16:00;Full Metal Jacket;Drama;Stanley Kubrick;1987;116;12;6.50
31/08/2025 13:00;Good Will Hunting;Drama;Gus Van Sant;1997;126;0;8.00
31/08/2025 10:30;Per un pugno di dollari;Action;Sergio Leone;1964;99;12;8.00
30/08/2025 17:00;The Count of Monte Cristo;Action;Kevin Reynolds;2002;131;12;7.00
30/08/2025 13:30;All Quiet on the Western Front;Drama;Lewis Milestone;1930;152;0;7.00
30/08/2025 10:30;Naked;Comedy;Mike Leigh;1993;132;12;6.50
29/08/2025 13:30;Boksuneun naui geot;Crime;Chan-wook Park;2002;129;16;6.50
29/08/2025 10:30;Full Metal Jacket;Drama;Stanley Kubrick;1987;116;12;8.00
28/08/2025 10:30;Naked;Comedy;Mike Leigh;1993;132;12;8.00
27/08/2025 16:30;Les yeux sans visage;Drama;Georges Franju;1960;90;12;8.50
27/08/2025 13:30;Breakfast at Tiffany's;Comedy;Blake Edwards;1961;115;12;6.50
27/08/2025 10:30;Black Hawk Down;Drama;Ridley Scott;2001;144;12;6.50
26/08/2025 15:30;The Green Mile;Crime;Frank Darabont;1999;189;12;7.50
26/08/2025 12:30;Kaze no tani no Naushika;Animation;Hayao Miyazaki;1984;117;0;7.50
26/08/2025 10:00;Jungfrukällan;Drama;Ingmar Bergman;1960;89;12;6.50
25/08/2025 13:00;All Quiet on the Western Front;Drama;Lewis Milestone;1930;152;0;7.50
25/08/2025 10:30;Harvey;Comedy;Henry Koster;1950;104;12;7.00
24/08/2025 20:00;The Green Mile;Crime;Frank Darabont;1999;189;12;9.00
24/08/2025 17:00;The Outlaw Josey Wales;Western;Clint Eastwood;1976;135;12;8.00
24/08/2025 13:00;Spartacus;Adventure;Stanley Kubrick;1960;197;12;6.50
24/08/2025 10:00;Eskiya;Crime;Yavuz Turgul;1996;128;12;7.50
23/08/2025 18:30;Days of Heaven;Drama;Terrence Malick;1978;94;6;9.50
23/08/2025 15:30;Withnail & I;Comedy;Bruce Robinson;1987;107;16;6.50
23/08/2025 12:30;Mr. Smith Goes to Washington;Comedy;Frank Capra;1939;129;12;8.00
23/08/2025 10:00;Withnail & I;Comedy;Bruce Robinson;1987;107;16;6.50
22/08/2025 10:00;Full Metal Jacket;Drama;Stanley Kubrick;1987;116;12;7.00
21/08/2025 10:00;American Beauty;Drama;Sam Mendes;1999;122;12;7.50
20/08/2025 16:30;G.O.R.A.;Adventure;Ömer Faruk Sorak;2004;127;12;6.50
20/08/2025 13:30;One Flew Over the Cuckoo's Nest;Drama;Milos Forman;1975;133;12;7.50
20/08/2025 10:30;Black;Drama;Sanjay Leela Bhansali;2005;122;0;8.00
19/08/2025 10:00;Mr. Smith Goes to Washington;Comedy;Frank Capra;1939;129;12;8.00
18/08/2025 15:30;Ordinary People;Drama;Robert Redford;1980;124;0;6.50
18/08/2025 12:30;The Outlaw Josey Wales;Western;Clint Eastwood;1976;135;12;7.00
18/08/2025 10:00;Watership Down;Animation;Martin Rosen;1978;91;0;6.50
17/08/2025 19:00;Kaze no tani no Naushika;Animation;Hayao Miyazaki;1984;117;0;10.00
17/08/2025 16:00;Interstate 60: Episodes of the Road;Adventure;Bob Gale;2002;116;16;7.50
17/08/2025 13:00;Breakfast at Tiffany's;Comedy;Blake Edwards;1961;115;12;8.00
17/08/2025 10:00;Naked;Comedy;Mike Leigh;1993;132;12;6.50
16/08/2025 19:00;The Day of the Jackal;Crime;Fred Zinnemann;1973;143;12;8.50
16/08/2025 16:00;Some Like It Hot;Comedy;Billy Wilder;1959;121;0;7.50
16/08/2025 13:30;Watership Down;Animation;Martin Rosen;1978;91;0;8.00
16/08/2025 10:30;The Bourne Supremacy;Action;Paul Greengrass;2004;108;12;8.00
15/08/2025 13:30;American Beauty;Drama;Sam Mendes;1999;122;12;7.00
15/08/2025 10:30;Lord of War;Action;Andrew Niccol;2005;122;16;7.50
14/08/2025 13:00;The Outlaw Josey Wales;Western;Clint Eastwood;1976;135;12;7.50
14/08/2025 10:30;Requiem for a Dream;Drama;Darren Aronofsky;2000;102;12;7.50
13/08/2025 10:00;Spartacus;Adventure;Stanley Kubrick;1960;197;12;8.50
12/08/2025 13:00;Black Hawk Down;Drama;Ridley Scott;2001;144;12;8.00
12/08/2025 10:00;Black Hawk Down;Drama;Ridley Scott;2001;144;12;7.50
11/08/2025 13:30;Kaze no tani no Naushika;Animation;Hayao Miyazaki;1984;117;0;7.00
11/08/2025 10:30;Full Metal Jacket;Drama;Stanley Kubrick;1987;116;12;7.00
10/08/2025 18:30;Mr. Smith Goes to Washington;Comedy;Frank Capra;1939;129;12;9.50
10/08/2025 16:00;Watership Down;Animation;Martin Rosen;1978;91;0;8.00
10/08/2025 13:00;One Flew Over the Cuckoo's Nest;Drama;Milos Forman;1975;133;12;8.00
10/08/2025 10:00;American Beauty;Drama;Sam Mendes;1999;122;12;7.00
09/08/2025 18:30;The Day of the Jackal;Crime;Fred Zinnemann;1973;143;12;10.00
09/08/2025 14:30;Spartacus;Adventure;Stanley Kubrick;1960;197;12;7.50
09/08/2025 10:30;Spartacus;Adventure;Stanley Kubrick;1960;197;12;8.50
08/08/2025 14:00;Spartacus;Adventure;Stanley Kubrick;1960;197;12;6.50
08/08/2025 10:00;Fiddler on the Roof;Drama;Norman Jewison;1971;181;0;8.00
07/08/2025 13:30;The Best Years of Our Lives;Drama;William Wyler;1946;170;12;7.00
07/08/2025 10:30;Black;Drama;Sanjay Leela Bhansali;2005;122;0;8.50
06/08/2025 10:30;A Streetcar Named Desire;Drama;Elia Kazan;1951;122;12;7.00
05/08/2025 10:00;American Beauty;Drama;Sam Mendes;1999;122;12;7.50
04/08/2025 13:00;The Day of the Jackal;Crime;Fred Zinnemann;1973;143;12;8.50
04/08/2025 10:00;American Beauty;Drama;Sam Mendes;1999;122;12;7.50
03/08/2025 15:00;The Day of the Jackal;Crime;Fred Zinnemann;1973;143;12;6.50
03/08/2025 12:30;Höstsonaten;Drama;Ingmar Bergman;1978;99;0;7.00
03/08/2025 10:00;The Bourne Supremacy;Action;Paul Greengrass;2004;108;12;7.00
02/08/2025 19:00;Du rififi chez les hommes;Crime;Jules Dassin;1955;118;12;8.50
02/08/2025 16:00;Naked;Comedy;Mike Leigh;1993;132;12;7.00
02/08/2025 13:00;The Outlaw Josey Wales;Western;Clint Eastwood;1976;135;12;6.50
02/08/2025 10:00;Lord of War;Action;Andrew Niccol;2005;122;16;7.50
01/08/2025 15:30;Bonnie and Clyde;Action;Arthur Penn;1967;111;12;8.50
01/08/2025 13:00;Du rififi chez les hommes;Crime;Jules Dassin;1955;118;12;7.50
01/08/2025 10:30;Central do Brasil;Drama;Walter Salles;1998;110;16;7.50
31/07/2025 13:30;Seppuku;Action;Masaki Kobayashi;1962;133;12;6.50
31/07/2025 10:30;American Beauty;Drama;Sam Mendes;1999;122;12;8.00
30/07/2025 10:00;G.O.R.A.;Adventure;Ömer Faruk Sorak;2004;127;12;7.00
29/07/2025 13:30;The Straight Story;Biography;David Lynch;1999;112;0;8.00
29/07/2025 10:30;Some Like It Hot;Comedy;Billy Wilder;1959;121;0;7.50
28/07/2025 13:30;Black;Drama;Sanjay Leela Bhansali;2005;122;0;8.50
28/07/2025 10:30;Match Point;Drama;Woody Allen;2005;124;16;6.50
27/07/2025 15:30;One Flew Over the Cuckoo's Nest;Drama;Milos Forman;1975;133;12;8.00
27/07/2025 13:00;Days of Heaven;Drama;Terrence Malick;1978;94;6;7.50
27/07/2025 10:30;Höstsonaten;Drama;Ingmar Bergman;1978;99;0;8.00
26/07/2025 15:30;Days of Heaven;Drama;Terrence Malick;1978;94;6;8.00
26/07/2025 13:00;Interstate 60: Episodes of the Road;Adventure;Bob Gale;2002;116;16;8.50
26/07/2025 10:00;Du rififi chez les hommes;Crime;Jules Dassin;1955;118;12;7.00
25/07/2025 13:30;Days of Heaven;Drama;Terrence Malick;1978;94;6;8.00
25/07/2025 10:30;Anand;Drama;Hrishikesh Mukherjee;1971;122;0;8.50
24/07/2025 10:00;Du rififi chez les hommes;Crime;Jules Dassin;1955;118;12;8.50
23/07/2025 10:00;The Best Years of Our Lives;Drama;William Wyler;1946;170;12;7.50
22/07/2025 13:30;Mr. Smith Goes to Washington;Comedy;Frank Capra;1939;129;12;8.00
22/07/2025 10:30;Ordinary People;Drama;Robert Redford;1980;124;0;7.50
21/07/2025 17:00;The Fifth Element;Action;Luc Besson;1997;126;12;7.50
21/07/2025 14:00;The Straight Story;Biography;David Lynch;1999;112;0;7.00
21/07/2025 10:30;The Best Years of Our Lives;Drama;William Wyler;1946;170;12;6.50
20/07/2025 18:30;Interstate 60: Episodes of the Road;Adventure;Bob Gale;2002;116;16;9.00
20/07/2025 15:30;Roman Holiday;Comedy;William Wyler;1953;118;12;8.50
20/07/2025 13:00;The Straight Story;Biography;David Lynch;1999;112;0;8.00
20/07/2025 10:30;Days of Heaven;Drama;Terrence Malick;1978;94;6;7.00
19/07/2025 15:30;Kelly's Heroes;Adventure;Brian G. Hutton;1970;144;12;6.50
19/07/2025 13:00;The Bourne Supremacy;Action;Paul Greengrass;2004;108;12;6.50
19/07/2025 10:00;Lord of War;Action;Andrew Niccol;2005;122;16;7.50
18/07/2025 13:00;Toy Story 2;Animation;John Lasseter;1999;92;0;7.00
18/07/2025 10:00;Match Point;Drama;Woody Allen;2005;124;16;7.00
17/07/2025 13:00;Mr. Smith Goes to Washington;Comedy;Frank Capra;1939;129;12;8.00
17/07/2025 10:00;The Day of the Jackal;Crime;Fred Zinnemann;1973;143;12;8.00
16/07/2025 16:30;Anand;Drama;Hrishikesh Mukherjee;1971;122;0;6.50
16/07/2025 13:00;Boogie Nights;Drama;Paul Thomas Anderson;1997;155;16;8.50
16/07/2025 10:00;The Fifth Element;Action;Luc Besson;1997;126;12;8.00
15/07/2025 10:30;Ben-Hur;Adventure;William Wyler;1959;212;0;7.00
14/07/2025 17:00;The Best Years of Our Lives;Drama;William Wyler;1946;170;12;8.50
14/07/2025 14:00;Charade;Comedy;Stanley Donen;1963;113;0;8.00
14/07/2025 10:30;The Best Years of Our Lives;Drama;William Wyler;1946;170;12;8.50
13/07/2025 17:00;Solaris;Drama;Andrei Tarkovsky;1972;167;6;8.50
13/07/2025 13:30;Kelly's Heroes;Adventure;Brian G. Hutton;1970;144;12;8.00
13/07/2025 10:30;Un long dimanche de fiançailles;Drama;Jean-Pierre Jeunet;2004;133;0;6.50
12/07/2025 16:30;Match Point;Drama;Woody Allen;2005;124;16;8.50
12/07/2025 13:30;It's a Wonderful Life;Drama;Frank Capra;1946;130;6;6.50
12/07/2025 10:30;The Fifth Element;Action;Luc Besson;1997;126;12;6.50
11/07/2025 10:30;Lost in Translation;Comedy;Sofia Coppola;2003;102;12;8.50
10/07/2025 13:30;The Bourne Supremacy;Action;Paul Greengrass;2004;108;12;6.50
10/07/2025 10:30;Eskiya;Crime;Yavuz Turgul;1996;128;12;8.00
09/07/2025 10:00;Mulan;Animation;Tony Bancroft;1998;88;0;8.00
08/07/2025 10:30;Solaris;Drama;Andrei Tarkovsky;1972;167;6;7.00
07/07/2025 16:30;The Fifth Element;Action;Luc Besson;1997;126;12;8.50
07/07/2025 13:30;The Fifth Element;Action;Luc Besson;1997;126;12;8.50
07/07/2025 10:30;Akira;Animation;Katsuhiro Ôtomo;1988;124;12;6.50
06/07/2025 17:30;Ben-Hur;Adventure;William Wyler;1959;212;0;6.50
06/07/2025 15:00;The Bourne Supremacy;Action;Paul Greengrass;2004;108;12;7.50
06/07/2025 13:00;The Jungle Book;Animation;Wolfgang Reitherman;1967;78;0;8.50
06/07/2025 10:00;The Verdict;Drama;Sidney Lumet;1982;129;0;6.50
05/07/2025 19:00;"O Brother; Where Art Thou?";Adventure;Joel Coen;2000;107;0;10.00
05/07/2025 16:30;Vozvrashchenie;Drama;Andrey Zvyagintsev;2003;110;12;7.50
05/07/2025 13:30;Back to the Future;Adventure;Robert Zemeckis;1985;116;0;7.50
05/07/2025 10:30;Back to the Future;Adventure;Robert Zemeckis;1985;116;0;7.50
04/07/2025 13:00;Match Point;Drama;Woody Allen;2005;124;16;7.00
04/07/2025 10:00;The Untouchables;Crime;Brian De Palma;1987;119;12;7.00
03/07/2025 10:00;Akira;Animation;Katsuhiro Ôtomo;1988;124;12;6.50
02/07/2025 16:30;Match Point;Drama;Woody Allen;2005;124;16;7.50
02/07/2025 13:30;The Fifth Element;Action;Luc Besson;1997;126;12;6.50
02/07/2025 10:30;Match Point;Drama;Woody Allen;2005;124;16;6.50
01/07/2025 10:30;Requiem for a Dream;Drama;Darren Aronofsky;2000;102;12;6.50
30/06/2025 13:00;Akira;Animation;Katsuhiro Ôtomo;1988;124;12;8.50
30/06/2025 10:00;Eskiya;Crime;Yavuz Turgul;1996;128;12;7.00
29/06/2025 14:30;Kelly's Heroes;Adventure;Brian G. Hutton;1970;144;12;6.50
29/06/2025 12:30;The General;Action;Clyde Bruckman;1926;67;12;8.00
29/06/2025 10:00;Ladri di biciclette;Drama;Vittorio De Sica;1948;89;12;7.50
28/06/2025 15:30;Toy Story 2;Animation;John Lasseter;1999;92;0;6.50
28/06/2025 12:30;The Quiet Man;Comedy;John Ford;1952;129;12;7.00
28/06/2025 10:30;The General;Action;Clyde Bruckman;1926;67;12;6.50
27/06/2025 10:00;Vozvrashchenie;Drama;Andrey Zvyagintsev;2003;110;12;6.50
26/06/2025 10:00;Where Eagles Dare;Action;Brian G. Hutton;1968;158;0;7.00
25/06/2025 13:00;Akira;Animation;Katsuhiro Ôtomo;1988;124;12;6.50
25/06/2025 10:00;The Untouchables;Crime;Brian De Palma;1987;119;12;8.50
24/06/2025 15:00;Where Eagles Dare;Action;Brian G. Hutton;1968;158;0;7.50
24/06/2025 10:30;Ben-Hur;Adventure;William Wyler;1959;212;0;8.00
23/06/2025 16:00;Andaz Apna Apna;Action;Rajkumar Santoshi;1994;160;0;6.50
23/06/2025 13:00;Ordinary People;Drama;Robert Redford;1980;124;0;7.50
23/06/2025 10:00;It's a Wonderful Life;Drama;Frank Capra;1946;130;6;7.50
22/06/2025 15:00;The Count of Monte Cristo;Action;Kevin Reynolds;2002;131;12;7.00
22/06/2025 12:30;High Noon;Drama;Fred Zinnemann;1952;85;6;6.50
22/06/2025 10:30;The Iron Giant;Animation;Brad Bird;1999;86;6;6.50
21/06/2025 15:30;Roman Holiday;Comedy;William Wyler;1953;118;12;6.50
21/06/2025 13:30;Les triplettes de Belleville;Animation;Sylvain Chomet;2003;80;12;8.00
21/06/2025 10:30;The Count of Monte Cristo;Action;Kevin Reynolds;2002;131;12;6.50
20/06/2025 13:00;Akira;Animation;Katsuhiro Ôtomo;1988;124;12;6.50
20/06/2025 10:00;It's a Wonderful Life;Drama;Frank Capra;1946;130;6;8.00
19/06/2025 10:00;Akira;Animation;Katsuhiro Ôtomo;1988;124;12;7.50
18/06/2025 10:30;The Iron Giant;Animation;Brad Bird;1999;86;6;7.50
17/06/2025 13:00;Toy Story 2;Animation;John Lasseter;1999;92;0;6.50
17/06/2025 10:30;Ladri di biciclette;Drama;Vittorio De Sica;1948;89;12;7.50
16/06/2025 12:00;The Untouchables;Crime;Brian De Palma;1987;119;12;8.00
16/06/2025 10:00;The Iron Giant;Animation;Brad Bird;1999;86;6;7.00
15/06/2025 16:00;Fitzcarraldo;Adventure;Werner Herzog;1982;158;16;7.50
15/06/2025 12:30;Fitzcarraldo;Adventure;Werner Herzog;1982;158;16;7.00
15/06/2025 10:00;Bin-jip;Crime;Ki-duk Kim;2004;88;0;8.00
14/06/2025 19:00;Andaz Apna Apna;Action;Rajkumar Santoshi;1994;160;0;9.00
14/06/2025 16:00;Ordinary People;Drama;Robert Redford;1980;124;0;7.50
14/06/2025 14:00;The Jungle Book;Animation;Wolfgang Reitherman;1967;78;0;6.50
14/06/2025 10:30;Where Eagles Dare;Action;Brian G. Hutton;1968;158;0;7.00
13/06/2025 10:00;Ladri di biciclette;Drama;Vittorio De Sica;1948;89;12;7.50
12/06/2025 10:00;Les triplettes de Belleville;Animation;Sylvain Chomet;2003;80;12;8.00
11/06/2025 16:00;Ying xiong;Action;Yimou Zhang;2002;120;12;7.50
11/06/2025 12:30;Andaz Apna Apna;Action;Rajkumar Santoshi;1994;160;0;7.00
11/06/2025 10:30;Airplane!;Comedy;Jim Abrahams;1980;88;0;8.50
10/06/2025 14:00;Ladri di biciclette;Drama;Vittorio De Sica;1948;89;12;8.50
10/06/2025 10:30;Andaz Apna Apna;Action;Rajkumar Santoshi;1994;160;0;8.50
09/06/2025 13:00;"O Brother; Where Art Thou?";Adventure;Joel Coen;2000;107;0;7.50
09/06/2025 10:00;The Verdict;Drama;Sidney Lumet;1982;129;0;8.50
08/06/2025 18:00;Eskiya;Crime;Yavuz Turgul;1996;128;12;8.50
08/06/2025 15:30;High Noon;Drama;Fred Zinnemann;1952;85;6;7.50
08/06/2025 12:30;G.O.R.A.;Adventure;Ömer Faruk Sorak;2004;127;12;7.00
08/06/2025 10:30;The General;Action;Clyde Bruckman;1926;67;12;8.00
07/06/2025 19:00;High Noon;Drama;Fred Zinnemann;1952;85;6;9.00
07/06/2025 15:30;Fitzcarraldo;Adventure;Werner Herzog;1982;158;16;8.00
07/06/2025 12:30;Ying xiong;Action;Yimou Zhang;2002;120;12;8.50
07/06/2025 10:00;"O Brother; Where Art Thou?";Adventure;Joel Coen;2000;107;0;8.00
06/06/2025 10:00;Ladri di biciclette;Drama;Vittorio De Sica;1948;89;12;6.50
05/06/2025 10:00;"O Brother; Where Art Thou?";Adventure;Joel Coen;2000;107;0;6.50
04/06/2025 10:00;Edward Scissorhands;Drama;Tim Burton;1990;105;0;8.00
03/06/2025 10:00;"O Brother; Where Art Thou?";Adventure;Joel Coen;2000;107;0;6.50
02/06/2025 13:00;High Noon;Drama;Fred Zinnemann;1952;85;6;6.50
02/06/2025 10:30;Ladri di biciclette;Drama;Vittorio De Sica;1948;89;12;6.50
01/06/2025 18:00;Le samouraï;Crime;Jean-Pierre Melville;1967;105;12;9.00
01/06/2025 15:30;A Little Princess;Drama;Alfonso Cuarón;1995;97;0;7.00
01/06/2025 12:30;The Untouchables;Crime;Brian De Palma;1987;119;12;8.00
01/06/2025 10:00;Le samouraï;Crime;Jean-Pierre Melville;1967;105;12;8.50
31/05/2025 15:30;The Verdict;Drama;Sidney Lumet;1982;129;0;8.50
31/05/2025 13:30;High Noon;Drama;Fred Zinnemann;1952;85;6;8.00
31/05/2025 10:30;Secrets & Lies;Comedy;Mike Leigh;1996;136;0;6.50
30/05/2025 10:00;21 Grams;Crime;Alejandro G. Iñárritu;2003;124;12;8.50
29/05/2025 14:00;The Iron Giant;Animation;Brad Bird;1999;86;6;8.00
29/05/2025 10:00;Gandhi;Biography;Richard Attenborough;1982;191;0;8.00
28/05/2025 12:30;Edward Scissorhands;Drama;Tim Burton;1990;105;0;8.00
28/05/2025 10:30;Les triplettes de Belleville;Animation;Sylvain Chomet;2003;80;12;8.50
27/05/2025 10:00;Taxi Driver;Crime;Martin Scorsese;1976;114;12;8.50
26/05/2025 14:00;21 Grams;Crime;Alejandro G. Iñárritu;2003;124;12;7.50
26/05/2025 10:30;Fitzcarraldo;Adventure;Werner Herzog;1982;158;16;7.50
25/05/2025 17:30;Clerks;Comedy;Kevin Smith;1994;92;16;7.00
25/05/2025 15:00;"O Brother; Where Art Thou?";Adventure;Joel Coen;2000;107;0;8.50
25/05/2025 12:00;Night on Earth;Comedy;Jim Jarmusch;1991;129;16;7.00
25/05/2025 10:00;Les triplettes de Belleville;Animation;Sylvain Chomet;2003;80;12;8.50
24/05/2025 18:30;The Iron Giant;Animation;Brad Bird;1999;86;6;10.00
24/05/2025 16:30;The General;Action;Clyde Bruckman;1926;67;12;7.00
24/05/2025 13:00;Fitzcarraldo;Adventure;Werner Herzog;1982;158;16;7.50
24/05/2025 10:00;G.O.R.A.;Adventure;Ömer Faruk Sorak;2004;127;12;8.50
23/05/2025 15:30;Le samouraï;Crime;Jean-Pierre Melville;1967;105;12;7.50
23/05/2025 13:30;The Jungle Book;Animation;Wolfgang Reitherman;1967;78;0;6.50
23/05/2025 10:00;Andaz Apna Apna;Action;Rajkumar Santoshi;1994;160;0;8.50
22/05/2025 13:00;The General;Action;Clyde Bruckman;1926;67;12;6.50
22/05/2025 10:00;Happiness;Comedy;Todd Solondz;1998;134;12;7.50
21/05/2025 12:30;The Verdict;Drama;Sidney Lumet;1982;129;0;7.00
21/05/2025 10:30;The General;Action;Clyde Bruckman;1926;67;12;6.50
20/05/2025 10:00;Edward Scissorhands;Drama;Tim Burton;1990;105;0;7.50
19/05/2025 12:30;Le samouraï;Crime;Jean-Pierre Melville;1967;105;12;6.50
19/05/2025 10:00;Bin-jip;Crime;Ki-duk Kim;2004;88;0;8.00
18/05/2025 15:00;Bin-jip;Crime;Ki-duk Kim;2004;88;0;8.00
18/05/2025 12:00;21 Grams;Crime;Alejandro G. Iñárritu;2003;124;12;7.00
18/05/2025 10:00;The General;Action;Clyde Bruckman;1926;67;12;8.00
17/05/2025 15:30;Secrets & Lies;Comedy;Mike Leigh;1996;136;0;7.00
17/05/2025 13:00;Ladri di biciclette;Drama;Vittorio De Sica;1948;89;12;8.50
17/05/2025 10:00;Happiness;Comedy;Todd Solondz;1998;134;12;8.50
16/05/2025 10:00;A Little Princess;Drama;Alfonso Cuarón;1995;97;0;8.50
15/05/2025 10:30;My Cousin Vinny;Comedy;Jonathan Lynn;1992;120;12;7.50
14/05/2025 14:30;The Last of the Mohicans;Action;Michael Mann;1992;112;12;8.00
14/05/2025 12:00;Clerks;Comedy;Kevin Smith;1994;92;16;8.50
14/05/2025 10:00;The General;Action;Clyde Bruckman;1926;67;12;8.00
13/05/2025 16:00;Night on Earth;Comedy;Jim Jarmusch;1991;129;16;6.50
13/05/2025 13:30;Miracle on 34th Street;Comedy;George Seaton;1947;96;12;7.00
13/05/2025 10:30;Forrest Gump;Drama;Robert Zemeckis;1994;142;12;6.50
12/05/2025 15:30;Edward Scissorhands;Drama;Tim Burton;1990;105;0;7.00
12/05/2025 12:30;The Bridges of Madison County;Drama;Clint Eastwood;1995;135;12;6.50
12/05/2025 10:00;The Breakfast Club;Comedy;John Hughes;1985;97;12;8.50
11/05/2025 16:00;Night on Earth;Comedy;Jim Jarmusch;1991;129;16;6.50
11/05/2025 13:30;In America;Drama;Jim Sheridan;2002;105;12;8.50
11/05/2025 10:30;21 Grams;Crime;Alejandro G. Iñárritu;2003;124;12;8.50
10/05/2025 19:30;21 Grams;Crime;Alejandro G. Iñárritu;2003;124;12;10.00
10/05/2025 16:00;Giù la testa;Drama;Sergio Leone;1971;157;6;8.00
10/05/2025 13:30;Deliverance;Adventure;John Boorman;1972;109;0;7.00
10/05/2025 10:00;Giù la testa;Drama;Sergio Leone;1971;157;6;7.00
09/05/2025 10:00;Mononoke-hime;Animation;Hayao Miyazaki;1997;134;0;7.50
08/05/2025 13:30;Trois couleurs: Bleu;Drama;Krzysztof Kieslowski;1993;94;0;8.50
08/05/2025 10:30;Amélie;Comedy;Jean-Pierre Jeunet;2001;122;0;8.50
07/05/2025 10:30;My Cousin Vinny;Comedy;Jonathan Lynn;1992;120;12;8.00
06/05/2025 10:30;Deliverance;Adventure;John Boorman;1972;109;0;8.00
05/05/2025 10:30;Mononoke-hime;Animation;Hayao Miyazaki;1997;134;0;8.00
04/05/2025 16:30;The Sting;Comedy;George Roy Hill;1973;129;0;6.50
04/05/2025 13:30;Un long dimanche de fiançailles;Drama;Jean-Pierre Jeunet;2004;133;0;8.00
04/05/2025 10:30;Forrest Gump;Drama;Robert Zemeckis;1994;142;12;8.50
03/05/2025 20:30;Deliverance;Adventure;John Boorman;1972;109;0;9.50
03/05/2025 16:30;Gandhi;Biography;Richard Attenborough;1982;191;0;6.50
03/05/2025 13:30;Un long dimanche de fiançailles;Drama;Jean-Pierre Jeunet;2004;133;0;8.50
03/05/2025 10:30;Amélie;Comedy;Jean-Pierre Jeunet;2001;122;0;8.50
02/05/2025 15:30;Nuovo Cinema Paradiso;Drama;Giuseppe Tornatore;1988;155;0;6.50
02/05/2025 13:00;Wait Until Dark;Thriller;Terence Young;1967;108;12;8.00
02/05/2025 10:00;The Bridges of Madison County;Drama;Clint Eastwood;1995;135;12;8.00
01/05/2025 16:00;Amélie;Comedy;Jean-Pierre Jeunet;2001;122;0;7.00
01/05/2025 13:00;Happiness;Comedy;Todd Solondz;1998;134;12;7.50
01/05/2025 10:00;Night on Earth;Comedy;Jim Jarmusch;1991;129;16;6.50
30/04/2025 16:30;In America;Drama;Jim Sheridan;2002;105;12;8.00
30/04/2025 14:00;Lilja 4-ever;Crime;Lukas Moodysson;2002;109;16;8.50
30/04/2025 10:30;Giù la testa;Drama;Sergio Leone;1971;157;6;7.50
29/04/2025 16:00;Forrest Gump;Drama;Robert Zemeckis;1994;142;12;7.50
29/04/2025 13:30;The Last of the Mohicans;Action;Michael Mann;1992;112;12;6.50
29/04/2025 10:30;Pride & Prejudice;Drama;Joe Wright;2005;129;6;8.50
28/04/2025 13:00;Fried Green Tomatoes;Drama;Jon Avnet;1991;130;12;7.50
28/04/2025 10:00;Night on Earth;Comedy;Jim Jarmusch;1991;129;16;7.50
27/04/2025 18:30;Mononoke-hime;Animation;Hayao Miyazaki;1997;134;0;9.00
27/04/2025 16:00;The Breakfast Club;Comedy;John Hughes;1985;97;12;6.50
27/04/2025 13:00;Pride & Prejudice;Drama;Joe Wright;2005;129;6;8.00
27/04/2025 10:30;The Last of the Mohicans;Action;Michael Mann;1992;112;12;7.50
26/04/2025 18:30;Mononoke-hime;Animation;Hayao Miyazaki;1997;134;0;8.50
26/04/2025 15:30;Amélie;Comedy;Jean-Pierre Jeunet;2001;122;0;7.50
26/04/2025 13:00;Airplane!;Comedy;Jim Abrahams;1980;88;0;8.50
26/04/2025 10:30;The Breakfast Club;Comedy;John Hughes;1985;97;12;6.50
25/04/2025 15:30;Kelly's Heroes;Adventure;Brian G. Hutton;1970;144;12;6.50
25/04/2025 12:30;The Sting;Comedy;George Roy Hill;1973;129;0;8.00
25/04/2025 10:30;Airplane!;Comedy;Jim Abrahams;1980;88;0;7.00
24/04/2025 15:30;Mary Poppins;Comedy;Robert Stevenson;1964;139;0;8.50
24/04/2025 13:00;Trois couleurs: Blanc;Comedy;Krzysztof Kieslowski;1994;92;0;6.50
24/04/2025 10:30;My Cousin Vinny;Comedy;Jonathan Lynn;1992;120;12;6.50
23/04/2025 10:30;Giù la testa;Drama;Sergio Leone;1971;157;6;6.50
22/04/2025 16:00;Pink Floyd: The Wall;Drama;Alan Parker;1982;95;12;7.50
22/04/2025 12:30;Breaking the Waves;Drama;Lars von Trier;1996;159;16;7.50
22/04/2025 10:00;Deliverance;Adventure;John Boorman;1972;109;0;6.50
21/04/2025 12:30;Forrest Gump;Drama;Robert Zemeckis;1994;142;12;8.50
21/04/2025 10:00;Who Framed Roger Rabbit;Animation;Robert Zemeckis;1988;104;0;8.00
20/04/2025 18:00;Full Metal Jacket;Drama;Stanley Kubrick;1987;116;12;9.50
20/04/2025 15:00;My Cousin Vinny;Comedy;Jonathan Lynn;1992;120;12;7.50
20/04/2025 12:30;Miracle on 34th Street;Comedy;George Seaton;1947;96;12;7.50
20/04/2025 10:00;Pink Floyd: The Wall;Drama;Alan Parker;1982;95;12;8.50
19/04/2025 18:30;Deliverance;Adventure;John Boorman;1972;109;0;9.00
19/04/2025 15:30;The Sting;Comedy;George Roy Hill;1973;129;0;8.50
19/04/2025 12:30;The Bridges of Madison County;Drama;Clint Eastwood;1995;135;12;8.50
19/04/2025 10:00;Paper Moon;Comedy;Peter Bogdanovich;1973;102;0;7.00
18/04/2025 10:30;Amélie;Comedy;Jean-Pierre Jeunet;2001;122;0;8.50
17/04/2025 15:30;The Bridges of Madison County;Drama;Clint Eastwood;1995;135;12;7.00
17/04/2025 12:30;The Last of the Mohicans;Action;Michael Mann;1992;112;12;6.50
17/04/2025 10:00;My Cousin Vinny;Comedy;Jonathan Lynn;1992;120;12;8.50
16/04/2025 10:00;In America;Drama;Jim Sheridan;2002;105;12;7.50
15/04/2025 14:00;Le locataire;Drama;Roman Polanski;1976;126;16;8.50
15/04/2025 10:30;Breaking the Waves;Drama;Lars von Trier;1996;159;16;8.00
14/04/2025 13:00;The Muppet Christmas Carol;Comedy;Brian Henson;1992;85;0;7.00
14/04/2025 10:30;Who Framed Roger Rabbit;Animation;Robert Zemeckis;1988;104;0;6.50
13/04/2025 19:30;Full Metal Jacket;Drama;Stanley Kubrick;1987;116;12;10.00
13/04/2025 16:00;Mary Poppins;Comedy;Robert Stevenson;1964;139;0;7.00
13/04/2025 13:00;Un long dimanche de fiançailles;Drama;Jean-Pierre Jeunet;2004;133;0;8.50
13/04/2025 10:00;Le locataire;Drama;Roman Polanski;1976;126;16;8.00
12/04/2025 18:00;Les choristes;Drama;Christophe Barratier;2004;97;12;9.50
12/04/2025 15:00;Tengoku to jigoku;Crime;Akira Kurosawa;1963;143;12;6.50
12/04/2025 12:30;In America;Drama;Jim Sheridan;2002;105;12;6.50
12/04/2025 10:00;In America;Drama;Jim Sheridan;2002;105;12;7.50
11/04/2025 13:00;Home Alone;Comedy;Chris Columbus;1990;103;0;6.50
11/04/2025 10:30;Paper Moon;Comedy;Peter Bogdanovich;1973;102;0;8.50
10/04/2025 10:30;The Breakfast Club;Comedy;John Hughes;1985;97;12;8.00
09/04/2025 13:00;In America;Drama;Jim Sheridan;2002;105;12;8.50
09/04/2025 10:30;Pink Floyd: The Wall;Drama;Alan Parker;1982;95;12;8.50
08/04/2025 10:30;Judgment at Nuremberg;Drama;Stanley Kramer;1961;179;12;7.00
07/04/2025 13:00;Short Cuts;Comedy;Robert Altman;1993;188;16;7.00
07/04/2025 10:00;The Incredibles;Animation;Brad Bird;2004;115;0;8.50
06/04/2025 15:00;The Purple Rose of Cairo;Comedy;Woody Allen;1985;82;0;8.00
06/04/2025 12:30;Predator;Action;John McTiernan;1987;107;12;8.00
06/04/2025 10:30;The Purple Rose of Cairo;Comedy;Woody Allen;1985;82;0;8.50
05/04/2025 18:30;The Purple Rose of Cairo;Comedy;Woody Allen;1985;82;0;8.50
05/04/2025 16:00;In America;Drama;Jim Sheridan;2002;105;12;8.50
05/04/2025 12:30;Cinderella Man;Biography;Ron Howard;2005;144;12;6.50
05/04/2025 10:00;Who Framed Roger Rabbit;Animation;Robert Zemeckis;1988;104;0;7.00
04/04/2025 13:00;The 39 Steps;Crime;Alfred Hitchcock;1935;86;12;6.50
04/04/2025 10:30;Airplane!;Comedy;Jim Abrahams;1980;88;0;8.50
03/04/2025 10:00;Kelly's Heroes;Adventure;Brian G. Hutton;1970;144;12;7.00
02/04/2025 10:30;The Odd Couple;Comedy;Gene Saks;1968;105;0;7.50
01/04/2025 10:30;Pink Floyd: The Wall;Drama;Alan Parker;1982;95;12;7.50
31/03/2025 10:30;Aladdin;Animation;Ron Clements;1992;90;0;7.50
30/03/2025 16:30;Fried Green Tomatoes;Drama;Jon Avnet;1991;130;12;7.00
30/03/2025 14:00;The Odd Couple;Comedy;Gene Saks;1968;105;0;8.00
30/03/2025 10:30;Sleepers;Crime;Barry Levinson;1996;147;12;8.00
29/03/2025 16:00;Kelly's Heroes;Adventure;Brian G. Hutton;1970;144;12;6.50
29/03/2025 13:30;Who Framed Roger Rabbit;Animation;Robert Zemeckis;1988;104;0;7.50
29/03/2025 10:30;Le locataire;Drama;Roman Polanski;1976;126;16;8.50
28/03/2025 10:30;Forrest Gump;Drama;Robert Zemeckis;1994;142;12;6.50
27/03/2025 16:30;The Odd Couple;Comedy;Gene Saks;1968;105;0;7.00
27/03/2025 13:30;The Sting;Comedy;George Roy Hill;1973;129;0;7.50
27/03/2025 10:00;Breaking the Waves;Drama;Lars von Trier;1996;159;16;6.50
26/03/2025 13:00;Indiana Jones and the Last Crusade;Action;Steven Spielberg;1989;127;0;6.50
26/03/2025 10:00;Full Metal Jacket;Drama;Stanley Kubrick;1987;116;12;6.50
25/03/2025 14:00;Kelly's Heroes;Adventure;Brian G. Hutton;1970;144;12;7.00
25/03/2025 10:30;The Wild Bunch;Action;Sam Peckinpah;1969;145;12;7.00
24/03/2025 12:30;The Odd Couple;Comedy;Gene Saks;1968;105;0;8.50
24/03/2025 10:00;Pink Floyd: The Wall;Drama;Alan Parker;1982;95;12;8.50
23/03/2025 20:30;Network;Drama;Sidney Lumet;1976;121;12;9.50
23/03/2025 17:30;Fried Green Tomatoes;Drama;Jon Avnet;1991;130;12;8.50
23/03/2025 14:30;The Incredibles;Animation;Brad Bird;2004;115;0;7.50
23/03/2025 10:30;Judgment at Nuremberg;Drama;Stanley Kramer;1961;179;12;6.50
22/03/2025 18:30;Indiana Jones and the Last Crusade;Action;Steven Spielberg;1989;127;0;9.50
22/03/2025 16:00;Pink Floyd: The Wall;Drama;Alan Parker;1982;95;12;6.50
22/03/2025 13:00;The Incredibles;Animation;Brad Bird;2004;115;0;8.00
22/03/2025 10:30;Who Framed Roger Rabbit;Animation;Robert Zemeckis;1988;104;0;7.00
21/03/2025 13:30;Cat on a Hot Tin Roof;Drama;Richard Brooks;1958;108;12;7.50
21/03/2025 10:30;Mary Poppins;Comedy;Robert Stevenson;1964;139;0;7.00
20/03/2025 16:00;Once Were Warriors;Crime;Lee Tamahori;1994;102;12;7.00
20/03/2025 13:00;Fried Green Tomatoes;Drama;Jon Avnet;1991;130;12;8.50
20/03/2025 10:30;The Odd Couple;Comedy;Gene Saks;1968;105;0;7.50
19/03/2025 16:00;Breaking the Waves;Drama;Lars von Trier;1996;159;16;6.50
19/03/2025 12:30;Tengoku to jigoku;Crime;Akira Kurosawa;1963;143;12;8.50
19/03/2025 10:00;Pink Floyd: The Wall;Drama;Alan Parker;1982;95;12;6.50
18/03/2025 15:30;Les choristes;Drama;Christophe Barratier;2004;97;12;8.50
18/03/2025 12:30;The King of Comedy;Comedy;Martin Scorsese;1982;109;0;8.00
18/03/2025 10:00;Cat on a Hot Tin Roof;Drama;Richard Brooks;1958;108;12;7.50
17/03/2025 13:00;Schindler's List;Biography;Steven Spielberg;1993;195;12;7.50
17/03/2025 10:00;Back to the Future;Adventure;Robert Zemeckis;1985;116;0;6.50
16/03/2025 20:00;Die Hard;Action;John McTiernan;1988;132;12;8.50
16/03/2025 16:30;The Shining;Drama;Stanley Kubrick;1980;146;12;7.50
16/03/2025 13:30;The Incredibles;Animation;Brad Bird;2004;115;0;8.00
16/03/2025 10:30;Fried Green Tomatoes;Drama;Jon Avnet;1991;130;12;6.50
15/03/2025 20:00;Once Were Warriors;Crime;Lee Tamahori;1994;102;12;8.50
15/03/2025 17:00;Le locataire;Drama;Roman Polanski;1976;126;16;8.50
15/03/2025 14:30;Belle de jour;Drama;Luis Buñuel;1967;100;12;6.50
15/03/2025 10:30;Schindler's List;Biography;Steven Spielberg;1993;195;12;8.00
14/03/2025 13:00;Aladdin;Animation;Ron Clements;1992;90;0;6.50
14/03/2025 10:00;Rosemary's Baby;Drama;Roman Polanski;1968;137;12;8.50
13/03/2025 10:00;Les choristes;Drama;Christophe Barratier;2004;97;12;8.50
12/03/2025 13:30;Cat on a Hot Tin Roof;Drama;Richard Brooks;1958;108;12;6.50
12/03/2025 10:30;Network;Drama;Sidney Lumet;1976;121;12;8.00
11/03/2025 10:00;It Happened One Night;Comedy;Frank Capra;1934;105;12;7.50
10/03/2025 16:30;Les choristes;Drama;Christophe Barratier;2004;97;12;7.00
10/03/2025 13:30;Network;Drama;Sidney Lumet;1976;121;12;6.50
10/03/2025 10:30;Back to the Future;Adventure;Robert Zemeckis;1985;116;0;6.50
09/03/2025 17:00;Viskningar och rop;Drama;Ingmar Bergman;1972;91;12;8.00
09/03/2025 15:00;Das Cabinet des Dr. Caligari;Fantasy;Robert Wiene;1920;76;12;6.50
09/03/2025 12:30;Paper Moon;Comedy;Peter Bogdanovich;1973;102;0;6.50
09/03/2025 10:00;Kind Hearts and Coronets;Comedy;Robert Hamer;1949;106;0;7.50
08/03/2025 15:30;The Incredibles;Animation;Brad Bird;2004;115;0;8.00
08/03/2025 13:00;Lilja 4-ever;Crime;Lukas Moodysson;2002;109;16;7.50
08/03/2025 10:30;The King of Comedy;Comedy;Martin Scorsese;1982;109;0;8.50
07/03/2025 14:00;Aladdin;Animation;Ron Clements;1992;90;0;8.50
07/03/2025 10:00;Schindler's List;Biography;Steven Spielberg;1993;195;12;6.50
06/03/2025 13:00;One Flew Over the Cuckoo's Nest;Drama;Milos Forman;1975;133;12;7.00
06/03/2025 10:00;True Romance;Crime;Tony Scott;1993;119;16;7.50
05/03/2025 10:00;Die Hard;Action;John McTiernan;1988;132;12;7.00
04/03/2025 10:30;Pink Floyd: The Wall;Drama;Alan Parker;1982;95;12;6.50
03/03/2025 15:00;Back to the Future;Adventure;Robert Zemeckis;1985;116;0;7.50
03/03/2025 12:30;Home Alone;Comedy;Chris Columbus;1990;103;0;6.50
03/03/2025 10:00;The Wizard of Oz;Adventure;Victor Fleming;1939;102;0;6.50
02/03/2025 15:00;Sleepers;Crime;Barry Levinson;1996;147;12;7.00
02/03/2025 12:30;Halloween;Horror;John Carpenter;1978;91;12;8.00
02/03/2025 10:00;Lilja 4-ever;Crime;Lukas Moodysson;2002;109;16;7.00
01/03/2025 18:30;Lilja 4-ever;Crime;Lukas Moodysson;2002;109;16;10.00
01/03/2025 15:30;One Flew Over the Cuckoo's Nest;Drama;Milos Forman;1975;133;12;7.50
01/03/2025 13:00;The Lady Vanishes;Mystery;Alfred Hitchcock;1938;96;12;8.50
01/03/2025 10:30;Once Were Warriors;Crime;Lee Tamahori;1994;102;12;8.00
28/02/2025 15:00;Paper Moon;Comedy;Peter Bogdanovich;1973;102;0;7.00
28/02/2025 12:30;Once Were Warriors;Crime;Lee Tamahori;1994;102;12;8.00
28/02/2025 10:00;Pink Floyd: The Wall;Drama;Alan Parker;1982;95;12;6.50
27/02/2025 10:00;The Wild Bunch;Action;Sam Peckinpah;1969;145;12;7.50
26/02/2025 10:00;Red River;Action;Howard Hawks;1948;133;12;7.00
25/02/2025 10:30;One Flew Over the Cuckoo's Nest;Drama;Milos Forman;1975;133;12;8.50
24/02/2025 10:30;Fa yeung nin wah;Drama;Kar-Wai Wong;2000;98;0;8.00
23/02/2025 16:00;Les choristes;Drama;Christophe Barratier;2004;97;12;7.00
23/02/2025 13:30;Viskningar och rop;Drama;Ingmar Bergman;1972;91;12;7.00
23/02/2025 10:30;One Flew Over the Cuckoo's Nest;Drama;Milos Forman;1975;133;12;6.50
22/02/2025 19:00;Paper Moon;Comedy;Peter Bogdanovich;1973;102;0;9.00
22/02/2025 15:30;Sleepers;Crime;Barry Levinson;1996;147;12;8.50
22/02/2025 13:00;Halloween;Horror;John Carpenter;1978;91;12;8.00
22/02/2025 10:00;One Flew Over the Cuckoo's Nest;Drama;Milos Forman;1975;133;12;6.50
21/02/2025 10:30;The Lady Vanishes;Mystery;Alfred Hitchcock;1938;96;12;7.50
20/02/2025 16:00;The King of Comedy;Comedy;Martin Scorsese;1982;109;0;7.50
20/02/2025 12:30;The Wild Bunch;Action;Sam Peckinpah;1969;145;12;6.50
20/02/2025 10:00;Pink Floyd: The Wall;Drama;Alan Parker;1982;95;12;8.50
19/02/2025 14:30;Rosemary's Baby;Drama;Roman Polanski;1968;137;12;7.50
19/02/2025 10:00;Ben-Hur;Adventure;William Wyler;1959;212;0;8.50
18/02/2025 17:30;Primal Fear;Crime;Gregory Hoblit;1996;129;12;7.50
18/02/2025 13:30;Barry Lyndon;Adventure;Stanley Kubrick;1975;185;6;7.00
18/02/2025 10:00;The Wild Bunch;Action;Sam Peckinpah;1969;145;12;8.50
17/02/2025 13:30;Rosemary's Baby;Drama;Roman Polanski;1968;137;12;6.50
17/02/2025 10:30;Network;Drama;Sidney Lumet;1976;121;12;7.50
16/02/2025 18:00;Platoon;Drama;Oliver Stone;1986;120;12;9.00
16/02/2025 15:30;The Wizard of Oz;Adventure;Victor Fleming;1939;102;0;8.50
16/02/2025 12:30;Arsenic and Old Lace;Comedy;Frank Capra;1942;118;12;6.50
16/02/2025 10:00;The Lady Vanishes;Mystery;Alfred Hitchcock;1938;96;12;8.00
15/02/2025 18:30;Bound by Honor;Crime;Taylor Hackford;1993;180;16;10.00
15/02/2025 16:00;Halloween;Horror;John Carpenter;1978;91;12;7.00
15/02/2025 13:30;Mad Max 2;Action;George Miller;1981;96;12;7.50
15/02/2025 10:30;In the Name of the Father;Biography;Jim Sheridan;1993;133;12;6.50
14/02/2025 10:00;Training Day;Crime;Antoine Fuqua;2001;122;12;8.00
13/02/2025 13:00;Network;Drama;Sidney Lumet;1976;121;12;7.50
13/02/2025 10:30;Fa yeung nin wah;Drama;Kar-Wai Wong;2000;98;0;8.00
12/02/2025 15:30;Das Cabinet des Dr. Caligari;Fantasy;Robert Wiene;1920;76;12;8.50
12/02/2025 13:00;Aladdin;Animation;Ron Clements;1992;90;0;7.50
12/02/2025 10:00;Die Hard;Action;John McTiernan;1988;132;12;8.00
11/02/2025 10:30;Amélie;Comedy;Jean-Pierre Jeunet;2001;122;0;8.50
10/02/2025 10:30;Rosemary's Baby;Drama;Roman Polanski;1968;137;12;7.00
09/02/2025 17:30;Aladdin;Animation;Ron Clements;1992;90;0;6.50
09/02/2025 15:00;Kind Hearts and Coronets;Comedy;Robert Hamer;1949;106;0;8.00
09/02/2025 12:30;Clerks;Comedy;Kevin Smith;1994;92;16;6.50
09/02/2025 10:00;Clerks;Comedy;Kevin Smith;1994;92;16;8.00
08/02/2025 15:30;Platoon;Drama;Oliver Stone;1986;120;12;7.00
08/02/2025 13:00;It Happened One Night;Comedy;Frank Capra;1934;105;12;8.00
08/02/2025 10:30;Les choristes;Drama;Christophe Barratier;2004;97;12;8.50
07/02/2025 16:00;Twelve Monkeys;Mystery;Terry Gilliam;1995;129;12;7.50
07/02/2025 13:00;Back to the Future;Adventure;Robert Zemeckis;1985;116;0;6.50
07/02/2025 10:00;The Magnificent Seven;Action;John Sturges;1960;128;12;6.50
06/02/2025 15:00;Rashômon;Crime;Akira Kurosawa;1950;88;12;8.50
06/02/2025 13:00;Das Cabinet des Dr. Caligari;Fantasy;Robert Wiene;1920;76;12;7.00
06/02/2025 10:30;Les choristes;Drama;Christophe Barratier;2004;97;12;6.50
05/02/2025 10:00;Au revoir les enfants;Drama;Louis Malle;1987;104;0;7.50
04/02/2025 15:00;Kind Hearts and Coronets;Comedy;Robert Hamer;1949;106;0;7.50
04/02/2025 12:30;Strangers on a Train;Crime;Alfred Hitchcock;1951;101;12;6.50
04/02/2025 10:00;It Happened One Night;Comedy;Frank Capra;1934;105;12;7.00
03/02/2025 15:00;Clerks;Comedy;Kevin Smith;1994;92;16;8.50
03/02/2025 12:30;Home Alone;Comedy;Chris Columbus;1990;103;0;8.50
03/02/2025 10:00;"Shin seiki Evangelion Gekijô-ban: Air/Magokoro wo; kimi ni";Animation;Hideaki Anno;1997;87;12;8.50
02/02/2025 16:00;Training Day;Crime;Antoine Fuqua;2001;122;12;6.50
02/02/2025 13:00;Dog Day Afternoon;Biography;Sidney Lumet;1975;125;0;7.00
02/02/2025 10:30;Strangers on a Train;Crime;Alfred Hitchcock;1951;101;12;7.50
01/02/2025 18:00;Amélie;Comedy;Jean-Pierre Jeunet;2001;122;0;9.00
01/02/2025 15:30;Au revoir les enfants;Drama;Louis Malle;1987;104;0;8.50
01/02/2025 13:00;The Goonies;Adventure;Richard Donner;1985;114;0;7.50
01/02/2025 10:00;Primal Fear;Crime;Gregory Hoblit;1996;129;12;7.00
31/01/2025 13:00;The Goonies;Adventure;Richard Donner;1985;114;0;7.50
31/01/2025 10:30;Clerks;Comedy;Kevin Smith;1994;92;16;7.50
30/01/2025 10:30;Au revoir les enfants;Drama;Louis Malle;1987;104;0;6.50
29/01/2025 13:30;Home Alone;Comedy;Chris Columbus;1990;103;0;8.00
29/01/2025 10:00;"Il buono; il brutto; il cattivo";Western;Sergio Leone;1966;161;12;7.50
28/01/2025 10:00;Arsenic and Old Lace;Comedy;Frank Capra;1942;118;12;7.50
27/01/2025 16:30;The Magnificent Seven;Action;John Sturges;1960;128;12;8.50
27/01/2025 13:30;Training Day;Crime;Antoine Fuqua;2001;122;12;8.50
27/01/2025 10:30;Training Day;Crime;Antoine Fuqua;2001;122;12;7.00
26/01/2025 19:00;The Godfather: Part III;Crime;Francis Ford Coppola;1990;162;12;9.50
26/01/2025 16:30;Rashômon;Crime;Akira Kurosawa;1950;88;12;8.00
26/01/2025 13:30;Mononoke-hime;Animation;Hayao Miyazaki;1997;134;0;6.50
26/01/2025 10:30;The Magnificent Seven;Action;John Sturges;1960;128;12;7.00
25/01/2025 17:00;Twelve Monkeys;Mystery;Terry Gilliam;1995;129;12;6.50
25/01/2025 13:00;Barry Lyndon;Adventure;Stanley Kubrick;1975;185;6;6.50
25/01/2025 10:00;Training Day;Crime;Antoine Fuqua;2001;122;12;7.00
24/01/2025 13:00;Escape from Alcatraz;Action;Don Siegel;1979;112;12;8.00
24/01/2025 10:30;Repulsion;Drama;Roman Polanski;1965;105;12;7.50
23/01/2025 15:30;Amélie;Comedy;Jean-Pierre Jeunet;2001;122;0;6.50
23/01/2025 12:30;Amélie;Comedy;Jean-Pierre Jeunet;2001;122;0;8.50
23/01/2025 10:00;Jeux d'enfants;Comedy;Yann Samuell;2003;93;16;8.00
22/01/2025 15:30;The Goonies;Adventure;Richard Donner;1985;114;0;7.00
22/01/2025 13:00;Les choristes;Drama;Christophe Barratier;2004;97;12;7.00
22/01/2025 10:30;It Happened One Night;Comedy;Frank Capra;1934;105;12;8.00
21/01/2025 13:00;All About Eve;Drama;Joseph L. Mankiewicz;1950;138;12;7.00
21/01/2025 10:30;Repulsion;Drama;Roman Polanski;1965;105;12;7.50
20/01/2025 13:30;Platoon;Drama;Oliver Stone;1986;120;12;7.00
20/01/2025 10:30;Twelve Monkeys;Mystery;Terry Gilliam;1995;129;12;6.50
19/01/2025 18:00;Gongdong gyeongbi guyeok JSA;Action;Chan-wook Park;2000;110;12;8.50
19/01/2025 16:00;"Shin seiki Evangelion Gekijô-ban: Air/Magokoro wo; kimi ni";Animation;Hideaki Anno;1997;87;12;7.50
19/01/2025 13:30;Au revoir les enfants;Drama;Louis Malle;1987;104;0;8.50
19/01/2025 10:30;Platoon;Drama;Oliver Stone;1986;120;12;8.50
18/01/2025 18:00;Barry Lyndon;Adventure;Stanley Kubrick;1975;185;6;9.00
18/01/2025 15:30;First Blood;Action;Ted Kotcheff;1982;93;12;6.50
18/01/2025 13:00;Au revoir les enfants;Drama;Louis Malle;1987;104;0;7.00
18/01/2025 10:00;Escape from Alcatraz;Action;Don Siegel;1979;112;12;8.50
17/01/2025 16:00;First Blood;Action;Ted Kotcheff;1982;93;12;7.00
17/01/2025 13:30;Gongdong gyeongbi guyeok JSA;Action;Chan-wook Park;2000;110;12;6.50
17/01/2025 10:30;Platoon;Drama;Oliver Stone;1986;120;12;8.00
16/01/2025 15:30;All About Eve;Drama;Joseph L. Mankiewicz;1950;138;12;7.00
16/01/2025 13:00;Finding Nemo;Animation;Andrew Stanton;2003;100;0;8.50
16/01/2025 10:30;Stand by Me;Adventure;Rob Reiner;1986;89;0;6.50
15/01/2025 13:00;City Lights;Comedy;Charles Chaplin;1931;87;0;7.50
15/01/2025 10:30;Fa yeung nin wah;Drama;Kar-Wai Wong;2000;98;0;6.50
14/01/2025 10:30;Twelve Monkeys;Mystery;Terry Gilliam;1995;129;12;7.00
13/01/2025 10:00;Amélie;Comedy;Jean-Pierre Jeunet;2001;122;0;8.00
12/01/2025 15:30;The Godfather: Part III;Crime;Francis Ford Coppola;1990;162;12;6.50
12/01/2025 13:00;Escape from Alcatraz;Action;Don Siegel;1979;112;12;6.50
12/01/2025 10:30;The Thin Man;Comedy;W.S. Van Dyke;1934;91;12;6.50
11/01/2025 15:00;Platoon;Drama;Oliver Stone;1986;120;12;8.50
11/01/2025 12:30;City Lights;Comedy;Charles Chaplin;1931;87;0;8.50
11/01/2025 10:00;Les choristes;Drama;Christophe Barratier;2004;97;12;6.50
10/01/2025 10:30;The Thin Man;Comedy;W.S. Van Dyke;1934;91;12;7.50
09/01/2025 13:00;Mononoke-hime;Animation;Hayao Miyazaki;1997;134;0;7.50
09/01/2025 10:30;The Thin Man;Comedy;W.S. Van Dyke;1934;91;12;7.00
08/01/2025 16:00;All About Eve;Drama;Joseph L. Mankiewicz;1950;138;12;7.50
08/01/2025 13:00;Mononoke-hime;Animation;Hayao Miyazaki;1997;134;0;8.50
08/01/2025 10:00;All About Eve;Drama;Joseph L. Mankiewicz;1950;138;12;8.50
07/01/2025 16:30;Repulsion;Drama;Roman Polanski;1965;105;12;6.50
07/01/2025 13:30;Twelve Monkeys;Mystery;Terry Gilliam;1995;129;12;6.50
07/01/2025 10:00;The Godfather: Part III;Crime;Francis Ford Coppola;1990;162;12;6.50
06/01/2025 10:30;Home Alone;Comedy;Chris Columbus;1990;103;0;7.50
05/01/2025 19:00;The Apartment;Comedy;Billy Wilder;1960;125;0;9.50
05/01/2025 16:30;Dial M for Murder;Crime;Alfred Hitchcock;1954;105;12;7.00
05/01/2025 13:30;In the Name of the Father;Biography;Jim Sheridan;1993;133;12;7.50
05/01/2025 10:30;The Apartment;Comedy;Billy Wilder;1960;125;0;7.00
04/01/2025 18:30;First Blood;Action;Ted Kotcheff;1982;93;12;8.50
04/01/2025 16:00;Fa yeung nin wah;Drama;Kar-Wai Wong;2000;98;0;7.00
04/01/2025 13:30;Repulsion;Drama;Roman Polanski;1965;105;12;8.50
04/01/2025 10:30;In the Name of the Father;Biography;Jim Sheridan;1993;133;12;7.00
03/01/2025 10:00;The Kid;Comedy;Charles Chaplin;1921;68;12;8.50
02/01/2025 16:00;Stagecoach;Adventure;John Ford;1939;96;12;7.00
02/01/2025 12:30;The Last Samurai;Action;Edward Zwick;2003;154;12;6.50
02/01/2025 10:00;The Thin Man;Comedy;W.S. Van Dyke;1934;91;12;8.50
01/01/2025 13:00;The Apartment;Comedy;Billy Wilder;1960;125;0;8.50
01/01/2025 10:30;Stand by Me;Adventure;Rob Reiner;1986;89;0;7.00
31/12/2024 13:00;Gongdong gyeongbi guyeok JSA;Action;Chan-wook Park;2000;110;12;6.50
31/12/2024 10:30;First Blood;Action;Ted Kotcheff;1982;93;12;6.50
30/12/2024 16:30;Lola rennt;Crime;Tom Tykwer;1998;81;12;7.50
30/12/2024 13:30;Midnight Cowboy;Drama;John Schlesinger;1969;113;12;8.00
30/12/2024 10:30;Mississippi Burning;Crime;Alan Parker;1988;128;12;7.00
29/12/2024 16:30;Gongdong gyeongbi guyeok JSA;Action;Chan-wook Park;2000;110;12;6.50
29/12/2024 14:00;Jeux d'enfants;Comedy;Yann Samuell;2003;93;16;7.00
29/12/2024 10:30;The Godfather: Part III;Crime;Francis Ford Coppola;1990;162;12;8.00
28/12/2024 19:00;Harry Potter and the Prisoner of Azkaban;Adventure;Alfonso Cuarón;2004;142;0;8.50
28/12/2024 16:00;Harry Potter and the Prisoner of Azkaban;Adventure;Alfonso Cuarón;2004;142;0;6.50
28/12/2024 12:30;Anatomy of a Murder;Crime;Otto Preminger;1959;161;12;7.00
28/12/2024 10:30;"Shin seiki Evangelion Gekijô-ban: Air/Magokoro wo; kimi ni";Animation;Hideaki Anno;1997;87;12;8.00
27/12/2024 13:00;Finding Nemo;Animation;Andrew Stanton;2003;100;0;6.50
27/12/2024 10:30;Le samouraï;Crime;Jean-Pierre Melville;1967;105;12;6.50
26/12/2024 16:00;Midnight Cowboy;Drama;John Schlesinger;1969;113;12;7.50
26/12/2024 12:30;Das Boot;Adventure;Wolfgang Petersen;1981;149;16;7.00
26/12/2024 10:00;The Thin Man;Comedy;W.S. Van Dyke;1934;91;12;6.50
25/12/2024 15:30;Finding Nemo;Animation;Andrew Stanton;2003;100;0;6.50
25/12/2024 13:00;Eternal Sunshine of the Spotless Mind;Drama;Michel Gondry;2004;108;12;8.50
25/12/2024 10:30;Blade Runner;Action;Ridley Scott;1982;117;12;8.50
24/12/2024 15:30;Jeux d'enfants;Comedy;Yann Samuell;2003;93;16;8.50
24/12/2024 12:30;Die Hard;Action;John McTiernan;1988;132;12;8.50
24/12/2024 10:00;City Lights;Comedy;Charles Chaplin;1931;87;0;7.00
23/12/2024 10:00;American Psycho;Comedy;Mary Harron;2000;101;12;7.00
22/12/2024 15:30;Anatomy of a Murder;Crime;Otto Preminger;1959;161;12;8.50
22/12/2024 13:00;The Others;Horror;Alejandro Amenábar;2001;101;12;7.00
22/12/2024 10:30;Il postino;Biography;Michael Radford;1994;108;0;7.50
21/12/2024 18:30;In the Name of the Father;Biography;Jim Sheridan;1993;133;12;10.00
21/12/2024 15:00;All About Eve;Drama;Joseph L. Mankiewicz;1950;138;12;6.50
21/12/2024 12:30;City Lights;Comedy;Charles Chaplin;1931;87;0;8.50
21/12/2024 10:00;Gongdong gyeongbi guyeok JSA;Action;Chan-wook Park;2000;110;12;7.00
20/12/2024 15:30;The Night of the Hunter;Crime;Charles Laughton;1955;92;12;8.50
20/12/2024 13:30;Freaks;Drama;Tod Browning;1932;64;12;8.00
20/12/2024 10:30;Die Hard;Action;John McTiernan;1988;132;12;7.00
19/12/2024 13:00;Finding Nemo;Animation;Andrew Stanton;2003;100;0;7.00
19/12/2024 10:00;Dog Day Afternoon;Biography;Sidney Lumet;1975;125;0;7.00
18/12/2024 10:00;The Others;Horror;Alejandro Amenábar;2001;101;12;8.00
17/12/2024 10:00;City Lights;Comedy;Charles Chaplin;1931;87;0;6.50
16/12/2024 13:00;Eternal Sunshine of the Spotless Mind;Drama;Michel Gondry;2004;108;12;6.50
16/12/2024 10:00;The Wild Bunch;Action;Sam Peckinpah;1969;145;12;8.50
15/12/2024 15:30;Snatch;Comedy;Guy Ritchie;2000;104;12;8.00
15/12/2024 12:30;The Outlaw Josey Wales;Western;Clint Eastwood;1976;135;12;8.00
15/12/2024 10:00;Lola rennt;Crime;Tom Tykwer;1998;81;12;7.00
14/12/2024 16:00;The Others;Horror;Alejandro Amenábar;2001;101;12;6.50
14/12/2024 13:00;Harry Potter and the Prisoner of Azkaban;Adventure;Alfonso Cuarón;2004;142;0;7.00
14/12/2024 10:30;Jeux d'enfants;Comedy;Yann Samuell;2003;93;16;7.00
13/12/2024 10:00;Snatch;Comedy;Guy Ritchie;2000;104;12;7.00
12/12/2024 10:00;The Outlaw Josey Wales;Western;Clint Eastwood;1976;135;12;7.50
11/12/2024 15:00;The Night of the Hunter;Crime;Charles Laughton;1955;92;12;8.50
11/12/2024 12:30;Il postino;Biography;Michael Radford;1994;108;0;8.50
11/12/2024 10:00;Midnight Cowboy;Drama;John Schlesinger;1969;113;12;7.50
10/12/2024 13:00;Le samouraï;Crime;Jean-Pierre Melville;1967;105;12;7.50
10/12/2024 10:30;Lola rennt;Crime;Tom Tykwer;1998;81;12;6.50
09/12/2024 13:30;Die Hard;Action;John McTiernan;1988;132;12;7.00
09/12/2024 10:30;Midnight Cowboy;Drama;John Schlesinger;1969;113;12;8.00
08/12/2024 16:30;Ying xiong;Action;Yimou Zhang;2002;120;12;6.50
08/12/2024 13:30;Blade Runner;Action;Ridley Scott;1982;117;12;8.00
08/12/2024 10:30;Midnight Cowboy;Drama;John Schlesinger;1969;113;12;6.50
07/12/2024 16:00;Das Boot;Adventure;Wolfgang Petersen;1981;149;16;8.00
07/12/2024 13:00;Boyz n the Hood;Crime;John Singleton;1991;112;12;7.50
07/12/2024 10:30;Il postino;Biography;Michael Radford;1994;108;0;7.00
06/12/2024 13:00;Das Boot;Adventure;Wolfgang Petersen;1981;149;16;7.50
06/12/2024 10:30;Il postino;Biography;Michael Radford;1994;108;0;6.50
05/12/2024 10:30;Mulan;Animation;Tony Bancroft;1998;88;0;8.50
04/12/2024 10:00;Harry Potter and the Prisoner of Azkaban;Adventure;Alfonso Cuarón;2004;142;0;7.00
03/12/2024 13:00;Blade Runner;Action;Ridley Scott;1982;117;12;8.00
03/12/2024 10:00;Ying xiong;Action;Yimou Zhang;2002;120;12;6.50
02/12/2024 13:00;The Night of the Hunter;Crime;Charles Laughton;1955;92;12;6.50
02/12/2024 10:30;Dial M for Murder;Crime;Alfred Hitchcock;1954;105;12;8.50
01/12/2024 18:00;American Psycho;Comedy;Mary Harron;2000;101;12;9.50
01/12/2024 15:30;The Night of the Hunter;Crime;Charles Laughton;1955;92;12;7.50
01/12/2024 12:30;Ying xiong;Action;Yimou Zhang;2002;120;12;8.50
01/12/2024 10:00;The Night of the Hunter;Crime;Charles Laughton;1955;92;12;7.00
30/11/2024 17:30;Dial M for Murder;Crime;Alfred Hitchcock;1954;105;12;8.00
30/11/2024 15:00;The 39 Steps;Crime;Alfred Hitchcock;1935;86;12;8.00
30/11/2024 12:30;Il postino;Biography;Michael Radford;1994;108;0;8.00
30/11/2024 10:00;The Night of the Hunter;Crime;Charles Laughton;1955;92;12;7.50
29/11/2024 15:30;Alien;Horror;Ridley Scott;1979;117;16;8.00
29/11/2024 13:00;Snatch;Comedy;Guy Ritchie;2000;104;12;8.50
29/11/2024 10:30;Mulan;Animation;Tony Bancroft;1998;88;0;8.50
28/11/2024 13:00;Ying xiong;Action;Yimou Zhang;2002;120;12;8.50
28/11/2024 10:00;La vita è bella;Comedy;Roberto Benigni;1997;116;0;8.00
27/11/2024 10:00;American Psycho;Comedy;Mary Harron;2000;101;12;7.50
26/11/2024 10:00;The Kid;Comedy;Charles Chaplin;1921;68;12;7.50
25/11/2024 10:00;The Last Samurai;Action;Edward Zwick;2003;154;12;8.50
24/11/2024 18:00;Fight Club;Drama;David Fincher;1999;139;12;10.00
24/11/2024 15:30;"Aguirre; der Zorn Gottes";Action;Werner Herzog;1972;95;12;7.50
24/11/2024 13:00;Il postino;Biography;Michael Radford;1994;108;0;8.50
24/11/2024 10:00;E.T. the Extra-Terrestrial;Family;Steven Spielberg;1982;115;0;8.00
23/11/2024 16:00;The Others;Horror;Alejandro Amenábar;2001;101;12;8.50
23/11/2024 13:30;Mulan;Animation;Tony Bancroft;1998;88;0;8.00
23/11/2024 10:30;Fight Club;Drama;David Fincher;1999;139;12;8.50
22/11/2024 13:00;Dial M for Murder;Crime;Alfred Hitchcock;1954;105;12;8.00
22/11/2024 10:30;Eternal Sunshine of the Spotless Mind;Drama;Michel Gondry;2004;108;12;8.00
21/11/2024 10:00;Alien;Horror;Ridley Scott;1979;117;16;6.50
20/11/2024 14:00;Fight Club;Drama;David Fincher;1999;139;12;7.00
20/11/2024 10:00;Underground;Comedy;Emir Kusturica;1995;170;12;7.50
19/11/2024 10:30;Snatch;Comedy;Guy Ritchie;2000;104;12;8.00
18/11/2024 13:00;The Outlaw Josey Wales;Western;Clint Eastwood;1976;135;12;8.50
18/11/2024 10:00;Fight Club;Drama;David Fincher;1999;139;12;8.50
17/11/2024 16:00;Evil Dead II;Action;Sam Raimi;1987;84;12;8.50
17/11/2024 13:30;Crash;Crime;Paul Haggis;2004;112;12;6.50
17/11/2024 10:30;La vita è bella;Comedy;Roberto Benigni;1997;116;0;8.00
16/11/2024 16:30;Scent of a Woman;Drama;Martin Brest;1992;156;12;8.00
16/11/2024 14:00;Snatch;Comedy;Guy Ritchie;2000;104;12;8.50
16/11/2024 10:30;The Sound of Music;Biography;Robert Wise;1965;172;0;8.00
15/11/2024 10:30;Mulan;Animation;Tony Bancroft;1998;88;0;7.50
14/11/2024 13:00;Midnight Cowboy;Drama;John Schlesinger;1969;113;12;7.50
14/11/2024 10:30;Evil Dead II;Action;Sam Raimi;1987;84;12;8.00
13/11/2024 16:00;Jeux d'enfants;Comedy;Yann Samuell;2003;93;16;7.50
13/11/2024 12:30;The Last Samurai;Action;Edward Zwick;2003;154;12;7.50
13/11/2024 10:00;"Aguirre; der Zorn Gottes";Action;Werner Herzog;1972;95;12;6.50
12/11/2024 13:00;E.T. the Extra-Terrestrial;Family;Steven Spielberg;1982;115;0;7.50
12/11/2024 10:00;Sen to Chihiro no kamikakushi;Animation;Hayao Miyazaki;2001;125;0;7.00
11/11/2024 10:30;The Thin Man;Comedy;W.S. Van Dyke;1934;91;12;7.00
10/11/2024 17:30;Hable con ella;Drama;Pedro Almodóvar;2002;112;16;8.50
10/11/2024 13:30;The Sound of Music;Biography;Robert Wise;1965;172;0;7.00
10/11/2024 10:00;Scent of a Woman;Drama;Martin Brest;1992;156;12;8.00
09/11/2024 19:00;Diarios de motocicleta;Adventure;Walter Salles;2004;126;0;9.50
09/11/2024 16:00;Akira;Animation;Katsuhiro Ôtomo;1988;124;12;8.00
09/11/2024 13:30;Alien;Horror;Ridley Scott;1979;117;16;8.50
09/11/2024 10:30;Abre los ojos;Drama;Alejandro Amenábar;1997;119;0;6.50
08/11/2024 13:00;Scent of a Woman;Drama;Martin Brest;1992;156;12;7.00
08/11/2024 10:00;Alien;Horror;Ridley Scott;1979;117;16;8.50
07/11/2024 16:30;Jeux d'enfants;Comedy;Yann Samuell;2003;93;16;8.50
07/11/2024 13:30;Almost Famous;Adventure;Cameron Crowe;2000;122;12;7.00
07/11/2024 10:30;Diarios de motocicleta;Adventure;Walter Salles;2004;126;0;7.50
06/11/2024 13:30;Alien;Horror;Ridley Scott;1979;117;16;8.50
06/11/2024 10:00;Underground;Comedy;Emir Kusturica;1995;170;12;8.00
05/11/2024 10:30;Stand by Me;Adventure;Rob Reiner;1986;89;0;7.50
04/11/2024 13:30;Out of the Past;Crime;Jacques Tourneur;1947;97;12;7.00
04/11/2024 10:30;Amarcord;Comedy;Federico Fellini;1973;123;16;7.50
03/11/2024 18:00;Diarios de motocicleta;Adventure;Walter Salles;2004;126;0;9.50
03/11/2024 16:00;Stand by Me;Adventure;Rob Reiner;1986;89;0;8.50
03/11/2024 13:30;Il conformista;Drama;Bernardo Bertolucci;1970;113;12;6.50
03/11/2024 10:30;E.T. the Extra-Terrestrial;Family;Steven Spielberg;1982;115;0;7.50
02/11/2024 15:30;The Sound of Music;Biography;Robert Wise;1965;172;0;6.50
02/11/2024 13:00;Majo no takkyûbin;Animation;Hayao Miyazaki;1989;103;0;8.00
02/11/2024 10:30;Dip huet seung hung;Action;John Woo;1989;111;16;7.50
01/11/2024 10:00;Dip huet seung hung;Action;John Woo;1989;111;16;7.50
31/10/2024 16:00;Il conformista;Drama;Bernardo Bertolucci;1970;113;12;7.00
31/10/2024 13:00;E.T. the Extra-Terrestrial;Family;Steven Spielberg;1982;115;0;7.00
31/10/2024 10:30;Star Trek II: The Wrath of Khan;Action;Nicholas Meyer;1982;113;0;7.50
30/10/2024 10:00;Almost Famous;Adventure;Cameron Crowe;2000;122;12;8.50
29/10/2024 15:00;E.T. the Extra-Terrestrial;Family;Steven Spielberg;1982;115;0;6.50
29/10/2024 12:00;Seppuku;Action;Masaki Kobayashi;1962;133;12;7.50
29/10/2024 10:00;Les triplettes de Belleville;Animation;Sylvain Chomet;2003;80;12;6.50
28/10/2024 15:30;Fight Club;Drama;David Fincher;1999;139;12;7.50
28/10/2024 13:00;Stand by Me;Adventure;Rob Reiner;1986;89;0;7.00
28/10/2024 10:30;Stand by Me;Adventure;Rob Reiner;1986;89;0;7.00
27/10/2024 17:00;E.T. the Extra-Terrestrial;Family;Steven Spielberg;1982;115;0;7.00
27/10/2024 13:30;All Quiet on the Western Front;Drama;Lewis Milestone;1930;152;0;8.00
27/10/2024 10:30;Almost Famous;Adventure;Cameron Crowe;2000;122;12;7.00
26/10/2024 15:30;La vita è bella;Comedy;Roberto Benigni;1997;116;0;8.00
26/10/2024 12:30;Alien;Horror;Ridley Scott;1979;117;16;7.00
26/10/2024 10:00;"Aguirre; der Zorn Gottes";Action;Werner Herzog;1972;95;12;7.00
25/10/2024 13:00;Almost Famous;Adventure;Cameron Crowe;2000;122;12;8.00
25/10/2024 10:00;Abre los ojos;Drama;Alejandro Amenábar;1997;119;0;8.00
24/10/2024 17:30;Akira;Animation;Katsuhiro Ôtomo;1988;124;12;7.00
24/10/2024 15:00;Airplane!;Comedy;Jim Abrahams;1980;88;0;8.00
24/10/2024 10:00;Hamlet;Drama;Kenneth Branagh;1996;242;12;7.50
23/10/2024 13:00;Kaze no tani no Naushika;Animation;Hayao Miyazaki;1984;117;0;8.00
23/10/2024 10:00;Sen to Chihiro no kamikakushi;Animation;Hayao Miyazaki;2001;125;0;8.50
22/10/2024 13:00;Akira;Animation;Katsuhiro Ôtomo;1988;124;12;7.50
22/10/2024 10:30;E.T. the Extra-Terrestrial;Family;Steven Spielberg;1982;115;0;7.50
21/10/2024 12:30;Le samouraï;Crime;Jean-Pierre Melville;1967;105;12;7.50
21/10/2024 10:00;Out of the Past;Crime;Jacques Tourneur;1947;97;12;8.00
20/10/2024 16:30;The Butterfly Effect;Drama;Eric Bress;2004;113;0;6.50
20/10/2024 13:30;Diarios de motocicleta;Adventure;Walter Salles;2004;126;0;7.50
20/10/2024 10:00;All Quiet on the Western Front;Drama;Lewis Milestone;1930;152;0;8.50
19/10/2024 17:30;Les triplettes de Belleville;Animation;Sylvain Chomet;2003;80;12;6.50
19/10/2024 14:00;Pulp Fiction;Crime;Quentin Tarantino;1994;154;12;8.00
19/10/2024 10:30;Scent of a Woman;Drama;Martin Brest;1992;156;12;7.50
18/10/2024 16:00;Fight Club;Drama;David Fincher;1999;139;12;7.50
18/10/2024 13:00;E.T. the Extra-Terrestrial;Family;Steven Spielberg;1982;115;0;7.50
18/10/2024 10:00;Dog Day Afternoon;Biography;Sidney Lumet;1975;125;0;6.50
17/10/2024 16:30;E.T. the Extra-Terrestrial;Family;Steven Spielberg;1982;115;0;7.50
17/10/2024 13:30;E.T. the Extra-Terrestrial;Family;Steven Spielberg;1982;115;0;6.50
17/10/2024 10:30;It's a Wonderful Life;Drama;Frank Capra;1946;130;6;7.50
16/10/2024 10:30;Seppuku;Action;Masaki Kobayashi;1962;133;12;6.50
15/10/2024 13:30;Raging Bull;Biography;Martin Scorsese;1980;129;12;8.00
15/10/2024 10:30;Idi i smotri;Drama;Elem Klimov;1985;142;12;8.50
14/10/2024 14:00;Il conformista;Drama;Bernardo Bertolucci;1970;113;12;8.00
14/10/2024 10:30;Fitzcarraldo;Adventure;Werner Herzog;1982;158;16;8.00
13/10/2024 18:30;Airplane!;Comedy;Jim Abrahams;1980;88;0;9.50
13/10/2024 16:00;Gilda;Drama;Charles Vidor;1946;110;12;7.50
13/10/2024 13:30;Lethal Weapon;Action;Richard Donner;1987;109;12;8.00
13/10/2024 10:30;The Butterfly Effect;Drama;Eric Bress;2004;113;0;6.50
12/10/2024 17:30;E.T. the Extra-Terrestrial;Family;Steven Spielberg;1982;115;0;7.00
12/10/2024 15:30;City Lights;Comedy;Charles Chaplin;1931;87;0;8.00
12/10/2024 13:00;Before Sunset;Drama;Richard Linklater;2004;80;16;6.50
12/10/2024 10:30;The Thin Man;Comedy;W.S. Van Dyke;1934;91;12;7.50
11/10/2024 10:30;Les triplettes de Belleville;Animation;Sylvain Chomet;2003;80;12;8.50
10/10/2024 13:30;Scent of a Woman;Drama;Martin Brest;1992;156;12;7.50
10/10/2024 10:00;Fight Club;Drama;David Fincher;1999;139;12;8.50
09/10/2024 13:30;The Thin Man;Comedy;W.S. Van Dyke;1934;91;12;7.50
09/10/2024 10:30;The Goonies;Adventure;Richard Donner;1985;114;0;6.50
08/10/2024 12:30;The Bourne Supremacy;Action;Paul Greengrass;2004;108;12;7.00
08/10/2024 10:00;Lethal Weapon;Action;Richard Donner;1987;109;12;7.50
07/10/2024 10:30;Sen to Chihiro no kamikakushi;Animation;Hayao Miyazaki;2001;125;0;8.00
06/10/2024 18:30;Viskningar och rop;Drama;Ingmar Bergman;1972;91;12;10.00
06/10/2024 15:00;Idi i smotri;Drama;Elem Klimov;1985;142;12;7.00
06/10/2024 12:30;Lethal Weapon;Action;Richard Donner;1987;109;12;7.00
06/10/2024 10:00;Airplane!;Comedy;Jim Abrahams;1980;88;0;8.00
05/10/2024 17:30;Gilda;Drama;Charles Vidor;1946;110;12;7.00
05/10/2024 15:00;After Hours;Comedy;Martin Scorsese;1985;97;12;7.00
05/10/2024 12:30;Out of the Past;Crime;Jacques Tourneur;1947;97;12;8.50
05/10/2024 10:00;Out of the Past;Crime;Jacques Tourneur;1947;97;12;7.50
04/10/2024 10:00;Stand by Me;Adventure;Rob Reiner;1986;89;0;6.50
03/10/2024 16:30;Almost Famous;Adventure;Cameron Crowe;2000;122;12;7.50
03/10/2024 14:30;Airplane!;Comedy;Jim Abrahams;1980;88;0;7.00
03/10/2024 10:30;The Lord of the Rings: The Fellowship of the Ring;Action;Peter Jackson;2001;178;0;6.50
02/10/2024 10:00;Amarcord;Comedy;Federico Fellini;1973;123;16;7.00
01/10/2024 12:30;Pulp Fiction;Crime;Quentin Tarantino;1994;154;12;7.00
01/10/2024 10:00;Majo no takkyûbin;Animation;Hayao Miyazaki;1989;103;0;7.50
30/09/2024 15:30;Ace in the Hole;Drama;Billy Wilder;1951;111;12;8.00
30/09/2024 13:00;The Shop Around the Corner;Comedy;Ernst Lubitsch;1940;99;12;8.50
30/09/2024 10:00;The Butterfly Effect;Drama;Eric Bress;2004;113;0;8.00
29/09/2024 18:30;Dog Day Afternoon;Biography;Sidney Lumet;1975;125;0;9.00
29/09/2024 16:00;Le samouraï;Crime;Jean-Pierre Melville;1967;105;12;6.50
29/09/2024 13:00;Almost Famous;Adventure;Cameron Crowe;2000;122;12;6.50
29/09/2024 10:00;Kaze no tani no Naushika;Animation;Hayao Miyazaki;1984;117;0;8.50
28/09/2024 18:30;Enter the Dragon;Action;Robert Clouse;1973;102;12;10.00
28/09/2024 16:00;Le samouraï;Crime;Jean-Pierre Melville;1967;105;12;8.00
28/09/2024 13:30;No Man's Land;Comedy;Danis Tanovic;2001;98;16;7.00
28/09/2024 10:30;It's a Wonderful Life;Drama;Frank Capra;1946;130;6;8.00
27/09/2024 16:00;City Lights;Comedy;Charles Chaplin;1931;87;0;7.50
27/09/2024 13:00;Seppuku;Action;Masaki Kobayashi;1962;133;12;8.00
27/09/2024 10:00;Dog Day Afternoon;Biography;Sidney Lumet;1975;125;0;6.50
26/09/2024 10:30;Midnight Express;Biography;Alan Parker;1978;121;12;8.50
25/09/2024 10:00;Crimes and Misdemeanors;Comedy;Woody Allen;1989;104;12;8.50
24/09/2024 10:30;The Butterfly Effect;Drama;Eric Bress;2004;113;0;8.00
23/09/2024 16:30;After Hours;Comedy;Martin Scorsese;1985;97;12;8.50
23/09/2024 14:00;Lethal Weapon;Action;Richard Donner;1987;109;12;6.50
23/09/2024 10:30;Pulp Fiction;Crime;Quentin Tarantino;1994;154;12;8.50
22/09/2024 19:00;The Grapes of Wrath;Drama;John Ford;1940;129;12;10.00
22/09/2024 16:00;The Goonies;Adventure;Richard Donner;1985;114;0;6.50
22/09/2024 13:00;The Bourne Supremacy;Action;Paul Greengrass;2004;108;12;8.50
22/09/2024 10:30;The Goonies;Adventure;Richard Donner;1985;114;0;8.00
21/09/2024 16:00;Star Trek II: The Wrath of Khan;Action;Nicholas Meyer;1982;113;0;7.00
21/09/2024 13:00;Seppuku;Action;Masaki Kobayashi;1962;133;12;8.50
21/09/2024 10:30;Kaze no tani no Naushika;Animation;Hayao Miyazaki;1984;117;0;8.50
20/09/2024 12:30;The Lord of the Rings: The Fellowship of the Ring;Action;Peter Jackson;2001;178;0;6.50
20/09/2024 10:00;Enter the Dragon;Action;Robert Clouse;1973;102;12;7.00
19/09/2024 12:30;Dog Day Afternoon;Biography;Sidney Lumet;1975;125;0;7.50
19/09/2024 10:00;Saw;Horror;James Wan;2004;103;12;8.00
18/09/2024 10:00;Gilda;Drama;Charles Vidor;1946;110;12;6.50
17/09/2024 13:00;Star Trek II: The Wrath of Khan;Action;Nicholas Meyer;1982;113;0;8.50
17/09/2024 10:00;The Goonies;Adventure;Richard Donner;1985;114;0;7.50
16/09/2024 16:00;The Shop Around the Corner;Comedy;Ernst Lubitsch;1940;99;12;8.00
16/09/2024 13:30;Kaze no tani no Naushika;Animation;Hayao Miyazaki;1984;117;0;8.50
16/09/2024 10:30;Midnight Express;Biography;Alan Parker;1978;121;12;7.50
15/09/2024 19:30;Heat;Crime;Michael Mann;1995;170;12;9.50
15/09/2024 17:00;Viskningar och rop;Drama;Ingmar Bergman;1972;91;12;7.50
15/09/2024 14:00;Vozvrashchenie;Drama;Andrey Zvyagintsev;2003;110;12;7.00
15/09/2024 10:30;Pulp Fiction;Crime;Quentin Tarantino;1994;154;12;7.00
14/09/2024 18:30;Vozvrashchenie;Drama;Andrey Zvyagintsev;2003;110;12;10.00
14/09/2024 16:00;The Butterfly Effect;Drama;Eric Bress;2004;113;0;8.50
14/09/2024 13:00;Akira;Animation;Katsuhiro Ôtomo;1988;124;12;8.50
14/09/2024 10:30;The Shop Around the Corner;Comedy;Ernst Lubitsch;1940;99;12;8.50
13/09/2024 15:30;Heat;Crime;Michael Mann;1995;170;12;7.00
13/09/2024 12:30;The Grapes of Wrath;Drama;John Ford;1940;129;12;8.00
13/09/2024 10:00;After Hours;Comedy;Martin Scorsese;1985;97;12;8.00
12/09/2024 12:30;Back to the Future;Adventure;Robert Zemeckis;1985;116;0;6.50
12/09/2024 10:00;Crimes and Misdemeanors;Comedy;Woody Allen;1989;104;12;8.00
11/09/2024 16:00;City Lights;Comedy;Charles Chaplin;1931;87;0;7.00
11/09/2024 13:00;Glory;Biography;Edward Zwick;1989;122;16;7.50
11/09/2024 10:30;Dr. Strangelove or: How I Learned to Stop Worrying and Love the Bomb;Comedy;Stanley Kubrick;1964;95;12;7.50
10/09/2024 13:00;Modern Times;Comedy;Charles Chaplin;1936;87;0;7.00
10/09/2024 10:30;No Man's Land;Comedy;Danis Tanovic;2001;98;16;8.50
09/09/2024 10:00;Ace in the Hole;Drama;Billy Wilder;1951;111;12;8.50
08/09/2024 16:00;Pulp Fiction;Crime;Quentin Tarantino;1994;154;12;8.50
08/09/2024 13:00;The Bourne Identity;Action;Doug Liman;2002;119;12;7.00
08/09/2024 10:00;Ace in the Hole;Drama;Billy Wilder;1951;111;12;7.50
07/09/2024 18:30;Crimes and Misdemeanors;Comedy;Woody Allen;1989;104;12;9.50
07/09/2024 16:00;Saw;Horror;James Wan;2004;103;12;6.50
07/09/2024 13:30;Monty Python and the Holy Grail;Adventure;Terry Gilliam;1975;91;6;7.50
07/09/2024 10:00;Empire of the Sun;Action;Steven Spielberg;1987;153;0;8.00
06/09/2024 15:30;Crimes and Misdemeanors;Comedy;Woody Allen;1989;104;12;8.50
06/09/2024 13:00;Blood Simple;Crime;Joel Coen;1984;99;12;7.50
06/09/2024 10:00;Glory;Biography;Edward Zwick;1989;122;16;8.00
05/09/2024 10:30;Manhattan;Comedy;Woody Allen;1979;96;16;7.00
04/09/2024 10:30;Midnight Express;Biography;Alan Parker;1978;121;12;6.50
03/09/2024 15:00;A Beautiful Mind;Biography;Ron Howard;2001;135;12;6.50
03/09/2024 12:30;Blood Simple;Crime;Joel Coen;1984;99;12;7.00
03/09/2024 10:00;Saw;Horror;James Wan;2004;103;12;7.50
02/09/2024 16:30;Monty Python and the Holy Grail;Adventure;Terry Gilliam;1975;91;6;8.00
02/09/2024 13:30;The Grapes of Wrath;Drama;John Ford;1940;129;12;8.50
02/09/2024 10:30;Midnight Express;Biography;Alan Parker;1978;121;12;7.50
01/09/2024 19:00;Saw;Horror;James Wan;2004;103;12;8.50
01/09/2024 15:30;Empire of the Sun;Action;Steven Spielberg;1987;153;0;8.50
01/09/2024 13:00;Dr. Strangelove or: How I Learned to Stop Worrying and Love the Bomb;Comedy;Stanley Kubrick;1964;95;12;8.00
01/09/2024 10:30;Manhattan;Comedy;Woody Allen;1979;96;16;8.50
31/08/2024 16:30;Saw;Horror;James Wan;2004;103;12;8.00
31/08/2024 13:30;Akira;Animation;Katsuhiro Ôtomo;1988;124;12;8.50
31/08/2024 10:30;Glory;Biography;Edward Zwick;1989;122;16;7.50
30/08/2024 16:30;Vozvrashchenie;Drama;Andrey Zvyagintsev;2003;110;12;7.50
30/08/2024 13:00;Empire of the Sun;Action;Steven Spielberg;1987;153;0;8.50
30/08/2024 10:00;Akira;Animation;Katsuhiro Ôtomo;1988;124;12;8.50
29/08/2024 17:00;Akira;Animation;Katsuhiro Ôtomo;1988;124;12;6.50
29/08/2024 13:30;Heat;Crime;Michael Mann;1995;170;12;7.00
29/08/2024 10:00;Heat;Crime;Michael Mann;1995;170;12;6.50
28/08/2024 13:30;The Red Shoes;Drama;Michael Powell;1948;135;12;7.50
28/08/2024 10:30;The Butterfly Effect;Drama;Eric Bress;2004;113;0;6.50
27/08/2024 13:30;Dr. Strangelove or: How I Learned to Stop Worrying and Love the Bomb;Comedy;Stanley Kubrick;1964;95;12;7.00
27/08/2024 10:30;The Bourne Identity;Action;Doug Liman;2002;119;12;8.00
26/08/2024 13:00;Paper Moon;Comedy;Peter Bogdanovich;1973;102;0;7.00
26/08/2024 10:30;No Man's Land;Comedy;Danis Tanovic;2001;98;16;8.50
25/08/2024 18:30;Akira;Animation;Katsuhiro Ôtomo;1988;124;12;9.50
25/08/2024 16:00;Back to the Future;Adventure;Robert Zemeckis;1985;116;0;7.00
25/08/2024 13:30;The Shop Around the Corner;Comedy;Ernst Lubitsch;1940;99;12;7.50
25/08/2024 10:30;Back to the Future;Adventure;Robert Zemeckis;1985;116;0;7.50
24/08/2024 18:30;Saw;Horror;James Wan;2004;103;12;10.00
24/08/2024 15:30;Hotel Rwanda;Biography;Terry George;2004;121;12;8.00
24/08/2024 13:00;Before Sunrise;Drama;Richard Linklater;1995;101;16;7.50
24/08/2024 10:30;Saw;Horror;James Wan;2004;103;12;8.50
23/08/2024 10:30;Festen;Drama;Thomas Vinterberg;1998;105;16;7.50
22/08/2024 15:30;Monty Python and the Holy Grail;Adventure;Terry Gilliam;1975;91;6;7.00
22/08/2024 13:00;No Man's Land;Comedy;Danis Tanovic;2001;98;16;8.50
22/08/2024 10:00;Vozvrashchenie;Drama;Andrey Zvyagintsev;2003;110;12;8.50
21/08/2024 10:30;Akira;Animation;Katsuhiro Ôtomo;1988;124;12;8.50
20/08/2024 10:30;Saw;Horror;James Wan;2004;103;12;6.50
19/08/2024 13:30;Manhattan;Comedy;Woody Allen;1979;96;16;6.50
19/08/2024 10:30;Back to the Future;Adventure;Robert Zemeckis;1985;116;0;7.00
18/08/2024 20:30;Anatomy of a Murder;Crime;Otto Preminger;1959;161;12;8.50
18/08/2024 18:00;The Odd Couple;Comedy;Gene Saks;1968;105;0;9.50
18/08/2024 14:00;Heat;Crime;Michael Mann;1995;170;12;8.50
18/08/2024 10:00;Magnolia;Drama;Paul Thomas Anderson;1999;188;16;6.50
17/08/2024 16:30;Saw;Horror;James Wan;2004;103;12;8.50
17/08/2024 13:30;The Grapes of Wrath;Drama;John Ford;1940;129;12;8.50
17/08/2024 10:30;Glory;Biography;Edward Zwick;1989;122;16;7.50
16/08/2024 17:00;The Grapes of Wrath;Drama;John Ford;1940;129;12;8.50
16/08/2024 14:30;Cape Fear;Drama;J. Lee Thompson;1962;106;12;7.50
16/08/2024 10:30;Dilwale Dulhania Le Jayenge;Drama;Aditya Chopra;1995;189;0;8.00
15/08/2024 13:00;Y tu mamá también;Drama;Alfonso Cuarón;2001;106;12;7.00
15/08/2024 10:30;Saw;Horror;James Wan;2004;103;12;7.50
14/08/2024 13:30;Manhattan;Comedy;Woody Allen;1979;96;16;8.50
14/08/2024 10:00;Empire of the Sun;Action;Steven Spielberg;1987;153;0;6.50
13/08/2024 10:00;Saw;Horror;James Wan;2004;103;12;8.50
12/08/2024 10:00;Magnolia;Drama;Paul Thomas Anderson;1999;188;16;8.00
11/08/2024 20:00;Paper Moon;Comedy;Peter Bogdanovich;1973;102;0;10.00
11/08/2024 16:30;"Il buono; il brutto; il cattivo";Western;Sergio Leone;1966;161;12;7.50
11/08/2024 12:30;Dilwale Dulhania Le Jayenge;Drama;Aditya Chopra;1995;189;0;7.50
11/08/2024 10:00;Glengarry Glen Ross;Crime;James Foley;1992;100;16;8.50
10/08/2024 18:30;Akira;Animation;Katsuhiro Ôtomo;1988;124;12;8.50
10/08/2024 16:00;Y tu mamá también;Drama;Alfonso Cuarón;2001;106;12;8.50
10/08/2024 13:00;Cape Fear;Drama;J. Lee Thompson;1962;106;12;7.00
10/08/2024 10:30;Glengarry Glen Ross;Crime;James Foley;1992;100;16;6.50
09/08/2024 10:30;Blood Simple;Crime;Joel Coen;1984;99;12;8.00
08/08/2024 16:00;Badlands;Action;Terrence Malick;1973;94;6;7.00
08/08/2024 13:00;The Man Who Would Be King;Adventure;John Huston;1975;129;6;8.50
08/08/2024 10:30;Before Sunrise;Drama;Richard Linklater;1995;101;16;6.50
07/08/2024 15:30;Magnolia;Drama;Paul Thomas Anderson;1999;188;16;7.50
07/08/2024 13:00;Glengarry Glen Ross;Crime;James Foley;1992;100;16;6.50
07/08/2024 10:30;Festen;Drama;Thomas Vinterberg;1998;105;16;6.50
06/08/2024 10:00;Anatomy of a Murder;Crime;Otto Preminger;1959;161;12;6.50
05/08/2024 10:00;Eskiya;Crime;Yavuz Turgul;1996;128;12;7.00
04/08/2024 17:30;Det sjunde inseglet;Drama;Ingmar Bergman;1957;96;12;7.00
04/08/2024 15:00;Cape Fear;Drama;J. Lee Thompson;1962;106;12;7.50
04/08/2024 12:30;Glengarry Glen Ross;Crime;James Foley;1992;100;16;7.00
04/08/2024 10:00;Paper Moon;Comedy;Peter Bogdanovich;1973;102;0;7.50
03/08/2024 19:30;Cape Fear;Drama;J. Lee Thompson;1962;106;12;9.50
03/08/2024 17:00;Manhattan;Comedy;Woody Allen;1979;96;16;8.50
03/08/2024 14:30;Festen;Drama;Thomas Vinterberg;1998;105;16;6.50
03/08/2024 10:30;Dilwale Dulhania Le Jayenge;Drama;Aditya Chopra;1995;189;0;8.00
02/08/2024 13:00;"Il buono; il brutto; il cattivo";Western;Sergio Leone;1966;161;12;8.00
02/08/2024 10:30;Willy Wonka & the Chocolate Factory;Family;Mel Stuart;1971;100;0;6.50
01/08/2024 10:30;Monty Python and the Holy Grail;Adventure;Terry Gilliam;1975;91;6;7.00
31/07/2024 13:00;Before Sunrise;Drama;Richard Linklater;1995;101;16;7.50
31/07/2024 10:30;The Odd Couple;Comedy;Gene Saks;1968;105;0;8.00
30/07/2024 15:30;Star Wars: Episode V - The Empire Strikes Back;Action;Irvin Kershner;1980;124;12;8.50
30/07/2024 12:30;Serpico;Biography;Sidney Lumet;1973;130;12;8.50
30/07/2024 10:30;Le dîner de cons;Comedy;Francis Veber;1998;80;12;8.00
29/07/2024 10:00;Paper Moon;Comedy;Peter Bogdanovich;1973;102;0;7.00
28/07/2024 18:30;Before Sunrise;Drama;Richard Linklater;1995;101;16;10.00
28/07/2024 16:00;Léon;Action;Luc Besson;1994;110;12;7.50
28/07/2024 13:00;The Bourne Identity;Action;Doug Liman;2002;119;12;6.50
28/07/2024 10:00;Léon;Action;Luc Besson;1994;110;12;8.50
27/07/2024 17:00;Raiders of the Lost Ark;Action;Steven Spielberg;1981;115;12;7.50
27/07/2024 13:00;Dilwale Dulhania Le Jayenge;Drama;Aditya Chopra;1995;189;0;7.50
27/07/2024 10:30;Willy Wonka & the Chocolate Factory;Family;Mel Stuart;1971;100;0;7.50
26/07/2024 12:30;Invasion of the Body Snatchers;Drama;Don Siegel;1956;80;12;7.50
26/07/2024 10:00;Willy Wonka & the Chocolate Factory;Family;Mel Stuart;1971;100;0;7.00
25/07/2024 12:30;Dr. Strangelove or: How I Learned to Stop Worrying and Love the Bomb;Comedy;Stanley Kubrick;1964;95;12;8.00
25/07/2024 10:00;Nosferatu;Fantasy;F.W. Murnau;1922;94;12;8.00
24/07/2024 17:00;Badlands;Action;Terrence Malick;1973;94;6;6.50
24/07/2024 13:00;Dilwale Dulhania Le Jayenge;Drama;Aditya Chopra;1995;189;0;8.00
24/07/2024 10:00;Serpico;Biography;Sidney Lumet;1973;130;12;8.50
23/07/2024 12:00;Kôkaku Kidôtai;Animation;Mamoru Oshii;1995;83;12;6.50
23/07/2024 10:00;The Jungle Book;Animation;Wolfgang Reitherman;1967;78;0;6.50
22/07/2024 13:00;Le dîner de cons;Comedy;Francis Veber;1998;80;12;8.50
22/07/2024 10:30;The Thin Man;Comedy;W.S. Van Dyke;1934;91;12;6.50
21/07/2024 19:30;"Il buono; il brutto; il cattivo";Western;Sergio Leone;1966;161;12;10.00
21/07/2024 15:30;Magnolia;Drama;Paul Thomas Anderson;1999;188;16;7.50
21/07/2024 13:00;Y tu mamá también;Drama;Alfonso Cuarón;2001;106;12;6.50
21/07/2024 10:00;The Grapes of Wrath;Drama;John Ford;1940;129;12;7.50
20/07/2024 16:30;The Man Who Would Be King;Adventure;John Huston;1975;129;6;8.50
20/07/2024 14:30;Kôkaku Kidôtai;Animation;Mamoru Oshii;1995;83;12;6.50
20/07/2024 12:00;Knockin' on Heaven's Door;Action;Thomas Jahn;1997;87;12;7.00
20/07/2024 10:00;Kôkaku Kidôtai;Animation;Mamoru Oshii;1995;83;12;6.50
19/07/2024 15:00;Harry Potter and the Prisoner of Azkaban;Adventure;Alfonso Cuarón;2004;142;0;7.00
19/07/2024 12:30;Paper Moon;Comedy;Peter Bogdanovich;1973;102;0;8.50
19/07/2024 10:30;Kôkaku Kidôtai;Animation;Mamoru Oshii;1995;83;12;6.50
18/07/2024 14:00;Léon;Action;Luc Besson;1994;110;12;7.50
18/07/2024 10:30;Rio Bravo;Action;Howard Hawks;1959;141;12;7.50
17/07/2024 10:00;The Bourne Identity;Action;Doug Liman;2002;119;12;6.50
16/07/2024 14:30;The Shining;Drama;Stanley Kubrick;1980;146;12;8.00
16/07/2024 10:30;Magnolia;Drama;Paul Thomas Anderson;1999;188;16;6.50
15/07/2024 10:30;Eskiya;Crime;Yavuz Turgul;1996;128;12;7.50
14/07/2024 17:30;Willy Wonka & the Chocolate Factory;Family;Mel Stuart;1971;100;0;8.00
14/07/2024 15:00;Key Largo;Action;John Huston;1948;100;12;8.50
14/07/2024 12:30;Festen;Drama;Thomas Vinterberg;1998;105;16;8.00
14/07/2024 10:00;Annie Hall;Comedy;Woody Allen;1977;93;12;8.50
13/07/2024 18:00;Nosferatu;Fantasy;F.W. Murnau;1922;94;12;9.00
13/07/2024 15:00;Star Wars: Episode V - The Empire Strikes Back;Action;Irvin Kershner;1980;124;12;7.50
13/07/2024 13:00;Le dîner de cons;Comedy;Francis Veber;1998;80;12;7.00
13/07/2024 10:00;Raiders of the Lost Ark;Action;Steven Spielberg;1981;115;12;7.00
12/07/2024 15:30;Empire of the Sun;Action;Steven Spielberg;1987;153;0;8.50
12/07/2024 12:30;Rio Bravo;Action;Howard Hawks;1959;141;12;8.50
12/07/2024 10:00;Before Sunrise;Drama;Richard Linklater;1995;101;16;7.50
11/07/2024 16:00;Hotel Rwanda;Biography;Terry George;2004;121;12;7.00
11/07/2024 13:30;Key Largo;Action;John Huston;1948;100;12;7.50
11/07/2024 10:00;"Il buono; il brutto; il cattivo";Western;Sergio Leone;1966;161;12;7.50
10/07/2024 12:30;Fargo;Crime;Joel Coen;1996;98;12;6.50
10/07/2024 10:00;Annie Hall;Comedy;Woody Allen;1977;93;12;6.50
09/07/2024 10:00;Star Wars: Episode V - The Empire Strikes Back;Action;Irvin Kershner;1980;124;12;7.50
08/07/2024 10:00;The Shining;Drama;Stanley Kubrick;1980;146;12;8.50
07/07/2024 19:00;Le dîner de cons;Comedy;Francis Veber;1998;80;12;8.50
07/07/2024 16:00;Eskiya;Crime;Yavuz Turgul;1996;128;12;8.00
07/07/2024 13:30;Knockin' on Heaven's Door;Action;Thomas Jahn;1997;87;12;7.00
07/07/2024 10:30;Harry Potter and the Prisoner of Azkaban;Adventure;Alfonso Cuarón;2004;142;0;7.00
06/07/2024 18:00;Do lok tin si;Comedy;Kar-Wai Wong;1995;99;12;10.00
06/07/2024 15:30;Before Sunrise;Drama;Richard Linklater;1995;101;16;7.50
06/07/2024 13:00;Fargo;Crime;Joel Coen;1996;98;12;8.50
06/07/2024 10:30;Festen;Drama;Thomas Vinterberg;1998;105;16;6.50
05/07/2024 13:00;The Man Who Would Be King;Adventure;John Huston;1975;129;6;7.00
05/07/2024 10:00;Rio Bravo;Action;Howard Hawks;1959;141;12;8.00
04/07/2024 13:30;Star Wars: Episode V - The Empire Strikes Back;Action;Irvin Kershner;1980;124;12;8.50
04/07/2024 10:00;Empire of the Sun;Action;Steven Spielberg;1987;153;0;7.50
03/07/2024 13:00;Roman Holiday;Comedy;William Wyler;1953;118;12;8.00
03/07/2024 10:30;Det sjunde inseglet;Drama;Ingmar Bergman;1957;96;12;7.00
02/07/2024 13:30;Eskiya;Crime;Yavuz Turgul;1996;128;12;6.50
02/07/2024 10:00;The Godfather;Crime;Francis Ford Coppola;1972;175;12;7.00
01/07/2024 14:00;Hera Pheri;Action;Priyadarshan;2000;156;0;7.50
01/07/2024 10:30;Empire of the Sun;Action;Steven Spielberg;1987;153;0;7.50
30/06/2024 15:30;Belle de jour;Drama;Luis Buñuel;1967;100;12;8.00
30/06/2024 13:00;Y tu mamá también;Drama;Alfonso Cuarón;2001;106;12;8.00
30/06/2024 10:30;Y tu mamá también;Drama;Alfonso Cuarón;2001;106;12;8.50
29/06/2024 15:00;Festen;Drama;Thomas Vinterberg;1998;105;16;7.00
29/06/2024 12:30;Y tu mamá también;Drama;Alfonso Cuarón;2001;106;12;8.00
29/06/2024 10:00;Le dîner de cons;Comedy;Francis Veber;1998;80;12;8.50
28/06/2024 10:30;Knockin' on Heaven's Door;Action;Thomas Jahn;1997;87;12;6.50
27/06/2024 13:30;Roman Holiday;Comedy;William Wyler;1953;118;12;8.50
27/06/2024 10:30;Star Wars: Episode V - The Empire Strikes Back;Action;Irvin Kershner;1980;124;12;7.50
26/06/2024 10:30;Hotel Rwanda;Biography;Terry George;2004;121;12;7.00
25/06/2024 10:30;Harry Potter and the Prisoner of Azkaban;Adventure;Alfonso Cuarón;2004;142;0;8.50
24/06/2024 15:30;Dead Man's Shoes;Crime;Shane Meadows;2004;90;12;7.00
24/06/2024 13:00;Belle de jour;Drama;Luis Buñuel;1967;100;12;7.50
24/06/2024 10:30;Belle de jour;Drama;Luis Buñuel;1967;100;12;7.50
23/06/2024 17:00;Roman Holiday;Comedy;William Wyler;1953;118;12;7.50
23/06/2024 14:30;Key Largo;Action;John Huston;1948;100;12;6.50
23/06/2024 10:30;The Lord of the Rings: The Return of the King;Action;Peter Jackson;2003;201;0;7.00
22/06/2024 16:00;A Clockwork Orange;Crime;Stanley Kubrick;1971;136;12;6.50
22/06/2024 13:30;The Shop Around the Corner;Comedy;Ernst Lubitsch;1940;99;12;7.00
22/06/2024 10:30;The Manchurian Candidate;Drama;John Frankenheimer;1962;126;12;8.50
21/06/2024 13:00;Key Largo;Action;John Huston;1948;100;12;8.50
21/06/2024 10:00;Eskiya;Crime;Yavuz Turgul;1996;128;12;6.50
20/06/2024 10:30;The Shop Around the Corner;Comedy;Ernst Lubitsch;1940;99;12;7.50
19/06/2024 10:30;The Muppet Movie;Adventure;James Frawley;1979;95;0;6.50
18/06/2024 17:00;Belle de jour;Drama;Luis Buñuel;1967;100;12;7.00
18/06/2024 14:00;Hotel Rwanda;Biography;Terry George;2004;121;12;7.00
18/06/2024 10:30;Empire of the Sun;Action;Steven Spielberg;1987;153;0;7.50
17/06/2024 12:30;The Bourne Supremacy;Action;Paul Greengrass;2004;108;12;8.00
17/06/2024 10:00;Belle de jour;Drama;Luis Buñuel;1967;100;12;7.50
16/06/2024 15:30;The Shop Around the Corner;Comedy;Ernst Lubitsch;1940;99;12;8.00
16/06/2024 12:30;Forrest Gump;Drama;Robert Zemeckis;1994;142;12;8.00
16/06/2024 10:00;Dead Man's Shoes;Crime;Shane Meadows;2004;90;12;6.50
15/06/2024 19:30;Knockin' on Heaven's Door;Action;Thomas Jahn;1997;87;12;9.50
15/06/2024 16:00;The Insider;Biography;Michael Mann;1999;157;12;7.00
15/06/2024 12:30;Hera Pheri;Action;Priyadarshan;2000;156;0;7.00
15/06/2024 10:00;Trois couleurs: Rouge;Drama;Krzysztof Kieslowski;1994;99;0;8.00
14/06/2024 13:00;Finding Neverland;Biography;Marc Forster;2004;106;0;7.00
14/06/2024 10:00;Rocky;Drama;John G. Avildsen;1976;120;0;8.50
13/06/2024 13:00;Roman Holiday;Comedy;William Wyler;1953;118;12;8.50
13/06/2024 10:30;Il postino;Biography;Michael Radford;1994;108;0;7.50
12/06/2024 17:00;Raiders of the Lost Ark;Action;Steven Spielberg;1981;115;12;6.50
12/06/2024 14:30;Au revoir les enfants;Drama;Louis Malle;1987;104;0;6.50
12/06/2024 10:30;The Lord of the Rings: The Return of the King;Action;Peter Jackson;2003;201;0;7.50
11/06/2024 10:00;Knockin' on Heaven's Door;Action;Thomas Jahn;1997;87;12;8.00
10/06/2024 15:30;Knockin' on Heaven's Door;Action;Thomas Jahn;1997;87;12;8.50
10/06/2024 12:30;Fight Club;Drama;David Fincher;1999;139;12;8.50
10/06/2024 10:00;Majo no takkyûbin;Animation;Hayao Miyazaki;1989;103;0;8.00
09/06/2024 15:30;The Bourne Supremacy;Action;Paul Greengrass;2004;108;12;7.00
09/06/2024 13:00;The Shop Around the Corner;Comedy;Ernst Lubitsch;1940;99;12;8.00
09/06/2024 10:30;Fargo;Crime;Joel Coen;1996;98;12;8.00
08/06/2024 16:00;Roman Holiday;Comedy;William Wyler;1953;118;12;6.50
08/06/2024 13:30;On the Waterfront;Crime;Elia Kazan;1954;108;12;8.00
08/06/2024 10:30;Rocky;Drama;John G. Avildsen;1976;120;0;7.00
07/06/2024 15:00;Rocky;Drama;John G. Avildsen;1976;120;0;6.50
07/06/2024 12:30;The Bourne Supremacy;Action;Paul Greengrass;2004;108;12;7.50
07/06/2024 10:00;The Shop Around the Corner;Comedy;Ernst Lubitsch;1940;99;12;7.50
06/06/2024 15:00;Finding Nemo;Animation;Andrew Stanton;2003;100;0;7.00
06/06/2024 12:30;Trois couleurs: Rouge;Drama;Krzysztof Kieslowski;1994;99;0;8.00
06/06/2024 10:00;The Shop Around the Corner;Comedy;Ernst Lubitsch;1940;99;12;6.50
05/06/2024 13:00;Trois couleurs: Rouge;Drama;Krzysztof Kieslowski;1994;99;0;8.00
05/06/2024 10:30;Knockin' on Heaven's Door;Action;Thomas Jahn;1997;87;12;8.00
04/06/2024 17:00;Hera Pheri;Action;Priyadarshan;2000;156;0;8.50
04/06/2024 13:00;The Godfather;Crime;Francis Ford Coppola;1972;175;12;8.50
04/06/2024 10:00;The Lion in Winter;Biography;Anthony Harvey;1968;134;6;8.00
03/06/2024 13:00;Kramer vs. Kramer;Drama;Robert Benton;1979;105;12;7.00
03/06/2024 10:30;Y tu mamá también;Drama;Alfonso Cuarón;2001;106;12;6.50
02/06/2024 15:30;The Lion in Winter;Biography;Anthony Harvey;1968;134;6;8.50
02/06/2024 13:00;The Shop Around the Corner;Comedy;Ernst Lubitsch;1940;99;12;7.50
02/06/2024 10:30;The Bourne Supremacy;Action;Paul Greengrass;2004;108;12;8.50
01/06/2024 18:30;The Shop Around the Corner;Comedy;Ernst Lubitsch;1940;99;12;10.00
01/06/2024 16:00;Kôkaku Kidôtai;Animation;Mamoru Oshii;1995;83;12;8.50
01/06/2024 13:30;The Night of the Hunter;Crime;Charles Laughton;1955;92;12;7.00
01/06/2024 10:30;The Great Dictator;Comedy;Charles Chaplin;1940;125;12;7.00
31/05/2024 13:30;The Night of the Hunter;Crime;Charles Laughton;1955;92;12;6.50
31/05/2024 10:00;The Best Years of Our Lives;Drama;William Wyler;1946;170;12;8.00
30/05/2024 13:30;The Muppet Movie;Adventure;James Frawley;1979;95;0;8.50
30/05/2024 10:30;Goldfinger;Action;Guy Hamilton;1964;110;12;7.50
29/05/2024 16:30;The Silence of the Lambs;Crime;Jonathan Demme;1991;118;12;6.50
29/05/2024 14:00;Finding Nemo;Animation;Andrew Stanton;2003;100;0;8.50
29/05/2024 10:30;Forrest Gump;Drama;Robert Zemeckis;1994;142;12;8.50
28/05/2024 12:30;Young Frankenstein;Comedy;Mel Brooks;1974;106;12;7.50
28/05/2024 10:00;Touch of Evil;Crime;Orson Welles;1958;95;12;8.00
27/05/2024 10:30;Finding Neverland;Biography;Marc Forster;2004;106;0;6.50
26/05/2024 16:30;Forrest Gump;Drama;Robert Zemeckis;1994;142;12;7.00
26/05/2024 13:30;Fight Club;Drama;David Fincher;1999;139;12;8.50
26/05/2024 10:30;The Lion in Winter;Biography;Anthony Harvey;1968;134;6;8.00
25/05/2024 19:00;Short Cuts;Comedy;Robert Altman;1993;188;16;9.50
25/05/2024 15:30;Hera Pheri;Action;Priyadarshan;2000;156;0;8.00
25/05/2024 13:00;Finding Nemo;Animation;Andrew Stanton;2003;100;0;6.50
25/05/2024 10:30;On the Waterfront;Crime;Elia Kazan;1954;108;12;6.50
24/05/2024 14:30;Y tu mamá también;Drama;Alfonso Cuarón;2001;106;12;7.50
24/05/2024 10:30;Fiddler on the Roof;Drama;Norman Jewison;1971;181;0;6.50
23/05/2024 15:30;All the President's Men;Biography;Alan J. Pakula;1976;138;0;8.00
23/05/2024 13:00;Trois couleurs: Rouge;Drama;Krzysztof Kieslowski;1994;99;0;8.50
23/05/2024 10:30;Majo no takkyûbin;Animation;Hayao Miyazaki;1989;103;0;7.50
22/05/2024 17:00;Le notti di Cabiria;Drama;Federico Fellini;1957;110;12;6.50
22/05/2024 14:30;A Christmas Story;Comedy;Bob Clark;1983;93;0;7.50
22/05/2024 10:30;Fiddler on the Roof;Drama;Norman Jewison;1971;181;0;7.00
21/05/2024 14:00;All the President's Men;Biography;Alan J. Pakula;1976;138;0;8.50
21/05/2024 10:00;Fiddler on the Roof;Drama;Norman Jewison;1971;181;0;7.50
20/05/2024 13:00;Trois couleurs: Rouge;Drama;Krzysztof Kieslowski;1994;99;0;8.00
20/05/2024 10:30;Touch of Evil;Crime;Orson Welles;1958;95;12;8.00
19/05/2024 19:00;Finding Nemo;Animation;Andrew Stanton;2003;100;0;9.00
19/05/2024 16:00;Naked;Comedy;Mike Leigh;1993;132;12;7.00
19/05/2024 13:30;Touch of Evil;Crime;Orson Welles;1958;95;12;8.50
19/05/2024 10:30;The Lion in Winter;Biography;Anthony Harvey;1968;134;6;8.00
18/05/2024 18:00;The Lord of the Rings: The Return of the King;Action;Peter Jackson;2003;201;0;9.00
18/05/2024 15:30;The Taking of Pelham One Two Three;Action;Joseph Sargent;1974;104;0;7.00
18/05/2024 13:00;Kramer vs. Kramer;Drama;Robert Benton;1979;105;12;7.00
18/05/2024 10:30;Belle de jour;Drama;Luis Buñuel;1967;100;12;7.00
17/05/2024 10:30;The Lord of the Rings: The Return of the King;Action;Peter Jackson;2003;201;0;8.50
16/05/2024 17:00;Forrest Gump;Drama;Robert Zemeckis;1994;142;12;8.00
16/05/2024 12:30;The Lord of the Rings: The Return of the King;Action;Peter Jackson;2003;201;0;8.00
16/05/2024 10:00;The Taking of Pelham One Two Three;Action;Joseph Sargent;1974;104;0;8.00
15/05/2024 16:00;Forrest Gump;Drama;Robert Zemeckis;1994;142;12;8.50
15/05/2024 13:30;A Christmas Story;Comedy;Bob Clark;1983;93;0;8.50
15/05/2024 10:30;Naked;Comedy;Mike Leigh;1993;132;12;8.50
14/05/2024 12:00;Naked;Comedy;Mike Leigh;1993;132;12;7.50
14/05/2024 10:00;Bride of Frankenstein;Drama;James Whale;1935;75;12;8.50
13/05/2024 15:30;All the President's Men;Biography;Alan J. Pakula;1976;138;0;8.00
13/05/2024 13:00;A Christmas Story;Comedy;Bob Clark;1983;93;0;8.00
13/05/2024 10:30;A Christmas Story;Comedy;Bob Clark;1983;93;0;8.50
12/05/2024 18:30;A Christmas Story;Comedy;Bob Clark;1983;93;0;9.50
12/05/2024 15:30;Jurassic Park;Action;Steven Spielberg;1993;127;12;7.00
12/05/2024 12:30;Tenkû no shiro Rapyuta;Animation;Hayao Miyazaki;1986;125;0;8.50
12/05/2024 10:00;Edward Scissorhands;Drama;Tim Burton;1990;105;0;7.50
11/05/2024 15:00;Young Frankenstein;Comedy;Mel Brooks;1974;106;12;7.00
11/05/2024 12:30;Delicatessen;Comedy;Marc Caro;1991;99;16;7.00
11/05/2024 10:00;Kramer vs. Kramer;Drama;Robert Benton;1979;105;12;7.00
10/05/2024 15:30;Young Frankenstein;Comedy;Mel Brooks;1974;106;12;8.00
10/05/2024 13:00;The Lady Vanishes;Mystery;Alfred Hitchcock;1938;96;12;7.50
10/05/2024 10:30;Majo no takkyûbin;Animation;Hayao Miyazaki;1989;103;0;7.50
09/05/2024 15:30;Nueve reinas;Crime;Fabián Bielinsky;2000;114;16;8.00
09/05/2024 13:00;On the Waterfront;Crime;Elia Kazan;1954;108;12;6.50
09/05/2024 10:30;On the Waterfront;Crime;Elia Kazan;1954;108;12;7.50
08/05/2024 16:30;Bride of Frankenstein;Drama;James Whale;1935;75;12;6.50
08/05/2024 13:30;The Exorcist;Horror;William Friedkin;1973;122;12;7.00
08/05/2024 10:30;Forrest Gump;Drama;Robert Zemeckis;1994;142;12;7.50
07/05/2024 10:00;Fiddler on the Roof;Drama;Norman Jewison;1971;181;0;7.00
06/05/2024 10:00;Kôkaku Kidôtai;Animation;Mamoru Oshii;1995;83;12;6.50
05/05/2024 14:00;Majo no takkyûbin;Animation;Hayao Miyazaki;1989;103;0;8.50
05/05/2024 12:00;Bride of Frankenstein;Drama;James Whale;1935;75;12;7.50
05/05/2024 10:00;Bride of Frankenstein;Drama;James Whale;1935;75;12;7.00
04/05/2024 17:30;Tenkû no shiro Rapyuta;Animation;Hayao Miyazaki;1986;125;0;8.50
04/05/2024 15:00;Majo no takkyûbin;Animation;Hayao Miyazaki;1989;103;0;8.00
04/05/2024 13:00;City Lights;Comedy;Charles Chaplin;1931;87;0;8.50
04/05/2024 10:00;The Great Dictator;Comedy;Charles Chaplin;1940;125;12;8.50
03/05/2024 12:30;Lifeboat;Drama;Alfred Hitchcock;1944;97;12;8.00
03/05/2024 10:00;Y tu mamá también;Drama;Alfonso Cuarón;2001;106;12;8.00
02/05/2024 10:00;Naked;Comedy;Mike Leigh;1993;132;12;8.00
01/05/2024 12:30;Kôkaku Kidôtai;Animation;Mamoru Oshii;1995;83;12;7.50
01/05/2024 10:00;Miracle on 34th Street;Comedy;George Seaton;1947;96;12;8.00
30/04/2024 12:00;Lawrence of Arabia;Adventure;David Lean;1962;228;0;6.50
30/04/2024 10:00;Bride of Frankenstein;Drama;James Whale;1935;75;12;6.50
29/04/2024 10:00;The Muppet Movie;Adventure;James Frawley;1979;95;0;8.50
28/04/2024 19:00;Fiddler on the Roof;Drama;Norman Jewison;1971;181;0;9.50
28/04/2024 16:30;Young Frankenstein;Comedy;Mel Brooks;1974;106;12;8.50
28/04/2024 13:30;Nueve reinas;Crime;Fabián Bielinsky;2000;114;16;8.50
28/04/2024 10:30;The Man Who Shot Liberty Valance;Drama;John Ford;1962;123;12;7.50
27/04/2024 15:00;Delicatessen;Comedy;Marc Caro;1991;99;16;7.50
27/04/2024 13:00;Kôkaku Kidôtai;Animation;Mamoru Oshii;1995;83;12;7.00
27/04/2024 10:30;Majo no takkyûbin;Animation;Hayao Miyazaki;1989;103;0;8.50
26/04/2024 10:00;Kôkaku Kidôtai;Animation;Mamoru Oshii;1995;83;12;7.00
25/04/2024 13:00;The Silence of the Lambs;Crime;Jonathan Demme;1991;118;12;6.50
25/04/2024 10:30;Majo no takkyûbin;Animation;Hayao Miyazaki;1989;103;0;7.50
24/04/2024 16:30;The Man Who Shot Liberty Valance;Drama;John Ford;1962;123;12;8.00
24/04/2024 14:00;Miracle on 34th Street;Comedy;George Seaton;1947;96;12;7.50
24/04/2024 10:30;Patton;Biography;Franklin J. Schaffner;1970;172;0;6.50
23/04/2024 13:30;Lifeboat;Drama;Alfred Hitchcock;1944;97;12;8.00
23/04/2024 10:30;The Lion in Winter;Biography;Anthony Harvey;1968;134;6;7.50
22/04/2024 16:00;The Man Who Shot Liberty Valance;Drama;John Ford;1962;123;12;8.00
22/04/2024 13:30;Edward Scissorhands;Drama;Tim Burton;1990;105;0;8.00
22/04/2024 10:30;The Exorcist;Horror;William Friedkin;1973;122;12;8.50
21/04/2024 19:00;Stagecoach;Adventure;John Ford;1939;96;12;9.00
21/04/2024 16:00;The Conversation;Drama;Francis Ford Coppola;1974;113;0;6.50
21/04/2024 13:30;Delicatessen;Comedy;Marc Caro;1991;99;16;7.50
21/04/2024 10:30;The Silence of the Lambs;Crime;Jonathan Demme;1991;118;12;7.00
20/04/2024 17:30;A Night at the Opera;Comedy;Sam Wood;1935;96;12;6.50
20/04/2024 14:30;The Exorcist;Horror;William Friedkin;1973;122;12;8.50
20/04/2024 12:30;City Lights;Comedy;Charles Chaplin;1931;87;0;8.50
20/04/2024 10:00;Lifeboat;Drama;Alfred Hitchcock;1944;97;12;8.50
19/04/2024 15:30;Kramer vs. Kramer;Drama;Robert Benton;1979;105;12;7.50
19/04/2024 12:30;Jurassic Park;Action;Steven Spielberg;1993;127;12;8.50
19/04/2024 10:00;Kramer vs. Kramer;Drama;Robert Benton;1979;105;12;6.50
18/04/2024 10:30;The Lady Vanishes;Mystery;Alfred Hitchcock;1938;96;12;8.00
17/04/2024 13:30;Tenkû no shiro Rapyuta;Animation;Hayao Miyazaki;1986;125;0;8.00
17/04/2024 10:30;Miller's Crossing;Crime;Joel Coen;1990;115;16;7.00
16/04/2024 16:00;Back to the Future Part II;Adventure;Robert Zemeckis;1989;108;0;7.00
16/04/2024 13:30;Kramer vs. Kramer;Drama;Robert Benton;1979;105;12;6.50
16/04/2024 10:30;The Remains of the Day;Drama;James Ivory;1993;134;0;6.50
15/04/2024 15:00;Patton;Biography;Franklin J. Schaffner;1970;172;0;6.50
15/04/2024 12:30;The Conversation;Drama;Francis Ford Coppola;1974;113;0;8.50
15/04/2024 10:00;Kramer vs. Kramer;Drama;Robert Benton;1979;105;12;7.00
14/04/2024 18:30;Rain Man;Drama;Barry Levinson;1988;133;0;9.00
14/04/2024 16:00;Ivanovo detstvo;Drama;Andrei Tarkovsky;1962;95;12;8.00
14/04/2024 13:30;Delicatessen;Comedy;Marc Caro;1991;99;16;6.50
14/04/2024 10:30;The Remains of the Day;Drama;James Ivory;1993;134;0;7.00
13/04/2024 19:00;Tenkû no shiro Rapyuta;Animation;Hayao Miyazaki;1986;125;0;9.00
13/04/2024 16:00;Sense and Sensibility;Drama;Ang Lee;1995;136;0;6.50
13/04/2024 13:00;The Silence of the Lambs;Crime;Jonathan Demme;1991;118;12;8.00
13/04/2024 10:00;The Butterfly Effect;Drama;Eric Bress;2004;113;0;7.50
12/04/2024 13:00;The Conversation;Drama;Francis Ford Coppola;1974;113;0;7.00
12/04/2024 10:30;Kramer vs. Kramer;Drama;Robert Benton;1979;105;12;7.00
11/04/2024 10:30;Sense and Sensibility;Drama;Ang Lee;1995;136;0;6.50
10/04/2024 10:30;The Silence of the Lambs;Crime;Jonathan Demme;1991;118;12;6.50
09/04/2024 16:30;Edward Scissorhands;Drama;Tim Burton;1990;105;0;8.50
09/04/2024 13:30;The Exorcist;Horror;William Friedkin;1973;122;12;8.50
09/04/2024 10:30;The Conversation;Drama;Francis Ford Coppola;1974;113;0;8.00
08/04/2024 13:30;Rain Man;Drama;Barry Levinson;1988;133;0;6.50
08/04/2024 10:30;Sense and Sensibility;Drama;Ang Lee;1995;136;0;7.00
07/04/2024 16:00;A Night at the Opera;Comedy;Sam Wood;1935;96;12;8.50
07/04/2024 12:30;The Godfather: Part III;Crime;Francis Ford Coppola;1990;162;12;8.00
07/04/2024 10:00;The Lady Vanishes;Mystery;Alfred Hitchcock;1938;96;12;7.00
06/04/2024 19:00;Miller's Crossing;Crime;Joel Coen;1990;115;16;8.50
06/04/2024 16:00;The Silence of the Lambs;Crime;Jonathan Demme;1991;118;12;7.50
06/04/2024 13:00;The Butterfly Effect;Drama;Eric Bress;2004;113;0;7.00
06/04/2024 10:00;Rain Man;Drama;Barry Levinson;1988;133;0;7.50
05/04/2024 15:00;Rain Man;Drama;Barry Levinson;1988;133;0;7.50
05/04/2024 12:00;Sense and Sensibility;Drama;Ang Lee;1995;136;0;6.50
05/04/2024 10:00;Bride of Frankenstein;Drama;James Whale;1935;75;12;6.50
04/04/2024 10:30;Vertigo;Mystery;Alfred Hitchcock;1958;128;12;7.00
03/04/2024 10:00;Jurassic Park;Action;Steven Spielberg;1993;127;12;8.50
02/04/2024 13:30;Miller's Crossing;Crime;Joel Coen;1990;115;16;7.50
02/04/2024 10:30;Sense and Sensibility;Drama;Ang Lee;1995;136;0;7.50
01/04/2024 15:30;Le charme discret de la bourgeoisie;Comedy;Luis Buñuel;1972;102;6;6.50
01/04/2024 13:30;The General;Action;Clyde Bruckman;1926;67;12;7.00
01/04/2024 10:30;Rain Man;Drama;Barry Levinson;1988;133;0;7.50
31/03/2024 18:30;Vertigo;Mystery;Alfred Hitchcock;1958;128;12;10.00
31/03/2024 15:30;My Cousin Vinny;Comedy;Jonathan Lynn;1992;120;12;8.00
31/03/2024 13:00;Edward Scissorhands;Drama;Tim Burton;1990;105;0;8.00
31/03/2024 10:30;Edward Scissorhands;Drama;Tim Burton;1990;105;0;7.50
30/03/2024 19:00;The Thin Man;Comedy;W.S. Van Dyke;1934;91;12;10.00
30/03/2024 16:00;Les diaboliques;Crime;Henri-Georges Clouzot;1955;117;12;8.50
30/03/2024 12:30;Mulholland Dr.;Drama;David Lynch;2001;147;16;8.00
30/03/2024 10:00;The Butterfly Effect;Drama;Eric Bress;2004;113;0;8.50
29/03/2024 10:00;The Silence of the Lambs;Crime;Jonathan Demme;1991;118;12;8.50
28/03/2024 14:30;The Terminator;Action;James Cameron;1984;107;12;8.00
28/03/2024 12:30;Pâfekuto burû;Animation;Satoshi Kon;1997;81;12;8.00
28/03/2024 10:00;Pâfekuto burû;Animation;Satoshi Kon;1997;81;12;7.00
27/03/2024 12:30;The Remains of the Day;Drama;James Ivory;1993;134;0;7.00
27/03/2024 10:00;Back to the Future Part II;Adventure;Robert Zemeckis;1989;108;0;7.00
26/03/2024 10:00;Delicatessen;Comedy;Marc Caro;1991;99;16;8.50
25/03/2024 16:00;Bride of Frankenstein;Drama;James Whale;1935;75;12;8.50
25/03/2024 13:00;Sense and Sensibility;Drama;Ang Lee;1995;136;0;7.50
25/03/2024 10:00;Les diaboliques;Crime;Henri-Georges Clouzot;1955;117;12;8.00
24/03/2024 15:30;Waking Life;Animation;Richard Linklater;2001;99;16;7.00
24/03/2024 12:30;Philadelphia;Drama;Jonathan Demme;1993;125;12;7.00
24/03/2024 10:00;Adaptation.;Comedy;Spike Jonze;2002;115;16;7.00
23/03/2024 16:30;The Silence of the Lambs;Crime;Jonathan Demme;1991;118;12;8.50
23/03/2024 13:30;Philadelphia;Drama;Jonathan Demme;1993;125;12;6.50
23/03/2024 10:30;Training Day;Crime;Antoine Fuqua;2001;122;12;7.00
22/03/2024 14:00;Le charme discret de la bourgeoisie;Comedy;Luis Buñuel;1972;102;6;6.50
22/03/2024 10:00;Judgment at Nuremberg;Drama;Stanley Kramer;1961;179;12;6.50
21/03/2024 15:30;The Silence of the Lambs;Crime;Jonathan Demme;1991;118;12;8.00
21/03/2024 12:30;The Bridges of Madison County;Drama;Clint Eastwood;1995;135;12;8.00
21/03/2024 10:00;Ivanovo detstvo;Drama;Andrei Tarkovsky;1962;95;12;8.00
20/03/2024 15:00;Charade;Comedy;Stanley Donen;1963;113;0;7.00
20/03/2024 12:30;The Thin Man;Comedy;W.S. Van Dyke;1934;91;12;8.00
20/03/2024 10:00;Ivanovo detstvo;Drama;Andrei Tarkovsky;1962;95;12;7.00
19/03/2024 14:30;Le charme discret de la bourgeoisie;Comedy;Luis Buñuel;1972;102;6;7.50
19/03/2024 12:30;The General;Action;Clyde Bruckman;1926;67;12;7.50
19/03/2024 10:00;The Lost Weekend;Drama;Billy Wilder;1945;101;12;7.00
18/03/2024 13:00;The Thin Man;Comedy;W.S. Van Dyke;1934;91;12;8.50
18/03/2024 10:00;Kill Bill: Vol. 1;Action;Quentin Tarantino;2003;111;16;8.50
17/03/2024 19:00;My Cousin Vinny;Comedy;Jonathan Lynn;1992;120;12;8.50
17/03/2024 16:30;The Terminator;Action;James Cameron;1984;107;12;8.00
17/03/2024 13:00;Patton;Biography;Franklin J. Schaffner;1970;172;0;6.50
17/03/2024 10:00;Philadelphia;Drama;Jonathan Demme;1993;125;12;7.50
16/03/2024 18:30;The Bridges of Madison County;Drama;Clint Eastwood;1995;135;12;9.50
16/03/2024 16:00;Kill Bill: Vol. 1;Action;Quentin Tarantino;2003;111;16;8.50
16/03/2024 13:30;Dazed and Confused;Comedy;Richard Linklater;1993;102;0;8.00
16/03/2024 10:00;The Godfather: Part III;Crime;Francis Ford Coppola;1990;162;12;7.50
15/03/2024 15:30;Ocean's Eleven;Crime;Steven Soderbergh;2001;116;12;7.00
15/03/2024 13:00;The Odd Couple;Comedy;Gene Saks;1968;105;0;6.50
15/03/2024 10:00;The Bridges of Madison County;Drama;Clint Eastwood;1995;135;12;7.00
14/03/2024 16:00;Patton;Biography;Franklin J. Schaffner;1970;172;0;7.00
14/03/2024 13:00;White Heat;Action;Raoul Walsh;1949;114;12;7.00
14/03/2024 10:00;Serpico;Biography;Sidney Lumet;1973;130;12;6.50
13/03/2024 16:00;The Godfather: Part III;Crime;Francis Ford Coppola;1990;162;12;6.50
13/03/2024 13:30;The Bourne Supremacy;Action;Paul Greengrass;2004;108;12;8.00
13/03/2024 10:30;Training Day;Crime;Antoine Fuqua;2001;122;12;6.50
12/03/2024 16:00;The Odd Couple;Comedy;Gene Saks;1968;105;0;7.00
12/03/2024 13:00;Vertigo;Mystery;Alfred Hitchcock;1958;128;12;6.50
12/03/2024 10:30;October Sky;Biography;Joe Johnston;1999;108;6;7.00
11/03/2024 13:00;Dead Man's Shoes;Crime;Shane Meadows;2004;90;12;8.00
11/03/2024 10:30;Kill Bill: Vol. 1;Action;Quentin Tarantino;2003;111;16;6.50
10/03/2024 17:00;The Terminator;Action;James Cameron;1984;107;12;8.00
10/03/2024 14:30;Dead Man's Shoes;Crime;Shane Meadows;2004;90;12;7.00
10/03/2024 12:30;Pâfekuto burû;Animation;Satoshi Kon;1997;81;12;7.50
10/03/2024 10:00;The Odd Couple;Comedy;Gene Saks;1968;105;0;6.50
09/03/2024 15:30;Lifeboat;Drama;Alfred Hitchcock;1944;97;12;8.00
09/03/2024 13:00;The Lost Weekend;Drama;Billy Wilder;1945;101;12;8.00
09/03/2024 10:00;October Sky;Biography;Joe Johnston;1999;108;6;8.50
08/03/2024 10:00;The General;Action;Clyde Bruckman;1926;67;12;6.50
07/03/2024 16:00;The Exorcist;Horror;William Friedkin;1973;122;12;7.00
07/03/2024 13:00;The Remains of the Day;Drama;James Ivory;1993;134;0;7.50
07/03/2024 10:30;The Bourne Supremacy;Action;Paul Greengrass;2004;108;12;7.50
06/03/2024 15:00;Le charme discret de la bourgeoisie;Comedy;Luis Buñuel;1972;102;6;7.00
06/03/2024 12:30;Lifeboat;Drama;Alfred Hitchcock;1944;97;12;6.50
06/03/2024 10:00;Evil Dead II;Action;Sam Raimi;1987;84;12;8.50
05/03/2024 15:00;Dazed and Confused;Comedy;Richard Linklater;1993;102;0;6.50
05/03/2024 12:30;The Others;Horror;Alejandro Amenábar;2001;101;12;7.00
05/03/2024 10:00;The Others;Horror;Alejandro Amenábar;2001;101;12;8.00
04/03/2024 10:00;Les diaboliques;Crime;Henri-Georges Clouzot;1955;117;12;8.00
03/03/2024 16:30;Gone with the Wind;Drama;Victor Fleming;1939;238;0;8.50
03/03/2024 13:00;Patton;Biography;Franklin J. Schaffner;1970;172;0;6.50
03/03/2024 10:00;White Heat;Action;Raoul Walsh;1949;114;12;7.50
02/03/2024 19:30;Evil Dead II;Action;Sam Raimi;1987;84;12;9.00
02/03/2024 16:30;Serpico;Biography;Sidney Lumet;1973;130;12;7.00
02/03/2024 14:00;White Heat;Action;Raoul Walsh;1949;114;12;7.50
02/03/2024 10:00;Judgment at Nuremberg;Drama;Stanley Kramer;1961;179;12;8.00
01/03/2024 15:30;Les diaboliques;Crime;Henri-Georges Clouzot;1955;117;12;8.50
01/03/2024 13:00;Rushmore;Comedy;Wes Anderson;1998;93;12;8.00
01/03/2024 10:00;Nueve reinas;Crime;Fabián Bielinsky;2000;114;16;7.50
29/02/2024 10:00;White Heat;Action;Raoul Walsh;1949;114;12;8.50
28/02/2024 16:00;The Others;Horror;Alejandro Amenábar;2001;101;12;7.00
28/02/2024 12:30;The Godfather: Part III;Crime;Francis Ford Coppola;1990;162;12;8.00
28/02/2024 10:00;The Others;Horror;Alejandro Amenábar;2001;101;12;6.50
27/02/2024 10:30;Serpico;Biography;Sidney Lumet;1973;130;12;8.00
26/02/2024 16:30;Rear Window;Mystery;Alfred Hitchcock;1954;112;0;6.50
26/02/2024 13:00;Where Eagles Dare;Action;Brian G. Hutton;1968;158;0;7.50
26/02/2024 10:00;Rear Window;Mystery;Alfred Hitchcock;1954;112;0;8.50
25/02/2024 19:00;The Others;Horror;Alejandro Amenábar;2001;101;12;9.00
25/02/2024 16:00;The Terminator;Action;James Cameron;1984;107;12;7.00
25/02/2024 12:30;Mulholland Dr.;Drama;David Lynch;2001;147;16;7.00
25/02/2024 10:00;The Terminator;Action;James Cameron;1984;107;12;8.50
24/02/2024 18:30;Do lok tin si;Comedy;Kar-Wai Wong;1995;99;12;9.50
24/02/2024 15:30;White Heat;Action;Raoul Walsh;1949;114;12;6.50
24/02/2024 12:30;Per qualche dollaro in più;Western;Sergio Leone;1965;132;0;8.00
24/02/2024 10:00;October Sky;Biography;Joe Johnston;1999;108;6;8.50
23/02/2024 10:30;Charade;Comedy;Stanley Donen;1963;113;0;8.00
22/02/2024 16:00;Nueve reinas;Crime;Fabián Bielinsky;2000;114;16;6.50
22/02/2024 13:00;The Fifth Element;Action;Luc Besson;1997;126;12;8.50
22/02/2024 10:00;Serpico;Biography;Sidney Lumet;1973;130;12;7.50
21/02/2024 14:00;The Last Picture Show;Drama;Peter Bogdanovich;1971;118;16;7.50
21/02/2024 10:30;Patton;Biography;Franklin J. Schaffner;1970;172;0;6.50
20/02/2024 12:00;Le dîner de cons;Comedy;Francis Veber;1998;80;12;8.50
20/02/2024 10:00;Zelig;Comedy;Woody Allen;1983;79;6;7.50
19/02/2024 16:30;The Terminator;Action;James Cameron;1984;107;12;8.00
19/02/2024 13:30;Per qualche dollaro in più;Western;Sergio Leone;1965;132;0;6.50
19/02/2024 10:00;Patton;Biography;Franklin J. Schaffner;1970;172;0;8.50
18/02/2024 16:00;The Fifth Element;Action;Luc Besson;1997;126;12;8.00
18/02/2024 13:30;Dazed and Confused;Comedy;Richard Linklater;1993;102;0;8.50
18/02/2024 10:00;Patton;Biography;Franklin J. Schaffner;1970;172;0;6.50
17/02/2024 15:30;Evil Dead II;Action;Sam Raimi;1987;84;12;8.50
17/02/2024 12:30;Les diaboliques;Crime;Henri-Georges Clouzot;1955;117;12;8.50
17/02/2024 10:00;October Sky;Biography;Joe Johnston;1999;108;6;8.50
16/02/2024 12:30;Charade;Comedy;Stanley Donen;1963;113;0;6.50
16/02/2024 10:00;The Bourne Supremacy;Action;Paul Greengrass;2004;108;12;7.50
15/02/2024 10:00;"South Park: Bigger; Longer & Uncut";Animation;Trey Parker;1999;81;12;6.50
14/02/2024 13:00;October Sky;Biography;Joe Johnston;1999;108;6;8.50
14/02/2024 10:00;Apocalypse Now;Drama;Francis Ford Coppola;1979;147;16;7.50
13/02/2024 10:30;Gone with the Wind;Drama;Victor Fleming;1939;238;0;8.50
12/02/2024 18:00;Nueve reinas;Crime;Fabián Bielinsky;2000;114;16;9.00
12/02/2024 13:00;Gone with the Wind;Drama;Victor Fleming;1939;238;0;8.00
12/02/2024 10:00;Cool Hand Luke;Crime;Stuart Rosenberg;1967;127;12;8.50
11/02/2024 16:30;Per qualche dollaro in più;Western;Sergio Leone;1965;132;0;8.00
11/02/2024 13:30;The Man Who Would Be King;Adventure;John Huston;1975;129;6;7.50
11/02/2024 10:30;Per qualche dollaro in più;Western;Sergio Leone;1965;132;0;8.00
10/02/2024 16:00;Batoru rowaiaru;Action;Kinji Fukasaku;2000;114;12;8.50
10/02/2024 13:30;Le dîner de cons;Comedy;Francis Veber;1998;80;12;7.50
10/02/2024 10:30;The Man Who Would Be King;Adventure;John Huston;1975;129;6;8.00
09/02/2024 12:30;The Innocents;Horror;Jack Clayton;1961;100;12;8.50
09/02/2024 10:00;The Terminator;Action;James Cameron;1984;107;12;6.50
08/02/2024 13:30;Being There;Comedy;Hal Ashby;1979;130;6;7.00
08/02/2024 10:30;The Big Sleep;Crime;Howard Hawks;1946;114;12;7.50
07/02/2024 15:30;Zelig;Comedy;Woody Allen;1983;79;6;7.00
07/02/2024 12:30;Being There;Comedy;Hal Ashby;1979;130;6;6.50
07/02/2024 10:00;Groundhog Day;Comedy;Harold Ramis;1993;101;0;7.00
06/02/2024 16:30;The Innocents;Horror;Jack Clayton;1961;100;12;8.50
06/02/2024 13:30;The Hustler;Drama;Robert Rossen;1961;134;12;8.50
06/02/2024 10:30;Awakenings;Biography;Penny Marshall;1990;121;0;7.50
05/02/2024 15:30;Batman: Mask of the Phantasm;Animation;Kevin Altieri;1993;76;6;6.50
05/02/2024 13:00;Do lok tin si;Comedy;Kar-Wai Wong;1995;99;12;8.50
05/02/2024 10:30;Jûbê ninpûchô;Animation;Yoshiaki Kawajiri;1993;94;12;7.00
04/02/2024 19:00;The Fifth Element;Action;Luc Besson;1997;126;12;9.50
04/02/2024 15:30;Apocalypse Now;Drama;Francis Ford Coppola;1979;147;16;8.50
04/02/2024 13:00;October Sky;Biography;Joe Johnston;1999;108;6;6.50
04/02/2024 10:30;Groundhog Day;Comedy;Harold Ramis;1993;101;0;7.50
03/02/2024 18:30;Double Indemnity;Crime;Billy Wilder;1944;107;12;9.00
03/02/2024 16:00;Rushmore;Comedy;Wes Anderson;1998;93;12;7.50
03/02/2024 13:00;The Man Who Would Be King;Adventure;John Huston;1975;129;6;7.50
03/02/2024 10:00;Inherit the Wind;Biography;Stanley Kramer;1960;128;12;8.00
02/02/2024 16:30;The Innocents;Horror;Jack Clayton;1961;100;12;7.50
02/02/2024 13:30;The Man Who Would Be King;Adventure;John Huston;1975;129;6;8.50
02/02/2024 10:30;Rear Window;Mystery;Alfred Hitchcock;1954;112;0;8.50
01/02/2024 16:00;October Sky;Biography;Joe Johnston;1999;108;6;7.00
01/02/2024 13:00;Inherit the Wind;Biography;Stanley Kramer;1960;128;12;6.50
01/02/2024 10:30;A Man for All Seasons;Biography;Fred Zinnemann;1966;120;0;7.50
31/01/2024 13:00;Where Eagles Dare;Action;Brian G. Hutton;1968;158;0;7.50
31/01/2024 10:00;Cool Hand Luke;Crime;Stuart Rosenberg;1967;127;12;7.00
30/01/2024 10:30;The Innocents;Horror;Jack Clayton;1961;100;12;7.00
29/01/2024 15:00;The Deer Hunter;Drama;Michael Cimino;1978;183;12;8.50
29/01/2024 12:00;The Last Picture Show;Drama;Peter Bogdanovich;1971;118;16;8.00
29/01/2024 10:00;Zelig;Comedy;Woody Allen;1983;79;6;7.00
28/01/2024 18:30;October Sky;Biography;Joe Johnston;1999;108;6;9.00
28/01/2024 16:00;Do lok tin si;Comedy;Kar-Wai Wong;1995;99;12;7.50
28/01/2024 13:30;The Big Sleep;Crime;Howard Hawks;1946;114;12;6.50
28/01/2024 10:30;The Last Picture Show;Drama;Peter Bogdanovich;1971;118;16;7.00
27/01/2024 16:30;Jûbê ninpûchô;Animation;Yoshiaki Kawajiri;1993;94;12;8.00
27/01/2024 13:30;Awakenings;Biography;Penny Marshall;1990;121;0;8.50
27/01/2024 10:30;A Man for All Seasons;Biography;Fred Zinnemann;1966;120;0;6.50
26/01/2024 16:00;Ocean's Eleven;Crime;Steven Soderbergh;2001;116;12;8.50
26/01/2024 13:00;Full Metal Jacket;Drama;Stanley Kubrick;1987;116;12;6.50
26/01/2024 10:30;Double Indemnity;Crime;Billy Wilder;1944;107;12;8.00
25/01/2024 15:30;My Fair Lady;Drama;George Cukor;1964;170;0;8.50
25/01/2024 12:30;The Last Picture Show;Drama;Peter Bogdanovich;1971;118;16;7.00
25/01/2024 10:00;Finding Neverland;Biography;Marc Forster;2004;106;0;6.50
24/01/2024 10:00;Where Eagles Dare;Action;Brian G. Hutton;1968;158;0;7.50
23/01/2024 12:00;The Deer Hunter;Drama;Michael Cimino;1978;183;12;7.50
23/01/2024 10:00;Batman: Mask of the Phantasm;Animation;Kevin Altieri;1993;76;6;8.00
22/01/2024 10:30;Groundhog Day;Comedy;Harold Ramis;1993;101;0;7.00
21/01/2024 17:30;Harry Potter and the Prisoner of Azkaban;Adventure;Alfonso Cuarón;2004;142;0;7.50
21/01/2024 15:00;Groundhog Day;Comedy;Harold Ramis;1993;101;0;6.50
21/01/2024 12:00;The Last Picture Show;Drama;Peter Bogdanovich;1971;118;16;7.00
21/01/2024 10:00;Zelig;Comedy;Woody Allen;1983;79;6;8.50
20/01/2024 16:00;Being There;Comedy;Hal Ashby;1979;130;6;8.00
20/01/2024 13:30;Finding Neverland;Biography;Marc Forster;2004;106;0;8.50
20/01/2024 10:30;Star Wars: Episode VI - Return of the Jedi;Action;Richard Marquand;1983;131;0;8.50
19/01/2024 14:00;Cat on a Hot Tin Roof;Drama;Richard Brooks;1958;108;12;7.50
19/01/2024 10:00;La dolce vita;Comedy;Federico Fellini;1960;174;12;6.50
18/01/2024 16:30;A Man for All Seasons;Biography;Fred Zinnemann;1966;120;0;7.00
18/01/2024 12:30;The Deer Hunter;Drama;Michael Cimino;1978;183;12;8.50
18/01/2024 10:00;Full Metal Jacket;Drama;Stanley Kubrick;1987;116;12;8.00
17/01/2024 16:00;The Straight Story;Biography;David Lynch;1999;112;0;6.50
17/01/2024 13:00;Inherit the Wind;Biography;Stanley Kramer;1960;128;12;7.00
17/01/2024 10:30;Strangers on a Train;Crime;Alfred Hitchcock;1951;101;12;8.50
16/01/2024 13:00;Batman: Mask of the Phantasm;Animation;Kevin Altieri;1993;76;6;7.50
16/01/2024 10:00;Training Day;Crime;Antoine Fuqua;2001;122;12;8.50
15/01/2024 10:30;Guess Who's Coming to Dinner;Comedy;Stanley Kramer;1967;108;12;6.50
14/01/2024 19:00;Singin' in the Rain;Comedy;Stanley Donen;1952;103;0;9.50
14/01/2024 17:00;Batman: Mask of the Phantasm;Animation;Kevin Altieri;1993;76;6;8.00
14/01/2024 14:30;Groundhog Day;Comedy;Harold Ramis;1993;101;0;7.50
14/01/2024 10:30;Dogville;Crime;Lars von Trier;2003;178;16;8.50
13/01/2024 17:30;Reservoir Dogs;Crime;Quentin Tarantino;1992;99;16;8.50
13/01/2024 15:00;Reservoir Dogs;Crime;Quentin Tarantino;1992;99;16;7.00
13/01/2024 12:30;Reservoir Dogs;Crime;Quentin Tarantino;1992;99;16;7.00
13/01/2024 10:00;Ace in the Hole;Drama;Billy Wilder;1951;111;12;6.50
12/01/2024 16:30;Rashômon;Crime;Akira Kurosawa;1950;88;12;8.00
12/01/2024 13:30;A Man for All Seasons;Biography;Fred Zinnemann;1966;120;0;8.50
12/01/2024 10:30;Inherit the Wind;Biography;Stanley Kramer;1960;128;12;7.50
11/01/2024 10:30;Star Wars: Episode VI - Return of the Jedi;Action;Richard Marquand;1983;131;0;8.50
10/01/2024 13:00;The Deer Hunter;Drama;Michael Cimino;1978;183;12;7.50
10/01/2024 10:30;Cat on a Hot Tin Roof;Drama;Richard Brooks;1958;108;12;6.50
09/01/2024 10:30;Singin' in the Rain;Comedy;Stanley Donen;1952;103;0;7.00
08/01/2024 16:30;La règle du jeu;Comedy;Jean Renoir;1939;110;12;8.50
08/01/2024 13:30;Forrest Gump;Drama;Robert Zemeckis;1994;142;12;7.50
08/01/2024 10:30;Lost Highway;Mystery;David Lynch;1997;134;12;7.00
07/01/2024 15:00;Dogville;Crime;Lars von Trier;2003;178;16;7.00
07/01/2024 12:30;Reservoir Dogs;Crime;Quentin Tarantino;1992;99;16;8.50
07/01/2024 10:00;La Strada;Drama;Federico Fellini;1954;108;12;6.50
06/01/2024 20:00;The Deer Hunter;Drama;Michael Cimino;1978;183;12;10.00
06/01/2024 17:30;Reservoir Dogs;Crime;Quentin Tarantino;1992;99;16;7.00
06/01/2024 14:00;My Fair Lady;Drama;George Cukor;1964;170;0;6.50
06/01/2024 10:00;The Deer Hunter;Drama;Michael Cimino;1978;183;12;8.50
05/01/2024 10:00;The Straight Story;Biography;David Lynch;1999;112;0;7.50
04/01/2024 14:30;Aliens;Action;James Cameron;1986;137;0;6.50
04/01/2024 10:00;Andrei Rublev;Biography;Andrei Tarkovsky;1966;205;16;7.00
03/01/2024 17:00;The Dirty Dozen;Action;Robert Aldrich;1967;150;12;8.00
03/01/2024 14:30;Hotaru no haka;Animation;Isao Takahata;1988;89;0;8.00
03/01/2024 10:30;La dolce vita;Comedy;Federico Fellini;1960;174;12;8.50
02/01/2024 10:00;Guess Who's Coming to Dinner;Comedy;Stanley Kramer;1967;108;12;8.50
01/01/2024 10:30;Amadeus;Biography;Milos Forman;1984;160;16;7.00
31/12/2023 16:30;Munna Bhai M.B.B.S.;Comedy;Rajkumar Hirani;2003;156;0;8.50
31/12/2023 12:30;The Deer Hunter;Drama;Michael Cimino;1978;183;12;6.50
31/12/2023 10:00;Singin' in the Rain;Comedy;Stanley Donen;1952;103;0;7.50
30/12/2023 15:30;La dolce vita;Comedy;Federico Fellini;1960;174;12;6.50
30/12/2023 13:00;Rashômon;Crime;Akira Kurosawa;1950;88;12;8.00
30/12/2023 10:00;Per qualche dollaro in più;Western;Sergio Leone;1965;132;0;6.50
29/12/2023 15:00;The Treasure of the Sierra Madre;Adventure;John Huston;1948;126;12;7.00
29/12/2023 12:30;The Gold Rush;Adventure;Charles Chaplin;1925;95;12;7.50
29/12/2023 10:00;La Strada;Drama;Federico Fellini;1954;108;12;6.50
28/12/2023 10:00;Reservoir Dogs;Crime;Quentin Tarantino;1992;99;16;6.50
27/12/2023 10:00;The Gold Rush;Adventure;Charles Chaplin;1925;95;12;7.00
26/12/2023 10:30;The Treasure of the Sierra Madre;Adventure;John Huston;1948;126;12;7.50
25/12/2023 16:30;Munna Bhai M.B.B.S.;Comedy;Rajkumar Hirani;2003;156;0;8.50
25/12/2023 14:00;The Gold Rush;Adventure;Charles Chaplin;1925;95;12;8.00
25/12/2023 10:00;La dolce vita;Comedy;Federico Fellini;1960;174;12;8.00
24/12/2023 19:00;Rebecca;Drama;Alfred Hitchcock;1940;130;12;9.00
24/12/2023 16:00;Per qualche dollaro in più;Western;Sergio Leone;1965;132;0;8.00
24/12/2023 13:30;La Strada;Drama;Federico Fellini;1954;108;12;8.50
24/12/2023 10:30;Per qualche dollaro in più;Western;Sergio Leone;1965;132;0;8.00
23/12/2023 19:00;Dogville;Crime;Lars von Trier;2003;178;16;9.00
23/12/2023 16:00;Almost Famous;Adventure;Cameron Crowe;2000;122;12;8.50
23/12/2023 13:00;Per qualche dollaro in più;Western;Sergio Leone;1965;132;0;7.00
23/12/2023 10:00;Forrest Gump;Drama;Robert Zemeckis;1994;142;12;8.00
22/12/2023 17:00;The Gold Rush;Adventure;Charles Chaplin;1925;95;12;8.50
22/12/2023 12:30;Andrei Rublev;Biography;Andrei Tarkovsky;1966;205;16;6.50
22/12/2023 10:00;La Strada;Drama;Federico Fellini;1954;108;12;8.50
21/12/2023 16:00;The Last of the Mohicans;Action;Michael Mann;1992;112;12;7.00
21/12/2023 13:00;The Dirty Dozen;Action;Robert Aldrich;1967;150;12;7.50
21/12/2023 10:30;Full Metal Jacket;Drama;Stanley Kubrick;1987;116;12;8.50
20/12/2023 14:30;Andrei Rublev;Biography;Andrei Tarkovsky;1966;205;16;6.50
20/12/2023 10:30;Dogville;Crime;Lars von Trier;2003;178;16;8.50
19/12/2023 16:00;The Thing;Horror;John Carpenter;1982;109;12;7.50
19/12/2023 13:30;Aladdin;Animation;Ron Clements;1992;90;0;8.50
19/12/2023 10:30;Forrest Gump;Drama;Robert Zemeckis;1994;142;12;6.50
18/12/2023 12:30;Andrei Rublev;Biography;Andrei Tarkovsky;1966;205;16;7.50
18/12/2023 10:00;The Usual Suspects;Crime;Bryan Singer;1995;106;12;6.50
17/12/2023 15:00;Almost Famous;Adventure;Cameron Crowe;2000;122;12;8.50
17/12/2023 12:30;Rope;Crime;Alfred Hitchcock;1948;80;12;7.00
17/12/2023 10:30;Persona;Drama;Ingmar Bergman;1966;85;12;7.00
16/12/2023 19:00;La règle du jeu;Comedy;Jean Renoir;1939;110;12;8.50
16/12/2023 15:00;Dances with Wolves;Adventure;Kevin Costner;1990;181;0;8.00
16/12/2023 12:30;La Strada;Drama;Federico Fellini;1954;108;12;7.50
16/12/2023 10:00;Hotaru no haka;Animation;Isao Takahata;1988;89;0;8.50
15/12/2023 10:00;La dolce vita;Comedy;Federico Fellini;1960;174;12;7.50
14/12/2023 15:00;28 Days Later...;Drama;Danny Boyle;2002;113;12;8.00
14/12/2023 13:00;Rope;Crime;Alfred Hitchcock;1948;80;12;8.50
14/12/2023 10:30;Aladdin;Animation;Ron Clements;1992;90;0;8.50
13/12/2023 16:00;Rebecca;Drama;Alfred Hitchcock;1940;130;12;8.00
13/12/2023 13:30;Ondskan;Drama;Mikael Håfström;2003;113;12;8.50
13/12/2023 10:30;Donnie Brasco;Biography;Mike Newell;1997;127;12;8.00
12/12/2023 10:30;Ondskan;Drama;Mikael Håfström;2003;113;12;8.50
11/12/2023 15:30;Lost Highway;Mystery;David Lynch;1997;134;12;7.00
11/12/2023 12:30;The Treasure of the Sierra Madre;Adventure;John Huston;1948;126;12;6.50
11/12/2023 10:00;La règle du jeu;Comedy;Jean Renoir;1939;110;12;8.00
10/12/2023 18:00;Der Himmel über Berlin;Drama;Wim Wenders;1987;128;0;9.50
10/12/2023 15:30;Kumonosu-jô;Drama;Akira Kurosawa;1957;110;12;7.00
10/12/2023 12:30;Kumonosu-jô;Drama;Akira Kurosawa;1957;110;12;8.50
10/12/2023 10:00;Requiem for a Dream;Drama;Darren Aronofsky;2000;102;12;8.00
09/12/2023 19:30;The Treasure of the Sierra Madre;Adventure;John Huston;1948;126;12;8.50
09/12/2023 17:30;Rope;Crime;Alfred Hitchcock;1948;80;12;8.00
09/12/2023 13:30;Fiddler on the Roof;Drama;Norman Jewison;1971;181;0;6.50
09/12/2023 10:30;Lost Highway;Mystery;David Lynch;1997;134;12;7.00
08/12/2023 14:00;Aladdin;Animation;Ron Clements;1992;90;0;8.00
08/12/2023 10:30;The Hurricane;Biography;Norman Jewison;1999;146;16;8.50
07/12/2023 10:00;Donnie Brasco;Biography;Mike Newell;1997;127;12;6.50
06/12/2023 16:00;Lost Highway;Mystery;David Lynch;1997;134;12;8.50
06/12/2023 13:30;A Night at the Opera;Comedy;Sam Wood;1935;96;12;6.50
06/12/2023 10:00;The Dirty Dozen;Action;Robert Aldrich;1967;150;12;7.50
05/12/2023 10:00;A Night at the Opera;Comedy;Sam Wood;1935;96;12;8.50
04/12/2023 10:00;Fear and Loathing in Las Vegas;Adventure;Terry Gilliam;1998;118;16;8.00
03/12/2023 18:30;A Night at the Opera;Comedy;Sam Wood;1935;96;12;9.00
03/12/2023 15:00;Amadeus;Biography;Milos Forman;1984;160;16;8.00
03/12/2023 13:00;Rope;Crime;Alfred Hitchcock;1948;80;12;7.50
03/12/2023 10:30;My Left Foot: The Story of Christy Brown;Biography;Jim Sheridan;1989;103;0;8.50
02/12/2023 18:00;"O Brother; Where Art Thou?";Adventure;Joel Coen;2000;107;0;9.00
02/12/2023 15:30;Ondskan;Drama;Mikael Håfström;2003;113;12;8.00
02/12/2023 13:00;Per un pugno di dollari;Action;Sergio Leone;1964;99;12;8.50
02/12/2023 10:00;Lost Highway;Mystery;David Lynch;1997;134;12;7.50
01/12/2023 13:00;Hedwig and the Angry Inch;Comedy;John Cameron Mitchell;2001;95;16;7.00
01/12/2023 10:30;Lost in Translation;Comedy;Sofia Coppola;2003;102;12;7.00
30/11/2023 12:30;Dances with Wolves;Adventure;Kevin Costner;1990;181;0;8.00
30/11/2023 10:00;The African Queen;Adventure;John Huston;1951;105;6;8.00
29/11/2023 15:00;Rebecca;Drama;Alfred Hitchcock;1940;130;12;7.50
29/11/2023 12:30;"O Brother; Where Art Thou?";Adventure;Joel Coen;2000;107;0;8.00
29/11/2023 10:30;Rope;Crime;Alfred Hitchcock;1948;80;12;7.50
28/11/2023 13:00;Kumonosu-jô;Drama;Akira Kurosawa;1957;110;12;8.50
28/11/2023 10:30;A Night at the Opera;Comedy;Sam Wood;1935;96;12;8.50
27/11/2023 13:30;A Night at the Opera;Comedy;Sam Wood;1935;96;12;6.50
27/11/2023 10:30;Lost Highway;Mystery;David Lynch;1997;134;12;6.50
26/11/2023 15:00;Dances with Wolves;Adventure;Kevin Costner;1990;181;0;7.00
26/11/2023 12:30;Hedwig and the Angry Inch;Comedy;John Cameron Mitchell;2001;95;16;8.50
26/11/2023 10:00;Aladdin;Animation;Ron Clements;1992;90;0;8.00
25/11/2023 17:30;Rope;Crime;Alfred Hitchcock;1948;80;12;6.50
25/11/2023 15:00;Monty Python and the Holy Grail;Adventure;Terry Gilliam;1975;91;6;6.50
25/11/2023 12:30;Aladdin;Animation;Ron Clements;1992;90;0;6.50
25/11/2023 10:00;Requiem for a Dream;Drama;Darren Aronofsky;2000;102;12;6.50
24/11/2023 12:30;Amadeus;Biography;Milos Forman;1984;160;16;8.50
24/11/2023 10:00;The African Queen;Adventure;John Huston;1951;105;6;8.00
23/11/2023 17:00;Naked;Comedy;Mike Leigh;1993;132;12;8.50
23/11/2023 14:30;The African Queen;Adventure;John Huston;1951;105;6;8.00
23/11/2023 10:00;Shichinin no samurai;Action;Akira Kurosawa;1954;207;0;7.00
22/11/2023 12:00;Aladdin;Animation;Ron Clements;1992;90;0;7.00
22/11/2023 10:00;Brief Encounter;Drama;David Lean;1945;86;0;6.50
21/11/2023 13:00;The Hurricane;Biography;Norman Jewison;1999;146;16;8.50
21/11/2023 10:00;Rebecca;Drama;Alfred Hitchcock;1940;130;12;7.00
20/11/2023 10:30;Do lok tin si;Comedy;Kar-Wai Wong;1995;99;12;6.50
19/11/2023 16:30;The Dirty Dozen;Action;Robert Aldrich;1967;150;12;6.50
19/11/2023 14:00;Hedwig and the Angry Inch;Comedy;John Cameron Mitchell;2001;95;16;8.50
19/11/2023 10:30;The Dirty Dozen;Action;Robert Aldrich;1967;150;12;7.00
18/11/2023 17:00;Withnail & I;Comedy;Bruce Robinson;1987;107;16;8.50
18/11/2023 12:30;Shichinin no samurai;Action;Akira Kurosawa;1954;207;0;6.50
18/11/2023 10:00;Kumonosu-jô;Drama;Akira Kurosawa;1957;110;12;8.00
17/11/2023 13:00;Fear and Loathing in Las Vegas;Adventure;Terry Gilliam;1998;118;16;7.50
17/11/2023 10:30;Requiem for a Dream;Drama;Darren Aronofsky;2000;102;12;8.50
16/11/2023 10:30;In the Name of the Father;Biography;Jim Sheridan;1993;133;12;7.50
15/11/2023 12:30;Frankenstein;Drama;James Whale;1931;70;12;8.00
15/11/2023 10:00;Aladdin;Animation;Ron Clements;1992;90;0;7.00
14/11/2023 13:00;Withnail & I;Comedy;Bruce Robinson;1987;107;16;6.50
14/11/2023 10:30;Persona;Drama;Ingmar Bergman;1966;85;12;6.50
13/11/2023 16:00;The African Queen;Adventure;John Huston;1951;105;6;7.50
13/11/2023 13:30;Withnail & I;Comedy;Bruce Robinson;1987;107;16;6.50
13/11/2023 10:30;Planet of the Apes;Adventure;Franklin J. Schaffner;1968;112;0;8.00
12/11/2023 15:30;Shichinin no samurai;Action;Akira Kurosawa;1954;207;0;7.50
12/11/2023 13:00;Do lok tin si;Comedy;Kar-Wai Wong;1995;99;12;7.00
12/11/2023 10:00;Die Hard: With a Vengeance;Action;John McTiernan;1995;128;12;8.00
11/11/2023 19:00;Gattaca;Drama;Andrew Niccol;1997;106;12;10.00
11/11/2023 16:00;Naked;Comedy;Mike Leigh;1993;132;12;7.50
11/11/2023 13:30;Per un pugno di dollari;Action;Sergio Leone;1964;99;12;7.00
11/11/2023 10:30;Good Bye Lenin!;Comedy;Wolfgang Becker;2003;121;16;8.00
10/11/2023 15:30;In the Name of the Father;Biography;Jim Sheridan;1993;133;12;8.00
10/11/2023 13:00;Kumonosu-jô;Drama;Akira Kurosawa;1957;110;12;7.50
10/11/2023 10:00;Good Bye Lenin!;Comedy;Wolfgang Becker;2003;121;16;7.00
09/11/2023 10:00;My Left Foot: The Story of Christy Brown;Biography;Jim Sheridan;1989;103;0;7.50
08/11/2023 10:30;Duck Soup;Comedy;Leo McCarey;1933;69;12;6.50
07/11/2023 15:00;Lost in Translation;Comedy;Sofia Coppola;2003;102;12;8.50
07/11/2023 12:30;My Left Foot: The Story of Christy Brown;Biography;Jim Sheridan;1989;103;0;7.50
07/11/2023 10:00;Days of Heaven;Drama;Terrence Malick;1978;94;6;8.00
06/11/2023 15:00;Good Bye Lenin!;Comedy;Wolfgang Becker;2003;121;16;7.00
06/11/2023 10:30;Shichinin no samurai;Action;Akira Kurosawa;1954;207;0;8.50
05/11/2023 19:00;Dead Man;Adventure;Jim Jarmusch;1995;121;16;9.50
05/11/2023 16:00;E.T. the Extra-Terrestrial;Family;Steven Spielberg;1982;115;0;7.00
05/11/2023 13:30;Modern Times;Comedy;Charles Chaplin;1936;87;0;7.00
05/11/2023 10:30;Naked;Comedy;Mike Leigh;1993;132;12;8.50
04/11/2023 17:00;Kumonosu-jô;Drama;Akira Kurosawa;1957;110;12;6.50
04/11/2023 14:30;Mad Max 2;Action;George Miller;1981;96;12;8.00
04/11/2023 12:30;Evil Dead II;Action;Sam Raimi;1987;84;12;7.00
04/11/2023 10:00;Boyz n the Hood;Crime;John Singleton;1991;112;12;6.50
03/11/2023 15:00;The Best Years of Our Lives;Drama;William Wyler;1946;170;12;8.00
03/11/2023 12:30;Fear and Loathing in Las Vegas;Adventure;Terry Gilliam;1998;118;16;8.50
03/11/2023 10:00;The Sandlot;Comedy;David Mickey Evans;1993;101;0;6.50
02/11/2023 15:00;Die Hard: With a Vengeance;Action;John McTiernan;1995;128;12;8.00
02/11/2023 12:30;Mad Max 2;Action;George Miller;1981;96;12;7.50
02/11/2023 10:00;Days of Heaven;Drama;Terrence Malick;1978;94;6;7.00
01/11/2023 10:00;Shichinin no samurai;Action;Akira Kurosawa;1954;207;0;8.50
31/10/2023 10:30;Days of Heaven;Drama;Terrence Malick;1978;94;6;7.00
30/10/2023 15:30;Shichinin no samurai;Action;Akira Kurosawa;1954;207;0;7.00
30/10/2023 13:00;Per un pugno di dollari;Action;Sergio Leone;1964;99;12;8.00
30/10/2023 10:00;Der Himmel über Berlin;Drama;Wim Wenders;1987;128;0;8.00
29/10/2023 18:00;Duck Soup;Comedy;Leo McCarey;1933;69;12;9.50
29/10/2023 15:30;Hana-bi;Crime;Takeshi Kitano;1997;103;12;7.00
29/10/2023 13:00;Gattaca;Drama;Andrew Niccol;1997;106;12;7.00
29/10/2023 10:30;Evil Dead II;Action;Sam Raimi;1987;84;12;8.00
28/10/2023 15:30;The Best Years of Our Lives;Drama;William Wyler;1946;170;12;8.50
28/10/2023 12:30;Boyz n the Hood;Crime;John Singleton;1991;112;12;6.50
28/10/2023 10:00;Monty Python and the Holy Grail;Adventure;Terry Gilliam;1975;91;6;8.50
27/10/2023 12:30;Monty Python and the Holy Grail;Adventure;Terry Gilliam;1975;91;6;7.50
27/10/2023 10:00;Gattaca;Drama;Andrew Niccol;1997;106;12;8.00
26/10/2023 14:30;Boyz n the Hood;Crime;John Singleton;1991;112;12;8.00
26/10/2023 10:00;Shichinin no samurai;Action;Akira Kurosawa;1954;207;0;8.50
25/10/2023 13:00;Kagemusha;Drama;Akira Kurosawa;1980;180;0;8.00
25/10/2023 10:30;Gattaca;Drama;Andrew Niccol;1997;106;12;8.50
24/10/2023 13:00;Bringing Up Baby;Comedy;Howard Hawks;1938;102;12;8.00
24/10/2023 10:30;Mad Max 2;Action;George Miller;1981;96;12;7.50
23/10/2023 10:00;Duck Soup;Comedy;Leo McCarey;1933;69;12;8.00
22/10/2023 15:30;Boyz n the Hood;Crime;John Singleton;1991;112;12;8.50
22/10/2023 13:00;Gattaca;Drama;Andrew Niccol;1997;106;12;7.00
22/10/2023 10:00;Full Metal Jacket;Drama;Stanley Kubrick;1987;116;12;7.50
21/10/2023 14:00;Bringing Up Baby;Comedy;Howard Hawks;1938;102;12;6.50
21/10/2023 12:00;Frankenstein;Drama;James Whale;1931;70;12;6.50
21/10/2023 10:00;Frankenstein;Drama;James Whale;1931;70;12;8.50
20/10/2023 12:30;Lost Highway;Mystery;David Lynch;1997;134;12;8.50
20/10/2023 10:30;Duck Soup;Comedy;Leo McCarey;1933;69;12;7.50
19/10/2023 13:00;Das Cabinet des Dr. Caligari;Fantasy;Robert Wiene;1920;76;12;8.50
19/10/2023 10:00;Planet of the Apes;Adventure;Franklin J. Schaffner;1968;112;0;7.50
18/10/2023 15:30;The Best Years of Our Lives;Drama;William Wyler;1946;170;12;7.00
18/10/2023 13:00;Mad Max 2;Action;George Miller;1981;96;12;8.50
18/10/2023 10:30;The Ladykillers;Comedy;Alexander Mackendrick;1955;91;12;8.50
17/10/2023 10:00;Le samouraï;Crime;Jean-Pierre Melville;1967;105;12;8.50
16/10/2023 12:30;Hable con ella;Drama;Pedro Almodóvar;2002;112;16;6.50
16/10/2023 10:00;The Sandlot;Comedy;David Mickey Evans;1993;101;0;7.50
15/10/2023 15:30;Willy Wonka & the Chocolate Factory;Family;Mel Stuart;1971;100;0;7.00
15/10/2023 12:30;Das Boot;Adventure;Wolfgang Petersen;1981;149;16;8.50
15/10/2023 10:00;Enter the Dragon;Action;Robert Clouse;1973;102;12;8.00
14/10/2023 15:00;Duck Soup;Comedy;Leo McCarey;1933;69;12;7.00
14/10/2023 12:30;Planet of the Apes;Adventure;Franklin J. Schaffner;1968;112;0;8.50
14/10/2023 10:30;Duck Soup;Comedy;Leo McCarey;1933;69;12;8.50
13/10/2023 15:00;"South Park: Bigger; Longer & Uncut";Animation;Trey Parker;1999;81;12;8.00
13/10/2023 12:30;Donnie Darko;Drama;Richard Kelly;2001;113;16;6.50
13/10/2023 10:00;Boyz n the Hood;Crime;John Singleton;1991;112;12;7.50
12/10/2023 12:30;Les quatre cents coups;Crime;François Truffaut;1959;99;12;6.50
12/10/2023 10:00;Hana-bi;Crime;Takeshi Kitano;1997;103;12;7.50
11/10/2023 16:30;Monty Python and the Holy Grail;Adventure;Terry Gilliam;1975;91;6;6.50
11/10/2023 13:00;Forrest Gump;Drama;Robert Zemeckis;1994;142;12;6.50
11/10/2023 10:00;Eskiya;Crime;Yavuz Turgul;1996;128;12;8.00
10/10/2023 16:00;Todo sobre mi madre;Drama;Pedro Almodóvar;1999;101;16;6.50
10/10/2023 13:30;Requiem for a Dream;Drama;Darren Aronofsky;2000;102;12;6.50
10/10/2023 10:30;E.T. the Extra-Terrestrial;Family;Steven Spielberg;1982;115;0;6.50
09/10/2023 13:00;Monty Python and the Holy Grail;Adventure;Terry Gilliam;1975;91;6;7.00
09/10/2023 10:00;Dead Man;Adventure;Jim Jarmusch;1995;121;16;7.50
08/10/2023 16:00;Monty Python and the Holy Grail;Adventure;Terry Gilliam;1975;91;6;6.50
08/10/2023 13:00;Dawn of the Dead;Action;George A. Romero;1978;127;12;7.00
08/10/2023 10:30;Do lok tin si;Comedy;Kar-Wai Wong;1995;99;12;8.50
07/10/2023 18:30;Kagemusha;Drama;Akira Kurosawa;1980;180;0;10.00
07/10/2023 16:00;Days of Heaven;Drama;Terrence Malick;1978;94;6;7.50
07/10/2023 13:00;Good Bye Lenin!;Comedy;Wolfgang Becker;2003;121;16;6.50
07/10/2023 10:30;Les quatre cents coups;Crime;François Truffaut;1959;99;12;8.50
06/10/2023 13:30;Das Cabinet des Dr. Caligari;Fantasy;Robert Wiene;1920;76;12;7.50
06/10/2023 10:30;Midnight Express;Biography;Alan Parker;1978;121;12;8.00
05/10/2023 13:30;Out of the Past;Crime;Jacques Tourneur;1947;97;12;6.50
05/10/2023 10:30;The Count of Monte Cristo;Action;Kevin Reynolds;2002;131;12;7.50
04/10/2023 10:30;Duck Soup;Comedy;Leo McCarey;1933;69;12;7.50
03/10/2023 13:00;"South Park: Bigger; Longer & Uncut";Animation;Trey Parker;1999;81;12;8.50
03/10/2023 10:30;Todo sobre mi madre;Drama;Pedro Almodóvar;1999;101;16;7.00
02/10/2023 10:30;Duck Soup;Comedy;Leo McCarey;1933;69;12;6.50
01/10/2023 14:30;"Crna macka; beli macor";Comedy;Emir Kusturica;1998;127;16;8.50
01/10/2023 12:30;Das Cabinet des Dr. Caligari;Fantasy;Robert Wiene;1920;76;12;7.50
01/10/2023 10:00;Do lok tin si;Comedy;Kar-Wai Wong;1995;99;12;8.00
30/09/2023 17:30;Das Cabinet des Dr. Caligari;Fantasy;Robert Wiene;1920;76;12;8.50
30/09/2023 15:00;Out of the Past;Crime;Jacques Tourneur;1947;97;12;6.50
30/09/2023 12:30;Out of the Past;Crime;Jacques Tourneur;1947;97;12;7.00
30/09/2023 10:00;Yôjinbô;Action;Akira Kurosawa;1961;110;12;8.50
29/09/2023 15:30;Das Boot;Adventure;Wolfgang Petersen;1981;149;16;8.50
29/09/2023 13:00;Mad Max 2;Action;George Miller;1981;96;12;8.50
29/09/2023 10:30;Modern Times;Comedy;Charles Chaplin;1936;87;0;7.00
28/09/2023 16:30;Les quatre cents coups;Crime;François Truffaut;1959;99;12;6.50
28/09/2023 12:30;Kagemusha;Drama;Akira Kurosawa;1980;180;0;7.50
28/09/2023 10:30;Das Cabinet des Dr. Caligari;Fantasy;Robert Wiene;1920;76;12;8.00
27/09/2023 10:30;Bonnie and Clyde;Action;Arthur Penn;1967;111;12;8.00
26/09/2023 12:30;Modern Times;Comedy;Charles Chaplin;1936;87;0;7.50
26/09/2023 10:00;Le samouraï;Crime;Jean-Pierre Melville;1967;105;12;7.00
25/09/2023 13:30;Out of the Past;Crime;Jacques Tourneur;1947;97;12;6.50
25/09/2023 10:30;La vita è bella;Comedy;Roberto Benigni;1997;116;0;8.50
24/09/2023 18:00;Eskiya;Crime;Yavuz Turgul;1996;128;12;8.50
24/09/2023 15:00;Dead Man;Adventure;Jim Jarmusch;1995;121;16;6.50
24/09/2023 12:30;Yôjinbô;Action;Akira Kurosawa;1961;110;12;7.00
24/09/2023 10:00;Bringing Up Baby;Comedy;Howard Hawks;1938;102;12;6.50
23/09/2023 14:30;Giù la testa;Drama;Sergio Leone;1971;157;6;8.50
23/09/2023 12:30;"South Park: Bigger; Longer & Uncut";Animation;Trey Parker;1999;81;12;8.00
23/09/2023 10:00;Yôjinbô;Action;Akira Kurosawa;1961;110;12;8.50
22/09/2023 16:00;Miracle on 34th Street;Comedy;George Seaton;1947;96;12;6.50
22/09/2023 13:00;Dead Man;Adventure;Jim Jarmusch;1995;121;16;8.00
22/09/2023 10:30;Being John Malkovich;Comedy;Spike Jonze;1999;113;16;7.50
21/09/2023 10:00;Love and Death;Comedy;Woody Allen;1975;85;6;6.50
20/09/2023 16:00;Miracle on 34th Street;Comedy;George Seaton;1947;96;12;8.00
20/09/2023 13:00;To Kill a Mockingbird;Crime;Robert Mulligan;1962;129;0;7.50
20/09/2023 10:30;The Sandlot;Comedy;David Mickey Evans;1993;101;0;8.50
19/09/2023 15:30;Donnie Darko;Drama;Richard Kelly;2001;113;16;8.00
19/09/2023 12:30;To Kill a Mockingbird;Crime;Robert Mulligan;1962;129;0;7.00
19/09/2023 10:00;Enter the Dragon;Action;Robert Clouse;1973;102;12;7.50
18/09/2023 10:30;Todo sobre mi madre;Drama;Pedro Almodóvar;1999;101;16;6.50
17/09/2023 15:30;"Crna macka; beli macor";Comedy;Emir Kusturica;1998;127;16;8.50
17/09/2023 12:30;Donnie Darko;Drama;Richard Kelly;2001;113;16;7.50
17/09/2023 10:00;Mad Max 2;Action;George Miller;1981;96;12;7.00
16/09/2023 20:00;Yôjinbô;Action;Akira Kurosawa;1961;110;12;9.00
16/09/2023 17:30;Miracle on 34th Street;Comedy;George Seaton;1947;96;12;7.50
16/09/2023 14:00;Das Boot;Adventure;Wolfgang Petersen;1981;149;16;8.50
16/09/2023 10:30;Das Boot;Adventure;Wolfgang Petersen;1981;149;16;6.50
15/09/2023 10:30;The Ladykillers;Comedy;Alexander Mackendrick;1955;91;12;8.00
14/09/2023 10:30;Das Boot;Adventure;Wolfgang Petersen;1981;149;16;7.50
13/09/2023 15:30;Love and Death;Comedy;Woody Allen;1975;85;6;7.50
13/09/2023 13:00;Le samouraï;Crime;Jean-Pierre Melville;1967;105;12;7.00
13/09/2023 10:30;The Sandlot;Comedy;David Mickey Evans;1993;101;0;6.50
12/09/2023 13:00;Yôjinbô;Action;Akira Kurosawa;1961;110;12;6.50
12/09/2023 10:00;The Elephant Man;Biography;David Lynch;1980;124;12;6.50
11/09/2023 17:30;Midnight Express;Biography;Alan Parker;1978;121;12;6.50
11/09/2023 13:00;Ben-Hur;Adventure;William Wyler;1959;212;0;8.50
11/09/2023 10:30;Ladri di biciclette;Drama;Vittorio De Sica;1948;89;12;6.50
10/09/2023 15:30;Yôjinbô;Action;Akira Kurosawa;1961;110;12;7.00
10/09/2023 13:00;Miracle on 34th Street;Comedy;George Seaton;1947;96;12;7.00
10/09/2023 10:30;Ladri di biciclette;Drama;Vittorio De Sica;1948;89;12;8.00
09/09/2023 19:30;Dr. Strangelove or: How I Learned to Stop Worrying and Love the Bomb;Comedy;Stanley Kubrick;1964;95;12;10.00
09/09/2023 15:00;Ben-Hur;Adventure;William Wyler;1959;212;0;8.00
09/09/2023 12:30;Ladri di biciclette;Drama;Vittorio De Sica;1948;89;12;7.50
09/09/2023 10:00;Bringing Up Baby;Comedy;Howard Hawks;1938;102;12;6.50
08/09/2023 10:00;The Elephant Man;Biography;David Lynch;1980;124;12;8.00
07/09/2023 16:00;The Ladykillers;Comedy;Alexander Mackendrick;1955;91;12;6.50
07/09/2023 13:00;The Count of Monte Cristo;Action;Kevin Reynolds;2002;131;12;8.00
07/09/2023 10:30;Dr. Strangelove or: How I Learned to Stop Worrying and Love the Bomb;Comedy;Stanley Kubrick;1964;95;12;6.50
06/09/2023 13:00;La vita è bella;Comedy;Roberto Benigni;1997;116;0;8.50
06/09/2023 10:30;Dr. Strangelove or: How I Learned to Stop Worrying and Love the Bomb;Comedy;Stanley Kubrick;1964;95;12;7.50
05/09/2023 10:30;Kagemusha;Drama;Akira Kurosawa;1980;180;0;7.00
04/09/2023 10:00;Kagemusha;Drama;Akira Kurosawa;1980;180;0;8.00
03/09/2023 20:30;The Goonies;Adventure;Richard Donner;1985;114;0;9.50
03/09/2023 16:30;Kagemusha;Drama;Akira Kurosawa;1980;180;0;6.50
03/09/2023 13:30;The Elephant Man;Biography;David Lynch;1980;124;12;7.50
03/09/2023 10:00;Das Boot;Adventure;Wolfgang Petersen;1981;149;16;7.50
02/09/2023 18:30;Miracle on 34th Street;Comedy;George Seaton;1947;96;12;8.50
02/09/2023 15:30;The Count of Monte Cristo;Action;Kevin Reynolds;2002;131;12;7.00
02/09/2023 12:30;The Elephant Man;Biography;David Lynch;1980;124;12;8.50
02/09/2023 10:00;Miracle on 34th Street;Comedy;George Seaton;1947;96;12;8.00
01/09/2023 10:30;Donnie Darko;Drama;Richard Kelly;2001;113;16;8.00
31/08/2023 15:00;Solaris;Drama;Andrei Tarkovsky;1972;167;6;7.00
31/08/2023 12:30;Willy Wonka & the Chocolate Factory;Family;Mel Stuart;1971;100;0;6.50
31/08/2023 10:00;Dial M for Murder;Crime;Alfred Hitchcock;1954;105;12;6.50
30/08/2023 10:30;Dial M for Murder;Crime;Alfred Hitchcock;1954;105;12;8.00
29/08/2023 10:30;Dial M for Murder;Crime;Alfred Hitchcock;1954;105;12;6.50
28/08/2023 13:00;Sling Blade;Drama;Billy Bob Thornton;1996;135;16;8.00
28/08/2023 10:30;Down by Law;Comedy;Jim Jarmusch;1986;107;16;8.50
27/08/2023 20:00;Memento;Mystery;Christopher Nolan;2000;113;12;9.50
27/08/2023 16:00;Solaris;Drama;Andrei Tarkovsky;1972;167;6;8.50
27/08/2023 13:00;Miller's Crossing;Crime;Joel Coen;1990;115;16;7.00
27/08/2023 10:30;Dial M for Murder;Crime;Alfred Hitchcock;1954;105;12;6.50
26/08/2023 16:30;Finding Nemo;Animation;Andrew Stanton;2003;100;0;6.50
26/08/2023 13:00;Das Boot;Adventure;Wolfgang Petersen;1981;149;16;6.50
26/08/2023 10:00;"Paris; Texas";Drama;Wim Wenders;1984;145;0;7.00
25/08/2023 12:30;"Paris; Texas";Drama;Wim Wenders;1984;145;0;8.50
25/08/2023 10:00;Miracle on 34th Street;Comedy;George Seaton;1947;96;12;7.00
24/08/2023 10:00;Down by Law;Comedy;Jim Jarmusch;1986;107;16;8.50
23/08/2023 13:00;Papillon;Biography;Franklin J. Schaffner;1973;151;16;7.50
23/08/2023 10:00;Donnie Darko;Drama;Richard Kelly;2001;113;16;6.50
22/08/2023 10:30;Stand by Me;Adventure;Rob Reiner;1986;89;0;8.50
21/08/2023 10:30;Papillon;Biography;Franklin J. Schaffner;1973;151;16;6.50
20/08/2023 20:00;The Elephant Man;Biography;David Lynch;1980;124;12;10.00
20/08/2023 17:00;The Goonies;Adventure;Richard Donner;1985;114;0;8.00
20/08/2023 14:00;Memento;Mystery;Christopher Nolan;2000;113;12;8.00
20/08/2023 10:30;Das Boot;Adventure;Wolfgang Petersen;1981;149;16;8.50
19/08/2023 19:00;Ikiru;Drama;Akira Kurosawa;1952;143;12;9.50
19/08/2023 16:00;The Count of Monte Cristo;Action;Kevin Reynolds;2002;131;12;7.00
19/08/2023 13:00;"Paris; Texas";Drama;Wim Wenders;1984;145;0;6.50
19/08/2023 10:30;Ladri di biciclette;Drama;Vittorio De Sica;1948;89;12;6.50
18/08/2023 14:00;Barry Lyndon;Adventure;Stanley Kubrick;1975;185;6;7.00
18/08/2023 10:00;Short Cuts;Comedy;Robert Altman;1993;188;16;7.00
17/08/2023 15:30;The Goonies;Adventure;Richard Donner;1985;114;0;8.00
17/08/2023 12:30;Inherit the Wind;Biography;Stanley Kramer;1960;128;12;8.50
17/08/2023 10:00;Out of the Past;Crime;Jacques Tourneur;1947;97;12;6.50
16/08/2023 10:30;Finding Nemo;Animation;Andrew Stanton;2003;100;0;8.50
15/08/2023 10:30;The Count of Monte Cristo;Action;Kevin Reynolds;2002;131;12;8.00
14/08/2023 12:30;The Goonies;Adventure;Richard Donner;1985;114;0;8.00
14/08/2023 10:00;Stand by Me;Adventure;Rob Reiner;1986;89;0;6.50
13/08/2023 17:30;La règle du jeu;Comedy;Jean Renoir;1939;110;12;7.50
13/08/2023 13:30;Barry Lyndon;Adventure;Stanley Kubrick;1975;185;6;6.50
13/08/2023 10:00;Solaris;Drama;Andrei Tarkovsky;1972;167;6;7.50
12/08/2023 18:30;Barry Lyndon;Adventure;Stanley Kubrick;1975;185;6;9.50
12/08/2023 15:30;Memento;Mystery;Christopher Nolan;2000;113;12;8.50
12/08/2023 13:00;Smultronstället;Drama;Ingmar Bergman;1957;91;0;8.00
12/08/2023 10:30;Dial M for Murder;Crime;Alfred Hitchcock;1954;105;12;7.50
11/08/2023 13:00;Stand by Me;Adventure;Rob Reiner;1986;89;0;8.50
11/08/2023 10:30;Mulan;Animation;Tony Bancroft;1998;88;0;6.50
10/08/2023 13:00;Down by Law;Comedy;Jim Jarmusch;1986;107;16;7.00
10/08/2023 10:00;Memento;Mystery;Christopher Nolan;2000;113;12;7.00
09/08/2023 13:00;Finding Nemo;Animation;Andrew Stanton;2003;100;0;7.50
09/08/2023 10:30;Sanjuro;Action;Akira Kurosawa;1962;96;0;8.00
08/08/2023 10:00;Dial M for Murder;Crime;Alfred Hitchcock;1954;105;12;8.00
07/08/2023 10:30;Salinui chueok;Crime;Bong Joon Ho;2003;131;12;7.00
06/08/2023 16:30;Stand by Me;Adventure;Rob Reiner;1986;89;0;8.50
06/08/2023 14:00;Léon;Action;Luc Besson;1994;110;12;8.50
06/08/2023 10:00;Barry Lyndon;Adventure;Stanley Kubrick;1975;185;6;8.50
05/08/2023 16:00;Barry Lyndon;Adventure;Stanley Kubrick;1975;185;6;6.50
05/08/2023 13:00;Ikiru;Drama;Akira Kurosawa;1952;143;12;6.50
05/08/2023 10:00;The Elephant Man;Biography;David Lynch;1980;124;12;8.50
04/08/2023 16:00;Ikiru;Drama;Akira Kurosawa;1952;143;12;6.50
04/08/2023 13:00;The Treasure of the Sierra Madre;Adventure;John Huston;1948;126;12;6.50
04/08/2023 10:30;12 Angry Men;Crime;Sidney Lumet;1957;96;0;6.50
03/08/2023 12:30;The Treasure of the Sierra Madre;Adventure;John Huston;1948;126;12;8.00
03/08/2023 10:00;Ladri di biciclette;Drama;Vittorio De Sica;1948;89;12;8.50
02/08/2023 10:30;The Taking of Pelham One Two Three;Action;Joseph Sargent;1974;104;0;7.00
01/08/2023 10:30;La règle du jeu;Comedy;Jean Renoir;1939;110;12;7.00
31/07/2023 15:30;Ikiru;Drama;Akira Kurosawa;1952;143;12;7.50
31/07/2023 13:00;12 Angry Men;Crime;Sidney Lumet;1957;96;0;8.00
31/07/2023 10:00;The Day of the Jackal;Crime;Fred Zinnemann;1973;143;12;7.50
30/07/2023 16:00;Ikiru;Drama;Akira Kurosawa;1952;143;12;6.50
30/07/2023 13:30;The Goonies;Adventure;Richard Donner;1985;114;0;7.50
30/07/2023 10:30;The Treasure of the Sierra Madre;Adventure;John Huston;1948;126;12;6.50
29/07/2023 16:00;Sanjuro;Action;Akira Kurosawa;1962;96;0;7.00
29/07/2023 13:00;The Man Who Would Be King;Adventure;John Huston;1975;129;6;8.50
29/07/2023 10:30;Out of the Past;Crime;Jacques Tourneur;1947;97;12;6.50
28/07/2023 10:00;Stagecoach;Adventure;John Ford;1939;96;12;7.50
27/07/2023 13:00;Finding Nemo;Animation;Andrew Stanton;2003;100;0;6.50
27/07/2023 10:30;First Blood;Action;Ted Kotcheff;1982;93;12;7.50
26/07/2023 15:00;Barry Lyndon;Adventure;Stanley Kubrick;1975;185;6;8.00
26/07/2023 12:30;The Muppet Movie;Adventure;James Frawley;1979;95;0;6.50
26/07/2023 10:00;First Blood;Action;Ted Kotcheff;1982;93;12;7.50
25/07/2023 13:00;12 Angry Men;Crime;Sidney Lumet;1957;96;0;8.00
25/07/2023 10:30;Stagecoach;Adventure;John Ford;1939;96;12;8.50
24/07/2023 14:30;Ikiru;Drama;Akira Kurosawa;1952;143;12;7.50
24/07/2023 10:30;Barry Lyndon;Adventure;Stanley Kubrick;1975;185;6;7.00
23/07/2023 17:00;Le charme discret de la bourgeoisie;Comedy;Luis Buñuel;1972;102;6;8.50
23/07/2023 14:00;The Treasure of the Sierra Madre;Adventure;John Huston;1948;126;12;6.50
23/07/2023 10:00;Barry Lyndon;Adventure;Stanley Kubrick;1975;185;6;7.50
22/07/2023 21:30;Ikiru;Drama;Akira Kurosawa;1952;143;12;8.50
22/07/2023 19:00;Le charme discret de la bourgeoisie;Comedy;Luis Buñuel;1972;102;6;9.50
22/07/2023 14:30;Sholay;Action;Ramesh Sippy;1975;204;0;7.00
22/07/2023 10:30;Sholay;Action;Ramesh Sippy;1975;204;0;7.00
21/07/2023 10:00;Fargo;Crime;Joel Coen;1996;98;12;7.50
20/07/2023 13:00;Ran;Action;Akira Kurosawa;1985;162;0;8.50
20/07/2023 10:00;Full Metal Jacket;Drama;Stanley Kubrick;1987;116;12;7.00
19/07/2023 16:30;Ikiru;Drama;Akira Kurosawa;1952;143;12;8.50
19/07/2023 14:00;The Graduate;Comedy;Mike Nichols;1967;106;12;7.00
19/07/2023 10:00;Fanny och Alexander;Drama;Ingmar Bergman;1982;188;12;7.50
18/07/2023 13:00;Mulan;Animation;Tony Bancroft;1998;88;0;7.00
18/07/2023 10:00;Ikiru;Drama;Akira Kurosawa;1952;143;12;8.50
17/07/2023 16:00;Stand by Me;Adventure;Rob Reiner;1986;89;0;8.00
17/07/2023 13:00;The Man Who Would Be King;Adventure;John Huston;1975;129;6;7.00
17/07/2023 10:30;Finding Nemo;Animation;Andrew Stanton;2003;100;0;8.50
16/07/2023 19:00;Barry Lyndon;Adventure;Stanley Kubrick;1975;185;6;8.50
16/07/2023 16:30;The Taking of Pelham One Two Three;Action;Joseph Sargent;1974;104;0;7.00
16/07/2023 13:30;The Day of the Jackal;Crime;Fred Zinnemann;1973;143;12;7.00
16/07/2023 10:30;Full Metal Jacket;Drama;Stanley Kubrick;1987;116;12;7.50
15/07/2023 19:00;The Day of the Jackal;Crime;Fred Zinnemann;1973;143;12;9.50
15/07/2023 16:30;The Thing;Horror;John Carpenter;1982;109;12;8.00
15/07/2023 14:00;La règle du jeu;Comedy;Jean Renoir;1939;110;12;7.50
15/07/2023 10:00;The Thin Red Line;Drama;Terrence Malick;1998;170;12;8.50
14/07/2023 10:30;Sanjuro;Action;Akira Kurosawa;1962;96;0;8.50
13/07/2023 13:30;Mulan;Animation;Tony Bancroft;1998;88;0;7.00
13/07/2023 10:30;The Untouchables;Crime;Brian De Palma;1987;119;12;7.50
12/07/2023 16:00;Fanny och Alexander;Drama;Ingmar Bergman;1982;188;12;7.50
12/07/2023 13:30;Full Metal Jacket;Drama;Stanley Kubrick;1987;116;12;7.00
12/07/2023 10:30;The Man Who Would Be King;Adventure;John Huston;1975;129;6;8.00
11/07/2023 10:30;First Blood;Action;Ted Kotcheff;1982;93;12;8.50
10/07/2023 10:30;The Color Purple;Drama;Steven Spielberg;1985;154;0;6.50
09/07/2023 18:30;Sanjuro;Action;Akira Kurosawa;1962;96;0;8.50
09/07/2023 15:30;Salinui chueok;Crime;Bong Joon Ho;2003;131;12;8.50
09/07/2023 12:30;The Untouchables;Crime;Brian De Palma;1987;119;12;8.50
09/07/2023 10:00;The Taking of Pelham One Two Three;Action;Joseph Sargent;1974;104;0;6.50
08/07/2023 19:30;Rain Man;Drama;Barry Levinson;1988;133;0;9.50
08/07/2023 16:30;Full Metal Jacket;Drama;Stanley Kubrick;1987;116;12;8.50
08/07/2023 13:30;The Last of the Mohicans;Action;Michael Mann;1992;112;12;7.50
08/07/2023 10:30;Rain Man;Drama;Barry Levinson;1988;133;0;8.00
07/07/2023 12:30;October Sky;Biography;Joe Johnston;1999;108;6;8.50
07/07/2023 10:00;Stagecoach;Adventure;John Ford;1939;96;12;6.50
06/07/2023 10:30;The Taking of Pelham One Two Three;Action;Joseph Sargent;1974;104;0;6.50
05/07/2023 10:30;Ran;Action;Akira Kurosawa;1985;162;0;7.50
04/07/2023 13:00;Manhattan;Comedy;Woody Allen;1979;96;16;7.50
04/07/2023 10:30;Sanjuro;Action;Akira Kurosawa;1962;96;0;8.00
03/07/2023 10:00;The Warriors;Action;Walter Hill;1979;92;12;6.50
02/07/2023 15:30;The Untouchables;Crime;Brian De Palma;1987;119;12;7.00
02/07/2023 13:00;The Warriors;Action;Walter Hill;1979;92;12;7.50
02/07/2023 10:30;Stagecoach;Adventure;John Ford;1939;96;12;7.00
01/07/2023 17:30;Rebel Without a Cause;Drama;Nicholas Ray;1955;111;12;7.50
01/07/2023 15:00;Out of the Past;Crime;Jacques Tourneur;1947;97;12;8.50
01/07/2023 12:00;The Man Who Would Be King;Adventure;John Huston;1975;129;6;8.50
01/07/2023 10:00;Lola rennt;Crime;Tom Tykwer;1998;81;12;8.50
30/06/2023 15:30;The Thin Red Line;Drama;Terrence Malick;1998;170;12;7.00
30/06/2023 13:00;Delicatessen;Comedy;Marc Caro;1991;99;16;8.00
30/06/2023 10:30;Mulan;Animation;Tony Bancroft;1998;88;0;6.50
29/06/2023 10:30;Rain Man;Drama;Barry Levinson;1988;133;0;7.00
28/06/2023 16:00;The Magdalene Sisters;Drama;Peter Mullan;2002;114;16;6.50
28/06/2023 12:30;Ran;Action;Akira Kurosawa;1985;162;0;7.50
28/06/2023 10:00;Full Metal Jacket;Drama;Stanley Kubrick;1987;116;12;8.00
27/06/2023 10:00;The Thing;Horror;John Carpenter;1982;109;12;8.00
26/06/2023 17:00;Ran;Action;Akira Kurosawa;1985;162;0;8.50
26/06/2023 13:30;Pulp Fiction;Crime;Quentin Tarantino;1994;154;12;8.50
26/06/2023 10:30;Omohide poro poro;Animation;Isao Takahata;1991;118;0;8.50
25/06/2023 17:30;Mary Poppins;Comedy;Robert Stevenson;1964;139;0;6.50
25/06/2023 15:30;Beauty and the Beast;Animation;Gary Trousdale;1991;84;0;7.50
25/06/2023 13:00;Le charme discret de la bourgeoisie;Comedy;Luis Buñuel;1972;102;6;6.50
25/06/2023 10:30;Sanjuro;Action;Akira Kurosawa;1962;96;0;7.00
24/06/2023 15:30;Serpico;Biography;Sidney Lumet;1973;130;12;8.00
24/06/2023 13:00;Night of the Living Dead;Horror;George A. Romero;1968;96;12;6.50
24/06/2023 10:00;The Magdalene Sisters;Drama;Peter Mullan;2002;114;16;6.50
23/06/2023 16:30;Rain Man;Drama;Barry Levinson;1988;133;0;7.50
23/06/2023 13:30;The Treasure of the Sierra Madre;Adventure;John Huston;1948;126;12;7.00
23/06/2023 10:30;Fantasia;Animation;James Algar;1940;125;0;7.00
22/06/2023 16:00;Mary Poppins;Comedy;Robert Stevenson;1964;139;0;8.50
22/06/2023 13:00;Serpico;Biography;Sidney Lumet;1973;130;12;7.50
22/06/2023 10:00;Le salaire de la peur;Adventure;Henri-Georges Clouzot;1953;131;0;8.00
21/06/2023 10:30;The Green Mile;Crime;Frank Darabont;1999;189;12;7.50
20/06/2023 10:00;Manhattan;Comedy;Woody Allen;1979;96;16;8.50
19/06/2023 14:30;Fantasia;Animation;James Algar;1940;125;0;8.00
19/06/2023 10:30;The Green Mile;Crime;Frank Darabont;1999;189;12;6.50
18/06/2023 15:00;Ace in the Hole;Drama;Billy Wilder;1951;111;12;7.00
18/06/2023 12:30;Sanjuro;Action;Akira Kurosawa;1962;96;0;8.50
18/06/2023 10:00;The Terminator;Action;James Cameron;1984;107;12;7.50
17/06/2023 18:30;Rebel Without a Cause;Drama;Nicholas Ray;1955;111;12;10.00
17/06/2023 15:30;Le salaire de la peur;Adventure;Henri-Georges Clouzot;1953;131;0;6.50
17/06/2023 13:00;Manhattan;Comedy;Woody Allen;1979;96;16;8.00
17/06/2023 10:00;Lost Highway;Mystery;David Lynch;1997;134;12;8.50
16/06/2023 10:30;As Good as It Gets;Comedy;James L. Brooks;1997;139;12;7.50
15/06/2023 13:00;The Warriors;Action;Walter Hill;1979;92;12;7.50
15/06/2023 10:30;Rebel Without a Cause;Drama;Nicholas Ray;1955;111;12;7.00
14/06/2023 10:30;Le salaire de la peur;Adventure;Henri-Georges Clouzot;1953;131;0;8.00
13/06/2023 10:30;Delicatessen;Comedy;Marc Caro;1991;99;16;7.50
12/06/2023 10:00;Beauty and the Beast;Animation;Gary Trousdale;1991;84;0;8.50
11/06/2023 15:30;Manhattan;Comedy;Woody Allen;1979;96;16;7.50
11/06/2023 13:00;Manhattan;Comedy;Woody Allen;1979;96;16;6.50
11/06/2023 10:00;The Magdalene Sisters;Drama;Peter Mullan;2002;114;16;7.00
10/06/2023 18:00;Night of the Living Dead;Horror;George A. Romero;1968;96;12;9.00
10/06/2023 15:30;Beauty and the Beast;Animation;Gary Trousdale;1991;84;0;8.50
10/06/2023 13:00;Ace in the Hole;Drama;Billy Wilder;1951;111;12;8.50
10/06/2023 10:00;The Untouchables;Crime;Brian De Palma;1987;119;12;6.50
09/06/2023 16:00;Night of the Living Dead;Horror;George A. Romero;1968;96;12;6.50
09/06/2023 13:00;The Terminator;Action;James Cameron;1984;107;12;8.00
09/06/2023 10:30;Delicatessen;Comedy;Marc Caro;1991;99;16;8.50
08/06/2023 13:00;Lola rennt;Crime;Tom Tykwer;1998;81;12;7.50
08/06/2023 10:00;Citizen Kane;Drama;Orson Welles;1941;119;12;7.00
07/06/2023 15:00;October Sky;Biography;Joe Johnston;1999;108;6;8.50
07/06/2023 12:30;The Warriors;Action;Walter Hill;1979;92;12;8.00
07/06/2023 10:00;Ace in the Hole;Drama;Billy Wilder;1951;111;12;6.50
06/06/2023 12:30;Notorious;Drama;Alfred Hitchcock;1946;102;0;7.00
06/06/2023 10:00;The Last of the Mohicans;Action;Michael Mann;1992;112;12;7.50
05/06/2023 16:30;Notorious;Drama;Alfred Hitchcock;1946;102;0;8.50
05/06/2023 13:30;The Last of the Mohicans;Action;Michael Mann;1992;112;12;7.00
05/06/2023 10:30;The Untouchables;Crime;Brian De Palma;1987;119;12;8.50
04/06/2023 18:30;Beauty and the Beast;Animation;Gary Trousdale;1991;84;0;9.50
04/06/2023 16:00;Lola rennt;Crime;Tom Tykwer;1998;81;12;7.00
04/06/2023 13:30;Night of the Living Dead;Horror;George A. Romero;1968;96;12;7.50
04/06/2023 10:30;Lost Highway;Mystery;David Lynch;1997;134;12;8.50
03/06/2023 16:00;Happiness;Comedy;Todd Solondz;1998;134;12;8.00
03/06/2023 13:00;Per qualche dollaro in più;Western;Sergio Leone;1965;132;0;7.00
03/06/2023 10:30;Fargo;Crime;Joel Coen;1996;98;12;7.00
02/06/2023 13:00;October Sky;Biography;Joe Johnston;1999;108;6;7.00
02/06/2023 10:30;The Terminator;Action;James Cameron;1984;107;12;7.00
01/06/2023 16:00;Pulp Fiction;Crime;Quentin Tarantino;1994;154;12;8.50
01/06/2023 13:00;Full Metal Jacket;Drama;Stanley Kubrick;1987;116;12;6.50
01/06/2023 10:00;The Untouchables;Crime;Brian De Palma;1987;119;12;8.50
31/05/2023 13:00;Citizen Kane;Drama;Orson Welles;1941;119;12;8.50
31/05/2023 10:30;The Sandlot;Comedy;David Mickey Evans;1993;101;0;8.00
30/05/2023 10:30;The Game;Action;David Fincher;1997;129;12;7.50
29/05/2023 13:00;Pulp Fiction;Crime;Quentin Tarantino;1994;154;12;8.00
29/05/2023 10:00;Fantasia;Animation;James Algar;1940;125;0;8.00
28/05/2023 16:00;Lola rennt;Crime;Tom Tykwer;1998;81;12;8.00
28/05/2023 13:30;Full Metal Jacket;Drama;Stanley Kubrick;1987;116;12;7.00
28/05/2023 10:30;Ace in the Hole;Drama;Billy Wilder;1951;111;12;8.50
27/05/2023 15:00;Dazed and Confused;Comedy;Richard Linklater;1993;102;0;8.00
27/05/2023 12:30;The Magdalene Sisters;Drama;Peter Mullan;2002;114;16;6.50
27/05/2023 10:00;Beauty and the Beast;Animation;Gary Trousdale;1991;84;0;6.50
26/05/2023 10:30;The Treasure of the Sierra Madre;Adventure;John Huston;1948;126;12;8.50
25/05/2023 12:30;The Terminator;Action;James Cameron;1984;107;12;8.00
25/05/2023 10:00;Ace in the Hole;Drama;Billy Wilder;1951;111;12;8.50
24/05/2023 13:00;Pulp Fiction;Crime;Quentin Tarantino;1994;154;12;7.00
24/05/2023 10:00;As Good as It Gets;Comedy;James L. Brooks;1997;139;12;7.00
23/05/2023 10:30;The Magdalene Sisters;Drama;Peter Mullan;2002;114;16;8.50
22/05/2023 15:30;Kal Ho Naa Ho;Comedy;Nikkhil Advani;2003;186;0;6.50
22/05/2023 12:30;The Treasure of the Sierra Madre;Adventure;John Huston;1948;126;12;7.50
22/05/2023 10:00;Dr. Strangelove or: How I Learned to Stop Worrying and Love the Bomb;Comedy;Stanley Kubrick;1964;95;12;6.50
21/05/2023 17:00;La battaglia di Algeri;Drama;Gillo Pontecorvo;1966;121;12;7.00
21/05/2023 14:30;Dazed and Confused;Comedy;Richard Linklater;1993;102;0;6.50
21/05/2023 10:30;Kal Ho Naa Ho;Comedy;Nikkhil Advani;2003;186;0;7.50
20/05/2023 15:30;Notorious;Drama;Alfred Hitchcock;1946;102;0;7.00
20/05/2023 12:30;True Romance;Crime;Tony Scott;1993;119;16;8.00
20/05/2023 10:00;Dazed and Confused;Comedy;Richard Linklater;1993;102;0;8.50
19/05/2023 16:00;Lola rennt;Crime;Tom Tykwer;1998;81;12;7.50
19/05/2023 13:00;The Untouchables;Crime;Brian De Palma;1987;119;12;7.50
19/05/2023 10:00;Seppuku;Action;Masaki Kobayashi;1962;133;12;8.50
18/05/2023 13:00;The African Queen;Adventure;John Huston;1951;105;6;8.50
18/05/2023 10:30;Notorious;Drama;Alfred Hitchcock;1946;102;0;8.50
17/05/2023 10:00;The Magdalene Sisters;Drama;Peter Mullan;2002;114;16;8.00
16/05/2023 17:00;Ace in the Hole;Drama;Billy Wilder;1951;111;12;8.00
16/05/2023 13:30;"Il buono; il brutto; il cattivo";Western;Sergio Leone;1966;161;12;6.50
16/05/2023 10:30;Blue Velvet;Drama;David Lynch;1986;120;12;6.50
15/05/2023 10:00;Seppuku;Action;Masaki Kobayashi;1962;133;12;7.00
14/05/2023 16:30;Citizen Kane;Drama;Orson Welles;1941;119;12;8.50
14/05/2023 13:30;The Treasure of the Sierra Madre;Adventure;John Huston;1948;126;12;6.50
14/05/2023 10:30;Rosemary's Baby;Drama;Roman Polanski;1968;137;12;7.00
13/05/2023 18:00;Out of the Past;Crime;Jacques Tourneur;1947;97;12;10.00
13/05/2023 15:00;Per qualche dollaro in più;Western;Sergio Leone;1965;132;0;6.50
13/05/2023 12:30;Dr. Strangelove or: How I Learned to Stop Worrying and Love the Bomb;Comedy;Stanley Kubrick;1964;95;12;8.00
13/05/2023 10:30;Modern Times;Comedy;Charles Chaplin;1936;87;0;7.50
12/05/2023 16:00;The Magdalene Sisters;Drama;Peter Mullan;2002;114;16;7.50
12/05/2023 13:00;La battaglia di Algeri;Drama;Gillo Pontecorvo;1966;121;12;7.50
12/05/2023 10:00;The Quiet Man;Comedy;John Ford;1952;129;12;7.50
11/05/2023 13:30;Giù la testa;Drama;Sergio Leone;1971;157;6;8.50
11/05/2023 10:00;"Il buono; il brutto; il cattivo";Western;Sergio Leone;1966;161;12;8.00
10/05/2023 15:30;The Thin Man;Comedy;W.S. Van Dyke;1934;91;12;7.00
10/05/2023 13:00;Out of the Past;Crime;Jacques Tourneur;1947;97;12;8.00
10/05/2023 10:00;La battaglia di Algeri;Drama;Gillo Pontecorvo;1966;121;12;8.50
09/05/2023 10:00;Dazed and Confused;Comedy;Richard Linklater;1993;102;0;6.50
08/05/2023 16:00;Dr. Strangelove or: How I Learned to Stop Worrying and Love the Bomb;Comedy;Stanley Kubrick;1964;95;12;8.00
08/05/2023 13:30;Dr. Strangelove or: How I Learned to Stop Worrying and Love the Bomb;Comedy;Stanley Kubrick;1964;95;12;6.50
08/05/2023 10:00;Giù la testa;Drama;Sergio Leone;1971;157;6;7.00
07/05/2023 18:30;The Lord of the Rings: The Two Towers;Action;Peter Jackson;2002;179;12;10.00
07/05/2023 16:00;Dazed and Confused;Comedy;Richard Linklater;1993;102;0;7.50
07/05/2023 13:30;The African Queen;Adventure;John Huston;1951;105;6;7.00
07/05/2023 10:30;The Game;Action;David Fincher;1997;129;12;6.50
06/05/2023 20:30;Modern Times;Comedy;Charles Chaplin;1936;87;0;8.50
06/05/2023 17:30;The Game;Action;David Fincher;1997;129;12;7.50
06/05/2023 13:30;Kal Ho Naa Ho;Comedy;Nikkhil Advani;2003;186;0;6.50
06/05/2023 10:30;Zulu;Drama;Cy Endfield;1964;138;0;6.50
05/05/2023 13:00;Lola rennt;Crime;Tom Tykwer;1998;81;12;6.50
05/05/2023 10:00;The Quiet Man;Comedy;John Ford;1952;129;12;6.50
04/05/2023 15:00;Per qualche dollaro in più;Western;Sergio Leone;1965;132;0;8.00
04/05/2023 13:00;Modern Times;Comedy;Charles Chaplin;1936;87;0;8.00
04/05/2023 10:00;The Game;Action;David Fincher;1997;129;12;8.50
03/05/2023 10:00;Kal Ho Naa Ho;Comedy;Nikkhil Advani;2003;186;0;8.50
02/05/2023 13:30;Rosemary's Baby;Drama;Roman Polanski;1968;137;12;7.50
02/05/2023 10:30;Boksuneun naui geot;Crime;Chan-wook Park;2002;129;16;8.50
01/05/2023 13:30;Boksuneun naui geot;Crime;Chan-wook Park;2002;129;16;7.50
01/05/2023 10:00;The Killing Fields;Biography;Roland Joffé;1984;141;12;8.00
30/04/2023 19:00;The Game;Action;David Fincher;1997;129;12;9.00
30/04/2023 16:30;The African Queen;Adventure;John Huston;1951;105;6;7.50
30/04/2023 12:30;Kal Ho Naa Ho;Comedy;Nikkhil Advani;2003;186;0;8.00
30/04/2023 10:00;Out of the Past;Crime;Jacques Tourneur;1947;97;12;7.00
29/04/2023 16:00;"Il buono; il brutto; il cattivo";Western;Sergio Leone;1966;161;12;8.50
29/04/2023 13:30;Shadow of a Doubt;Film-Noir;Alfred Hitchcock;1943;108;6;7.50
29/04/2023 10:30;True Romance;Crime;Tony Scott;1993;119;16;7.00
28/04/2023 13:30;Kal Ho Naa Ho;Comedy;Nikkhil Advani;2003;186;0;8.50
28/04/2023 10:30;Boksuneun naui geot;Crime;Chan-wook Park;2002;129;16;8.00
27/04/2023 17:00;Lola rennt;Crime;Tom Tykwer;1998;81;12;7.00
27/04/2023 13:30;"Il buono; il brutto; il cattivo";Western;Sergio Leone;1966;161;12;7.00
27/04/2023 10:00;"Il buono; il brutto; il cattivo";Western;Sergio Leone;1966;161;12;6.50
26/04/2023 13:30;Giù la testa;Drama;Sergio Leone;1971;157;6;7.00
26/04/2023 10:00;Casino;Crime;Martin Scorsese;1995;178;12;7.50
25/04/2023 10:00;Out of the Past;Crime;Jacques Tourneur;1947;97;12;8.00
24/04/2023 16:30;True Romance;Crime;Tony Scott;1993;119;16;8.50
24/04/2023 13:30;Cowboy Bebop: Tengoku no tobira;Animation;Shin'ichirô Watanabe;2001;115;0;8.00
24/04/2023 10:30;The Game;Action;David Fincher;1997;129;12;6.50
23/04/2023 17:00;Shadow of a Doubt;Film-Noir;Alfred Hitchcock;1943;108;6;8.50
23/04/2023 14:00;The Hustler;Drama;Robert Rossen;1961;134;12;6.50
23/04/2023 10:30;The Last Samurai;Action;Edward Zwick;2003;154;12;7.50
22/04/2023 20:00;Shine;Biography;Scott Hicks;1996;105;0;9.00
22/04/2023 17:00;Rosemary's Baby;Drama;Roman Polanski;1968;137;12;8.00
22/04/2023 14:00;The Game;Action;David Fincher;1997;129;12;7.00
22/04/2023 10:30;Amores perros;Drama;Alejandro G. Iñárritu;2000;154;12;8.50
21/04/2023 14:30;The African Queen;Adventure;John Huston;1951;105;6;7.00
21/04/2023 10:30;Casino;Crime;Martin Scorsese;1995;178;12;8.00
20/04/2023 13:00;Kal Ho Naa Ho;Comedy;Nikkhil Advani;2003;186;0;7.50
20/04/2023 10:00;True Romance;Crime;Tony Scott;1993;119;16;6.50
19/04/2023 10:30;The Quiet Man;Comedy;John Ford;1952;129;12;8.50
18/04/2023 10:00;The Circus;Comedy;Charles Chaplin;1928;72;12;8.00
17/04/2023 17:00;True Romance;Crime;Tony Scott;1993;119;16;8.00
17/04/2023 13:00;Kal Ho Naa Ho;Comedy;Nikkhil Advani;2003;186;0;7.00
17/04/2023 10:00;The Quiet Man;Comedy;John Ford;1952;129;12;8.00
16/04/2023 18:00;The Quiet Man;Comedy;John Ford;1952;129;12;9.00
16/04/2023 15:00;Cowboy Bebop: Tengoku no tobira;Animation;Shin'ichirô Watanabe;2001;115;0;8.00
16/04/2023 13:00;The Circus;Comedy;Charles Chaplin;1928;72;12;8.50
16/04/2023 10:00;Rosemary's Baby;Drama;Roman Polanski;1968;137;12;6.50
15/04/2023 20:00;The Quiet Man;Comedy;John Ford;1952;129;12;8.50
15/04/2023 16:30;Amores perros;Drama;Alejandro G. Iñárritu;2000;154;12;7.00
15/04/2023 14:00;Star Trek II: The Wrath of Khan;Action;Nicholas Meyer;1982;113;0;7.50
15/04/2023 10:00;Casino;Crime;Martin Scorsese;1995;178;12;7.00
14/04/2023 16:00;Shine;Biography;Scott Hicks;1996;105;0;7.00
14/04/2023 13:00;The Elephant Man;Biography;David Lynch;1980;124;12;8.50
14/04/2023 10:30;The Thin Man;Comedy;W.S. Van Dyke;1934;91;12;6.50
13/04/2023 10:00;The African Queen;Adventure;John Huston;1951;105;6;8.00
12/04/2023 14:00;Tenkû no shiro Rapyuta;Animation;Hayao Miyazaki;1986;125;0;8.50
12/04/2023 10:00;Kal Ho Naa Ho;Comedy;Nikkhil Advani;2003;186;0;8.50
11/04/2023 17:00;Ran;Action;Akira Kurosawa;1985;162;0;6.50
11/04/2023 13:30;The Last Samurai;Action;Edward Zwick;2003;154;12;8.50
11/04/2023 10:00;Saving Private Ryan;Drama;Steven Spielberg;1998;169;16;7.50
10/04/2023 18:00;Shadow of a Doubt;Film-Noir;Alfred Hitchcock;1943;108;6;9.00
10/04/2023 14:30;Boogie Nights;Drama;Paul Thomas Anderson;1997;155;16;7.50
10/04/2023 10:30;Kal Ho Naa Ho;Comedy;Nikkhil Advani;2003;186;0;7.00
09/04/2023 21:00;Ran;Action;Akira Kurosawa;1985;162;0;9.50
09/04/2023 17:00;Kal Ho Naa Ho;Comedy;Nikkhil Advani;2003;186;0;8.50
09/04/2023 14:00;Interstate 60: Episodes of the Road;Adventure;Bob Gale;2002;116;16;7.50
09/04/2023 10:30;Hera Pheri;Action;Priyadarshan;2000;156;0;8.00
08/04/2023 19:00;Interstate 60: Episodes of the Road;Adventure;Bob Gale;2002;116;16;10.00
08/04/2023 16:30;"Shin seiki Evangelion Gekijô-ban: Air/Magokoro wo; kimi ni";Animation;Hideaki Anno;1997;87;12;6.50
08/04/2023 13:00;Empire of the Sun;Action;Steven Spielberg;1987;153;0;7.00
08/04/2023 10:00;La battaglia di Algeri;Drama;Gillo Pontecorvo;1966;121;12;6.50
07/04/2023 13:30;La Strada;Drama;Federico Fellini;1954;108;12;7.00
07/04/2023 10:30;The Elephant Man;Biography;David Lynch;1980;124;12;8.50
06/04/2023 13:30;Shine;Biography;Scott Hicks;1996;105;0;7.00
06/04/2023 10:30;Interstate 60: Episodes of the Road;Adventure;Bob Gale;2002;116;16;8.50
05/04/2023 14:30;Kal Ho Naa Ho;Comedy;Nikkhil Advani;2003;186;0;6.50
05/04/2023 12:30;"Shin seiki Evangelion Gekijô-ban: Air/Magokoro wo; kimi ni";Animation;Hideaki Anno;1997;87;12;7.00
05/04/2023 10:00;King Kong;Adventure;Merian C. Cooper;1933;100;12;7.00
04/04/2023 10:00;A Hard Day's Night;Comedy;Richard Lester;1964;87;0;8.00
03/04/2023 16:00;The Last Samurai;Action;Edward Zwick;2003;154;12;7.50
03/04/2023 13:30;King Kong;Adventure;Merian C. Cooper;1933;100;12;8.50
03/04/2023 10:30;L.A. Confidential;Crime;Curtis Hanson;1997;138;12;8.00
02/04/2023 16:00;Shadow of a Doubt;Film-Noir;Alfred Hitchcock;1943;108;6;8.00
02/04/2023 13:00;La battaglia di Algeri;Drama;Gillo Pontecorvo;1966;121;12;8.00
02/04/2023 10:30;Deliverance;Adventure;John Boorman;1972;109;0;7.00
01/04/2023 19:30;King Kong;Adventure;Merian C. Cooper;1933;100;12;10.00
01/04/2023 16:00;Empire of the Sun;Action;Steven Spielberg;1987;153;0;7.50
01/04/2023 13:30;King Kong;Adventure;Merian C. Cooper;1933;100;12;8.50
01/04/2023 10:30;Planet of the Apes;Adventure;Franklin J. Schaffner;1968;112;0;6.50
31/03/2023 17:00;Star Trek II: The Wrath of Khan;Action;Nicholas Meyer;1982;113;0;6.50
31/03/2023 14:30;Shadow of a Doubt;Film-Noir;Alfred Hitchcock;1943;108;6;7.50
31/03/2023 10:30;Saving Private Ryan;Drama;Steven Spielberg;1998;169;16;6.50
30/03/2023 13:30;Mystic River;Crime;Clint Eastwood;2003;138;12;7.00
30/03/2023 10:30;The Elephant Man;Biography;David Lynch;1980;124;12;7.00
29/03/2023 12:30;Kagemusha;Drama;Akira Kurosawa;1980;180;0;8.00
29/03/2023 10:00;Down by Law;Comedy;Jim Jarmusch;1986;107;16;7.50
28/03/2023 13:30;Shadow of a Doubt;Film-Noir;Alfred Hitchcock;1943;108;6;7.00
28/03/2023 10:30;The Elephant Man;Biography;David Lynch;1980;124;12;8.00
27/03/2023 15:30;The Philadelphia Story;Comedy;George Cukor;1940;112;12;6.50
27/03/2023 13:00;La montaña sagrada;Adventure;Alejandro Jodorowsky;1973;114;16;6.50
27/03/2023 10:30;12 Angry Men;Crime;Sidney Lumet;1957;96;0;8.50
26/03/2023 20:30;La Strada;Drama;Federico Fellini;1954;108;12;9.50
26/03/2023 17:00;Ran;Action;Akira Kurosawa;1985;162;0;7.50
26/03/2023 13:30;Saving Private Ryan;Drama;Steven Spielberg;1998;169;16;8.00
26/03/2023 10:00;Amadeus;Biography;Milos Forman;1984;160;16;6.50
25/03/2023 18:30;Empire of the Sun;Action;Steven Spielberg;1987;153;0;10.00
25/03/2023 15:30;La montaña sagrada;Adventure;Alejandro Jodorowsky;1973;114;16;7.50
25/03/2023 13:00;The Thing;Horror;John Carpenter;1982;109;12;7.50
25/03/2023 10:30;Halloween;Horror;John Carpenter;1978;91;12;6.50
24/03/2023 14:30;Jules et Jim;Drama;François Truffaut;1962;105;12;6.50
24/03/2023 10:30;The Green Mile;Crime;Frank Darabont;1999;189;12;7.50
23/03/2023 10:30;Airplane!;Comedy;Jim Abrahams;1980;88;0;8.00
22/03/2023 16:00;Cowboy Bebop: Tengoku no tobira;Animation;Shin'ichirô Watanabe;2001;115;0;7.00
22/03/2023 13:00;Tenkû no shiro Rapyuta;Animation;Hayao Miyazaki;1986;125;0;8.50
22/03/2023 10:00;The Elephant Man;Biography;David Lynch;1980;124;12;8.00
21/03/2023 15:30;La montaña sagrada;Adventure;Alejandro Jodorowsky;1973;114;16;6.50
21/03/2023 13:00;Deliverance;Adventure;John Boorman;1972;109;0;7.50
21/03/2023 10:30;12 Angry Men;Crime;Sidney Lumet;1957;96;0;8.50
20/03/2023 13:00;My Fair Lady;Drama;George Cukor;1964;170;0;6.50
20/03/2023 10:00;Cowboy Bebop: Tengoku no tobira;Animation;Shin'ichirô Watanabe;2001;115;0;8.50
19/03/2023 17:30;Hera Pheri;Action;Priyadarshan;2000;156;0;7.50
19/03/2023 14:30;The Philadelphia Story;Comedy;George Cukor;1940;112;12;6.50
19/03/2023 10:30;Kagemusha;Drama;Akira Kurosawa;1980;180;0;6.50
18/03/2023 17:30;Jules et Jim;Drama;François Truffaut;1962;105;12;7.50
18/03/2023 14:00;Amadeus;Biography;Milos Forman;1984;160;16;6.50
18/03/2023 10:30;Saving Private Ryan;Drama;Steven Spielberg;1998;169;16;7.00
17/03/2023 16:00;La montaña sagrada;Adventure;Alejandro Jodorowsky;1973;114;16;6.50
17/03/2023 12:00;Casino;Crime;Martin Scorsese;1995;178;12;7.50
17/03/2023 10:00;The Circus;Comedy;Charles Chaplin;1928;72;12;6.50
16/03/2023 15:30;L.A. Confidential;Crime;Curtis Hanson;1997;138;12;8.00
16/03/2023 13:00;A Hard Day's Night;Comedy;Richard Lester;1964;87;0;7.50
16/03/2023 10:30;La Strada;Drama;Federico Fellini;1954;108;12;6.50
15/03/2023 13:00;Kal Ho Naa Ho;Comedy;Nikkhil Advani;2003;186;0;7.50
15/03/2023 10:30;American Psycho;Comedy;Mary Harron;2000;101;12;8.00
14/03/2023 10:30;The Green Mile;Crime;Frank Darabont;1999;189;12;8.00
13/03/2023 14:00;Mystic River;Crime;Clint Eastwood;2003;138;12;8.50
13/03/2023 10:30;Hera Pheri;Action;Priyadarshan;2000;156;0;7.00
12/03/2023 16:00;It's a Wonderful Life;Drama;Frank Capra;1946;130;6;7.00
12/03/2023 13:30;La montaña sagrada;Adventure;Alejandro Jodorowsky;1973;114;16;8.00
12/03/2023 10:30;Mystic River;Crime;Clint Eastwood;2003;138;12;6.50
11/03/2023 20:30;"Shin seiki Evangelion Gekijô-ban: Air/Magokoro wo; kimi ni";Animation;Hideaki Anno;1997;87;12;9.50
11/03/2023 17:00;Hera Pheri;Action;Priyadarshan;2000;156;0;7.50
11/03/2023 14:00;Tenkû no shiro Rapyuta;Animation;Hayao Miyazaki;1986;125;0;8.50
11/03/2023 10:30;Ran;Action;Akira Kurosawa;1985;162;0;7.50
10/03/2023 10:00;Laura;Drama;Otto Preminger;1944;88;12;7.00
09/03/2023 16:00;Ran;Action;Akira Kurosawa;1985;162;0;8.50
09/03/2023 12:30;The Color Purple;Drama;Steven Spielberg;1985;154;0;6.50
09/03/2023 10:00;Shrek;Animation;Andrew Adamson;2001;90;0;8.00
08/03/2023 10:00;The Green Mile;Crime;Frank Darabont;1999;189;12;7.50
07/03/2023 16:30;Amores perros;Drama;Alejandro G. Iñárritu;2000;154;12;8.00
07/03/2023 13:00;Ran;Action;Akira Kurosawa;1985;162;0;7.00
07/03/2023 10:00;Mystic River;Crime;Clint Eastwood;2003;138;12;7.00
06/03/2023 16:00;The Thing;Horror;John Carpenter;1982;109;12;7.50
06/03/2023 12:30;My Fair Lady;Drama;George Cukor;1964;170;0;8.00
06/03/2023 10:00;American Psycho;Comedy;Mary Harron;2000;101;12;6.50
05/03/2023 15:00;The Color Purple;Drama;Steven Spielberg;1985;154;0;7.50
05/03/2023 12:00;The Elephant Man;Biography;David Lynch;1980;124;12;7.50
05/03/2023 10:00;Persona;Drama;Ingmar Bergman;1966;85;12;8.50
04/03/2023 16:00;Planet of the Apes;Adventure;Franklin J. Schaffner;1968;112;0;7.50
04/03/2023 12:30;The Wild Bunch;Action;Sam Peckinpah;1969;145;12;6.50
04/03/2023 10:00;Planet of the Apes;Adventure;Franklin J. Schaffner;1968;112;0;8.00
03/03/2023 10:30;My Fair Lady;Drama;George Cukor;1964;170;0;7.50
02/03/2023 16:30;Planet of the Apes;Adventure;Franklin J. Schaffner;1968;112;0;7.00
02/03/2023 13:30;Blue Velvet;Drama;David Lynch;1986;120;12;8.00
02/03/2023 10:30;Interstate 60: Episodes of the Road;Adventure;Bob Gale;2002;116;16;8.50
01/03/2023 16:30;The Elephant Man;Biography;David Lynch;1980;124;12;6.50
01/03/2023 13:30;Mimi wo sumaseba;Animation;Yoshifumi Kondô;1995;111;0;8.00
01/03/2023 10:30;Enemy at the Gates;Drama;Jean-Jacques Annaud;2001;131;12;6.50
28/02/2023 10:00;Deliverance;Adventure;John Boorman;1972;109;0;7.00
27/02/2023 10:00;The Color Purple;Drama;Steven Spielberg;1985;154;0;6.50
26/02/2023 18:00;The Thing;Horror;John Carpenter;1982;109;12;8.50
26/02/2023 15:00;The Thing;Horror;John Carpenter;1982;109;12;8.50
26/02/2023 12:30;American Psycho;Comedy;Mary Harron;2000;101;12;7.00
26/02/2023 10:30;The Circus;Comedy;Charles Chaplin;1928;72;12;8.00
25/02/2023 16:00;Shrek;Animation;Andrew Adamson;2001;90;0;6.50
25/02/2023 13:30;The Naked Gun: From the Files of Police Squad!;Comedy;David Zucker;1988;85;0;7.00
25/02/2023 10:00;My Fair Lady;Drama;George Cukor;1964;170;0;8.50
24/02/2023 10:00;Kagemusha;Drama;Akira Kurosawa;1980;180;0;7.00
23/02/2023 13:00;American Psycho;Comedy;Mary Harron;2000;101;12;7.00
23/02/2023 10:30;Shrek;Animation;Andrew Adamson;2001;90;0;6.50
22/02/2023 13:00;American Psycho;Comedy;Mary Harron;2000;101;12;6.50
22/02/2023 10:00;Catch Me If You Can;Biography;Steven Spielberg;2002;141;12;7.00
21/02/2023 10:30;Doctor Zhivago;Drama;David Lean;1965;197;12;8.00
20/02/2023 10:00;Witness for the Prosecution;Crime;Billy Wilder;1957;116;0;7.50
19/02/2023 19:30;The Wild Bunch;Action;Sam Peckinpah;1969;145;12;8.50
19/02/2023 15:30;The Green Mile;Crime;Frank Darabont;1999;189;12;6.50
19/02/2023 12:30;Enemy at the Gates;Drama;Jean-Jacques Annaud;2001;131;12;8.50
19/02/2023 10:00;American Psycho;Comedy;Mary Harron;2000;101;12;7.50
18/02/2023 18:30;Kagemusha;Drama;Akira Kurosawa;1980;180;0;9.50
18/02/2023 15:30;Enemy at the Gates;Drama;Jean-Jacques Annaud;2001;131;12;7.50
18/02/2023 13:00;Jules et Jim;Drama;François Truffaut;1962;105;12;7.50
18/02/2023 10:30;American Psycho;Comedy;Mary Harron;2000;101;12;7.00
17/02/2023 12:30;The Color Purple;Drama;Steven Spielberg;1985;154;0;7.00
17/02/2023 10:00;American Psycho;Comedy;Mary Harron;2000;101;12;7.00
16/02/2023 13:00;Kagemusha;Drama;Akira Kurosawa;1980;180;0;8.00
16/02/2023 10:30;American Psycho;Comedy;Mary Harron;2000;101;12;8.00
15/02/2023 13:30;Amadeus;Biography;Milos Forman;1984;160;16;7.00
15/02/2023 10:30;Happiness;Comedy;Todd Solondz;1998;134;12;7.00
14/02/2023 16:30;"Aguirre; der Zorn Gottes";Action;Werner Herzog;1972;95;12;7.50
14/02/2023 13:00;The Color Purple;Drama;Steven Spielberg;1985;154;0;7.50
14/02/2023 10:30;Mimi wo sumaseba;Animation;Yoshifumi Kondô;1995;111;0;7.50
13/02/2023 16:00;On Golden Pond;Drama;Mark Rydell;1981;109;12;7.00
13/02/2023 13:30;Airplane!;Comedy;Jim Abrahams;1980;88;0;7.50
13/02/2023 10:00;The Color Purple;Drama;Steven Spielberg;1985;154;0;7.00
12/02/2023 20:30;Kagemusha;Drama;Akira Kurosawa;1980;180;0;8.50
12/02/2023 18:00;"Aguirre; der Zorn Gottes";Action;Werner Herzog;1972;95;12;8.50
12/02/2023 14:00;Kagemusha;Drama;Akira Kurosawa;1980;180;0;7.50
12/02/2023 10:30;Catch Me If You Can;Biography;Steven Spielberg;2002;141;12;8.50
11/02/2023 16:00;Tenkû no shiro Rapyuta;Animation;Hayao Miyazaki;1986;125;0;6.50
11/02/2023 13:00;Twelve Monkeys;Mystery;Terry Gilliam;1995;129;12;8.00
11/02/2023 10:30;Mimi wo sumaseba;Animation;Yoshifumi Kondô;1995;111;0;8.00
10/02/2023 10:00;The Naked Gun: From the Files of Police Squad!;Comedy;David Zucker;1988;85;0;7.50
09/02/2023 14:30;Kôkaku Kidôtai;Animation;Mamoru Oshii;1995;83;12;7.00
09/02/2023 12:30;Kôkaku Kidôtai;Animation;Mamoru Oshii;1995;83;12;8.50
09/02/2023 10:00;Airplane!;Comedy;Jim Abrahams;1980;88;0;6.50
08/02/2023 15:30;Airplane!;Comedy;Jim Abrahams;1980;88;0;6.50
08/02/2023 13:00;Dirty Harry;Action;Don Siegel;1971;102;12;7.00
08/02/2023 10:30;Willy Wonka & the Chocolate Factory;Family;Mel Stuart;1971;100;0;8.00
07/02/2023 16:00;Happiness;Comedy;Todd Solondz;1998;134;12;7.00
07/02/2023 13:00;Blue Velvet;Drama;David Lynch;1986;120;12;7.50
07/02/2023 10:30;Willy Wonka & the Chocolate Factory;Family;Mel Stuart;1971;100;0;7.00
06/02/2023 10:00;Twelve Monkeys;Mystery;Terry Gilliam;1995;129;12;7.00
05/02/2023 20:00;Cowboy Bebop: Tengoku no tobira;Animation;Shin'ichirô Watanabe;2001;115;0;9.50
05/02/2023 17:30;Dirty Harry;Action;Don Siegel;1971;102;12;8.50
05/02/2023 13:30;My Fair Lady;Drama;George Cukor;1964;170;0;6.50
05/02/2023 10:30;Jurassic Park;Action;Steven Spielberg;1993;127;12;7.50
04/02/2023 16:00;Shichinin no samurai;Action;Akira Kurosawa;1954;207;0;7.00
04/02/2023 13:00;Tenkû no shiro Rapyuta;Animation;Hayao Miyazaki;1986;125;0;8.50
04/02/2023 10:00;Blue Velvet;Drama;David Lynch;1986;120;12;6.50
03/02/2023 14:00;Happiness;Comedy;Todd Solondz;1998;134;12;7.50
03/02/2023 10:30;My Fair Lady;Drama;George Cukor;1964;170;0;7.00
02/02/2023 10:00;The Naked Gun: From the Files of Police Squad!;Comedy;David Zucker;1988;85;0;8.00
01/02/2023 13:30;Misery;Drama;Rob Reiner;1990;107;16;7.00
01/02/2023 10:30;Jurassic Park;Action;Steven Spielberg;1993;127;12;8.00
31/01/2023 10:30;Escape from Alcatraz;Action;Don Siegel;1979;112;12;8.00
30/01/2023 15:30;Monty Python and the Holy Grail;Adventure;Terry Gilliam;1975;91;6;6.50
30/01/2023 13:00;Monty Python and the Holy Grail;Adventure;Terry Gilliam;1975;91;6;6.50
30/01/2023 10:30;His Girl Friday;Comedy;Howard Hawks;1940;92;12;6.50
29/01/2023 17:30;Mimi wo sumaseba;Animation;Yoshifumi Kondô;1995;111;0;6.50
29/01/2023 15:00;On Golden Pond;Drama;Mark Rydell;1981;109;12;7.00
29/01/2023 12:30;Willy Wonka & the Chocolate Factory;Family;Mel Stuart;1971;100;0;8.00
29/01/2023 10:00;Mimi wo sumaseba;Animation;Yoshifumi Kondô;1995;111;0;8.00
28/01/2023 15:00;Catch Me If You Can;Biography;Steven Spielberg;2002;141;12;7.50
28/01/2023 12:30;Misery;Drama;Rob Reiner;1990;107;16;6.50
28/01/2023 10:00;On Golden Pond;Drama;Mark Rydell;1981;109;12;8.50
27/01/2023 15:30;Twelve Monkeys;Mystery;Terry Gilliam;1995;129;12;7.50
27/01/2023 12:30;What's Eating Gilbert Grape;Drama;Lasse Hallström;1993;118;0;8.00
27/01/2023 10:00;Willy Wonka & the Chocolate Factory;Family;Mel Stuart;1971;100;0;7.50
26/01/2023 15:00;Cowboy Bebop: Tengoku no tobira;Animation;Shin'ichirô Watanabe;2001;115;0;7.50
26/01/2023 13:00;Airplane!;Comedy;Jim Abrahams;1980;88;0;7.00
26/01/2023 10:30;Paper Moon;Comedy;Peter Bogdanovich;1973;102;0;8.50
25/01/2023 12:30;The Elephant Man;Biography;David Lynch;1980;124;12;7.50
25/01/2023 10:00;Kôkaku Kidôtai;Animation;Mamoru Oshii;1995;83;12;8.00
24/01/2023 13:30;2001: A Space Odyssey;Adventure;Stanley Kubrick;1968;149;0;7.50
24/01/2023 10:30;What's Eating Gilbert Grape;Drama;Lasse Hallström;1993;118;0;7.50
23/01/2023 15:30;Cowboy Bebop: Tengoku no tobira;Animation;Shin'ichirô Watanabe;2001;115;0;8.50
23/01/2023 13:00;On Golden Pond;Drama;Mark Rydell;1981;109;12;8.50
23/01/2023 10:30;Dirty Harry;Action;Don Siegel;1971;102;12;8.00
22/01/2023 19:00;Misery;Drama;Rob Reiner;1990;107;16;10.00
22/01/2023 16:30;Kôkaku Kidôtai;Animation;Mamoru Oshii;1995;83;12;7.50
22/01/2023 13:30;Jurassic Park;Action;Steven Spielberg;1993;127;12;7.00
22/01/2023 10:30;Naked;Comedy;Mike Leigh;1993;132;12;7.00
21/01/2023 18:00;2001: A Space Odyssey;Adventure;Stanley Kubrick;1968;149;0;9.50
21/01/2023 15:30;Mimi wo sumaseba;Animation;Yoshifumi Kondô;1995;111;0;8.50
21/01/2023 12:30;Escape from Alcatraz;Action;Don Siegel;1979;112;12;8.50
21/01/2023 10:00;Cowboy Bebop: Tengoku no tobira;Animation;Shin'ichirô Watanabe;2001;115;0;6.50
20/01/2023 13:00;Dirty Harry;Action;Don Siegel;1971;102;12;7.00
20/01/2023 10:30;Escape from Alcatraz;Action;Don Siegel;1979;112;12;8.50
19/01/2023 14:30;The Naked Gun: From the Files of Police Squad!;Comedy;David Zucker;1988;85;0;8.00
19/01/2023 10:30;Shichinin no samurai;Action;Akira Kurosawa;1954;207;0;6.50
18/01/2023 16:30;The Naked Gun: From the Files of Police Squad!;Comedy;David Zucker;1988;85;0;8.00
18/01/2023 13:30;Happiness;Comedy;Todd Solondz;1998;134;12;8.00
18/01/2023 10:00;2001: A Space Odyssey;Adventure;Stanley Kubrick;1968;149;0;7.50
17/01/2023 13:00;Fa yeung nin wah;Drama;Kar-Wai Wong;2000;98;0;8.00
17/01/2023 10:30;His Girl Friday;Comedy;Howard Hawks;1940;92;12;7.50
16/01/2023 10:30;Monty Python and the Holy Grail;Adventure;Terry Gilliam;1975;91;6;6.50
15/01/2023 16:00;The Remains of the Day;Drama;James Ivory;1993;134;0;8.50
15/01/2023 13:30;Paper Moon;Comedy;Peter Bogdanovich;1973;102;0;6.50
15/01/2023 10:30;Twelve Monkeys;Mystery;Terry Gilliam;1995;129;12;8.50
14/01/2023 16:00;Happiness;Comedy;Todd Solondz;1998;134;12;8.00
14/01/2023 13:00;Happiness;Comedy;Todd Solondz;1998;134;12;7.00
14/01/2023 10:30;Casablanca;Drama;Michael Curtiz;1942;102;0;8.50
13/01/2023 10:00;Monty Python and the Holy Grail;Adventure;Terry Gilliam;1975;91;6;8.50
12/01/2023 10:30;The Remains of the Day;Drama;James Ivory;1993;134;0;8.50
11/01/2023 13:30;The Truman Show;Comedy;Peter Weir;1998;103;0;8.00
11/01/2023 10:30;Happiness;Comedy;Todd Solondz;1998;134;12;8.00
10/01/2023 15:30;Shichinin no samurai;Action;Akira Kurosawa;1954;207;0;7.50
10/01/2023 12:30;Jurassic Park;Action;Steven Spielberg;1993;127;12;7.50
10/01/2023 10:00;Fa yeung nin wah;Drama;Kar-Wai Wong;2000;98;0;8.50
09/01/2023 10:30;Jurassic Park;Action;Steven Spielberg;1993;127;12;7.00
08/01/2023 18:30;The Elephant Man;Biography;David Lynch;1980;124;12;10.00
08/01/2023 16:00;Fa yeung nin wah;Drama;Kar-Wai Wong;2000;98;0;8.00
08/01/2023 13:30;Rupan sansei: Kariosutoro no shiro;Animation;Hayao Miyazaki;1979;100;0;8.00
08/01/2023 10:30;Jurassic Park;Action;Steven Spielberg;1993;127;12;8.50
07/01/2023 18:30;Naked;Comedy;Mike Leigh;1993;132;12;9.00
07/01/2023 16:00;Paper Moon;Comedy;Peter Bogdanovich;1973;102;0;7.50
07/01/2023 13:00;Twelve Monkeys;Mystery;Terry Gilliam;1995;129;12;8.00
07/01/2023 10:00;25th Hour;Drama;Spike Lee;2002;135;16;7.50
06/01/2023 13:00;Paper Moon;Comedy;Peter Bogdanovich;1973;102;0;7.50
06/01/2023 10:00;Twelve Monkeys;Mystery;Terry Gilliam;1995;129;12;8.00
05/01/2023 10:30;Majo no takkyûbin;Animation;Hayao Miyazaki;1989;103;0;6.50
04/01/2023 15:30;Rupan sansei: Kariosutoro no shiro;Animation;Hayao Miyazaki;1979;100;0;6.50
04/01/2023 13:00;Fa yeung nin wah;Drama;Kar-Wai Wong;2000;98;0;6.50
04/01/2023 10:30;Fa yeung nin wah;Drama;Kar-Wai Wong;2000;98;0;7.00
03/01/2023 16:30;Monty Python and the Holy Grail;Adventure;Terry Gilliam;1975;91;6;8.50
03/01/2023 13:30;Boyz n the Hood;Crime;John Singleton;1991;112;12;8.00
03/01/2023 10:30;The Elephant Man;Biography;David Lynch;1980;124;12;8.00
02/01/2023 12:30;Smultronstället;Drama;Ingmar Bergman;1957;91;0;7.00
02/01/2023 10:00;Fa yeung nin wah;Drama;Kar-Wai Wong;2000;98;0;7.50
01/01/2023 18:30;Tenkû no shiro Rapyuta;Animation;Hayao Miyazaki;1986;125;0;9.50
01/01/2023 15:30;Escape from Alcatraz;Action;Don Siegel;1979;112;12;8.50
01/01/2023 13:00;Paper Moon;Comedy;Peter Bogdanovich;1973;102;0;7.00
01/01/2023 10:00;The Elephant Man;Biography;David Lynch;1980;124;12;6.50
31/12/2022 18:30;The Remains of the Day;Drama;James Ivory;1993;134;0;8.50
31/12/2022 15:30;Tenkû no shiro Rapyuta;Animation;Hayao Miyazaki;1986;125;0;7.50
31/12/2022 13:00;Enter the Dragon;Action;Robert Clouse;1973;102;12;6.50
31/12/2022 10:30;The Breakfast Club;Comedy;John Hughes;1985;97;12;8.50
30/12/2022 16:00;Yeopgijeogin geunyeo;Comedy;Jae-young Kwak;2001;137;12;7.50
30/12/2022 13:00;Tenkû no shiro Rapyuta;Animation;Hayao Miyazaki;1986;125;0;8.00
30/12/2022 10:00;Yeopgijeogin geunyeo;Comedy;Jae-young Kwak;2001;137;12;7.50
29/12/2022 17:30;The Elephant Man;Biography;David Lynch;1980;124;12;8.00
29/12/2022 15:00;The Breakfast Club;Comedy;John Hughes;1985;97;12;7.00
29/12/2022 10:30;Ben-Hur;Adventure;William Wyler;1959;212;0;8.00
28/12/2022 15:30;Paper Moon;Comedy;Peter Bogdanovich;1973;102;0;6.50
28/12/2022 13:00;Paper Moon;Comedy;Peter Bogdanovich;1973;102;0;8.50
28/12/2022 10:30;Boyz n the Hood;Crime;John Singleton;1991;112;12;7.00
27/12/2022 12:30;Yeopgijeogin geunyeo;Comedy;Jae-young Kwak;2001;137;12;7.00
27/12/2022 10:00;Smultronstället;Drama;Ingmar Bergman;1957;91;0;8.50
26/12/2022 10:30;Naked;Comedy;Mike Leigh;1993;132;12;6.50
25/12/2022 15:00;The Truman Show;Comedy;Peter Weir;1998;103;0;7.00
25/12/2022 12:30;Smultronstället;Drama;Ingmar Bergman;1957;91;0;6.50
25/12/2022 10:30;The Invisible Man;Horror;James Whale;1933;71;12;7.00
24/12/2022 18:30;Naked;Comedy;Mike Leigh;1993;132;12;8.50
24/12/2022 16:00;The Truman Show;Comedy;Peter Weir;1998;103;0;8.00
24/12/2022 13:30;A Little Princess;Drama;Alfonso Cuarón;1995;97;0;7.00
24/12/2022 10:30;What's Eating Gilbert Grape;Drama;Lasse Hallström;1993;118;0;8.50
23/12/2022 12:30;The Invisible Man;Horror;James Whale;1933;71;12;8.00
23/12/2022 10:00;Casablanca;Drama;Michael Curtiz;1942;102;0;8.50
22/12/2022 10:00;The Elephant Man;Biography;David Lynch;1980;124;12;8.00
21/12/2022 12:00;The Elephant Man;Biography;David Lynch;1980;124;12;7.00
21/12/2022 10:00;The Invisible Man;Horror;James Whale;1933;71;12;7.00
20/12/2022 10:00;Delicatessen;Comedy;Marc Caro;1991;99;16;7.50
19/12/2022 12:30;Yeopgijeogin geunyeo;Comedy;Jae-young Kwak;2001;137;12;8.00
19/12/2022 10:00;Predator;Action;John McTiernan;1987;107;12;7.50
18/12/2022 18:30;From Here to Eternity;Drama;Fred Zinnemann;1953;118;12;10.00
18/12/2022 15:30;The Elephant Man;Biography;David Lynch;1980;124;12;7.50
18/12/2022 13:00;Enter the Dragon;Action;Robert Clouse;1973;102;12;7.50
18/12/2022 10:00;25th Hour;Drama;Spike Lee;2002;135;16;8.50
17/12/2022 16:00;Yeopgijeogin geunyeo;Comedy;Jae-young Kwak;2001;137;12;7.00
17/12/2022 13:00;Yeopgijeogin geunyeo;Comedy;Jae-young Kwak;2001;137;12;8.00
17/12/2022 10:30;Casablanca;Drama;Michael Curtiz;1942;102;0;7.00
16/12/2022 15:30;Dances with Wolves;Adventure;Kevin Costner;1990;181;0;7.00
16/12/2022 13:00;Rupan sansei: Kariosutoro no shiro;Animation;Hayao Miyazaki;1979;100;0;7.50
16/12/2022 10:30;Hannah and Her Sisters;Comedy;Woody Allen;1986;107;12;6.50
15/12/2022 16:00;Majo no takkyûbin;Animation;Hayao Miyazaki;1989;103;0;7.50
15/12/2022 13:00;North by Northwest;Adventure;Alfred Hitchcock;1959;136;0;8.50
15/12/2022 10:30;Enter the Dragon;Action;Robert Clouse;1973;102;12;6.50
14/12/2022 10:30;Touch of Evil;Crime;Orson Welles;1958;95;12;8.50
13/12/2022 10:00;Touch of Evil;Crime;Orson Welles;1958;95;12;6.50
12/12/2022 10:00;Falling Down;Action;Joel Schumacher;1993;113;16;6.50
11/12/2022 15:30;The Kid;Comedy;Charles Chaplin;1921;68;12;8.50
11/12/2022 13:00;Smultronstället;Drama;Ingmar Bergman;1957;91;0;7.50
11/12/2022 10:30;Hannah and Her Sisters;Comedy;Woody Allen;1986;107;12;8.50
10/12/2022 18:30;Enter the Dragon;Action;Robert Clouse;1973;102;12;8.50
10/12/2022 16:00;Rashômon;Crime;Akira Kurosawa;1950;88;12;7.50
10/12/2022 13:00;Yeopgijeogin geunyeo;Comedy;Jae-young Kwak;2001;137;12;6.50
10/12/2022 10:30;Rashômon;Crime;Akira Kurosawa;1950;88;12;8.00
09/12/2022 10:00;Yeopgijeogin geunyeo;Comedy;Jae-young Kwak;2001;137;12;7.50
08/12/2022 10:30;Casablanca;Drama;Michael Curtiz;1942;102;0;8.00
07/12/2022 15:00;Adaptation.;Comedy;Spike Jonze;2002;115;16;6.50
07/12/2022 12:30;Rupan sansei: Kariosutoro no shiro;Animation;Hayao Miyazaki;1979;100;0;8.50
07/12/2022 10:00;Boyz n the Hood;Crime;John Singleton;1991;112;12;7.00
06/12/2022 13:30;Delicatessen;Comedy;Marc Caro;1991;99;16;8.00
06/12/2022 10:00;Saving Private Ryan;Drama;Steven Spielberg;1998;169;16;6.50
05/12/2022 13:00;Touch of Evil;Crime;Orson Welles;1958;95;12;6.50
05/12/2022 10:00;From Here to Eternity;Drama;Fred Zinnemann;1953;118;12;7.00
04/12/2022 16:00;Enter the Dragon;Action;Robert Clouse;1973;102;12;7.50
04/12/2022 13:00;The Magnificent Seven;Action;John Sturges;1960;128;12;8.50
04/12/2022 10:30;A Little Princess;Drama;Alfonso Cuarón;1995;97;0;7.50
03/12/2022 15:00;Touch of Evil;Crime;Orson Welles;1958;95;12;8.50
03/12/2022 12:30;Enter the Dragon;Action;Robert Clouse;1973;102;12;7.50
03/12/2022 10:00;La passion de Jeanne d'Arc;Biography;Carl Theodor Dreyer;1928;110;12;6.50
02/12/2022 17:00;Saving Private Ryan;Drama;Steven Spielberg;1998;169;16;6.50
02/12/2022 14:00;From Here to Eternity;Drama;Fred Zinnemann;1953;118;12;7.50
02/12/2022 10:00;Dances with Wolves;Adventure;Kevin Costner;1990;181;0;7.50
01/12/2022 15:00;Dances with Wolves;Adventure;Kevin Costner;1990;181;0;8.00
01/12/2022 12:30;Rashômon;Crime;Akira Kurosawa;1950;88;12;7.50
01/12/2022 10:30;The Kid;Comedy;Charles Chaplin;1921;68;12;6.50
30/11/2022 12:30;Rashômon;Crime;Akira Kurosawa;1950;88;12;8.50
30/11/2022 10:00;A Little Princess;Drama;Alfonso Cuarón;1995;97;0;7.00
29/11/2022 10:30;The Kid;Comedy;Charles Chaplin;1921;68;12;6.50
28/11/2022 17:00;Enter the Dragon;Action;Robert Clouse;1973;102;12;7.00
28/11/2022 14:30;Rashômon;Crime;Akira Kurosawa;1950;88;12;7.00
28/11/2022 10:00;Ben-Hur;Adventure;William Wyler;1959;212;0;8.00
27/11/2022 15:30;Dances with Wolves;Adventure;Kevin Costner;1990;181;0;8.50
27/11/2022 13:00;From Here to Eternity;Drama;Fred Zinnemann;1953;118;12;8.00
27/11/2022 10:30;Days of Heaven;Drama;Terrence Malick;1978;94;6;7.00
26/11/2022 19:00;Days of Heaven;Drama;Terrence Malick;1978;94;6;10.00
26/11/2022 16:00;Blowup;Drama;Michelangelo Antonioni;1966;111;12;7.00
26/11/2022 12:30;Gladiator;Action;Ridley Scott;2000;155;12;8.50
26/11/2022 10:00;Majo no takkyûbin;Animation;Hayao Miyazaki;1989;103;0;7.50
25/11/2022 15:30;North by Northwest;Adventure;Alfred Hitchcock;1959;136;0;7.50
25/11/2022 12:30;From Here to Eternity;Drama;Fred Zinnemann;1953;118;12;6.50
25/11/2022 10:00;Midnight Cowboy;Drama;John Schlesinger;1969;113;12;8.50
24/11/2022 13:30;Ben-Hur;Adventure;William Wyler;1959;212;0;7.50
24/11/2022 10:30;A Streetcar Named Desire;Drama;Elia Kazan;1951;122;12;8.00
23/11/2022 10:00;Saving Private Ryan;Drama;Steven Spielberg;1998;169;16;8.50
22/11/2022 13:00;Hannah and Her Sisters;Comedy;Woody Allen;1986;107;12;8.50
22/11/2022 10:30;Falling Down;Action;Joel Schumacher;1993;113;16;8.00
21/11/2022 13:00;Midnight Cowboy;Drama;John Schlesinger;1969;113;12;7.50
21/11/2022 10:30;Days of Heaven;Drama;Terrence Malick;1978;94;6;8.00
20/11/2022 19:30;Dances with Wolves;Adventure;Kevin Costner;1990;181;0;10.00
20/11/2022 16:30;From Here to Eternity;Drama;Fred Zinnemann;1953;118;12;8.00
20/11/2022 13:30;The Magnificent Seven;Action;John Sturges;1960;128;12;8.00
20/11/2022 10:30;From Here to Eternity;Drama;Fred Zinnemann;1953;118;12;8.00
19/11/2022 16:00;Midnight Express;Biography;Alan Parker;1978;121;12;7.50
19/11/2022 13:00;The Magnificent Seven;Action;John Sturges;1960;128;12;7.50
19/11/2022 10:00;Cast Away;Adventure;Robert Zemeckis;2000;143;12;8.50
18/11/2022 10:30;Sense and Sensibility;Drama;Ang Lee;1995;136;0;8.00
17/11/2022 14:30;The Usual Suspects;Crime;Bryan Singer;1995;106;12;7.50
17/11/2022 12:30;Kôkaku Kidôtai;Animation;Mamoru Oshii;1995;83;12;8.50
17/11/2022 10:00;The Usual Suspects;Crime;Bryan Singer;1995;106;12;8.00
16/11/2022 16:00;City Lights;Comedy;Charles Chaplin;1931;87;0;8.00
16/11/2022 13:00;A Clockwork Orange;Crime;Stanley Kubrick;1971;136;12;7.50
16/11/2022 10:30;Touch of Evil;Crime;Orson Welles;1958;95;12;8.00
15/11/2022 15:30;The Kid;Comedy;Charles Chaplin;1921;68;12;7.50
15/11/2022 13:00;Hannah and Her Sisters;Comedy;Woody Allen;1986;107;12;7.00
15/11/2022 10:00;Le salaire de la peur;Adventure;Henri-Georges Clouzot;1953;131;0;7.50
14/11/2022 16:30;Gladiator;Action;Ridley Scott;2000;155;12;7.00
14/11/2022 13:30;The Magnificent Seven;Action;John Sturges;1960;128;12;7.50
14/11/2022 10:30;The Magnificent Seven;Action;John Sturges;1960;128;12;8.00
13/11/2022 18:00;Sense and Sensibility;Drama;Ang Lee;1995;136;0;10.00
13/11/2022 15:30;Rupan sansei: Kariosutoro no shiro;Animation;Hayao Miyazaki;1979;100;0;7.00
13/11/2022 12:00;Gladiator;Action;Ridley Scott;2000;155;12;7.50
13/11/2022 10:00;The Invisible Man;Horror;James Whale;1933;71;12;8.50
12/11/2022 18:00;Dances with Wolves;Adventure;Kevin Costner;1990;181;0;9.00
12/11/2022 15:30;Midnight Cowboy;Drama;John Schlesinger;1969;113;12;6.50
12/11/2022 13:30;The Invisible Man;Horror;James Whale;1933;71;12;8.50
12/11/2022 10:00;The Great Escape;Adventure;John Sturges;1963;172;0;8.50
11/11/2022 16:00;Der Himmel über Berlin;Drama;Wim Wenders;1987;128;0;7.50
11/11/2022 13:00;A Clockwork Orange;Crime;Stanley Kubrick;1971;136;12;7.00
11/11/2022 10:00;The Magnificent Seven;Action;John Sturges;1960;128;12;8.00
10/11/2022 10:00;A Streetcar Named Desire;Drama;Elia Kazan;1951;122;12;8.50
09/11/2022 16:30;Midnight Cowboy;Drama;John Schlesinger;1969;113;12;7.00
09/11/2022 13:30;The Hustler;Drama;Robert Rossen;1961;134;12;8.50
09/11/2022 10:30;Adaptation.;Comedy;Spike Jonze;2002;115;16;6.50
08/11/2022 12:30;Midnight Cowboy;Drama;John Schlesinger;1969;113;12;6.50
08/11/2022 10:00;Enter the Dragon;Action;Robert Clouse;1973;102;12;8.00
07/11/2022 13:00;Kôkaku Kidôtai;Animation;Mamoru Oshii;1995;83;12;8.50
07/11/2022 10:00;Cast Away;Adventure;Robert Zemeckis;2000;143;12;8.50
06/11/2022 18:00;Kôkaku Kidôtai;Animation;Mamoru Oshii;1995;83;12;9.00
06/11/2022 15:30;City Lights;Comedy;Charles Chaplin;1931;87;0;8.50
06/11/2022 13:00;Do lok tin si;Comedy;Kar-Wai Wong;1995;99;12;8.50
06/11/2022 10:30;Rupan sansei: Kariosutoro no shiro;Animation;Hayao Miyazaki;1979;100;0;7.00
05/11/2022 19:00;The Magnificent Seven;Action;John Sturges;1960;128;12;8.50
05/11/2022 16:30;Kôkaku Kidôtai;Animation;Mamoru Oshii;1995;83;12;7.50
05/11/2022 13:30;Le salaire de la peur;Adventure;Henri-Georges Clouzot;1953;131;0;7.50
05/11/2022 10:00;Gladiator;Action;Ridley Scott;2000;155;12;8.50
04/11/2022 14:00;Midnight Cowboy;Drama;John Schlesinger;1969;113;12;8.50
04/11/2022 10:30;Gladiator;Action;Ridley Scott;2000;155;12;7.00
03/11/2022 13:00;City Lights;Comedy;Charles Chaplin;1931;87;0;8.00
03/11/2022 10:30;Fargo;Crime;Joel Coen;1996;98;12;8.50
02/11/2022 10:30;"O Brother; Where Art Thou?";Adventure;Joel Coen;2000;107;0;6.50
01/11/2022 10:00;Falling Down;Action;Joel Schumacher;1993;113;16;8.50
31/10/2022 16:30;Do lok tin si;Comedy;Kar-Wai Wong;1995;99;12;7.50
31/10/2022 14:00;Jungfrukällan;Drama;Ingmar Bergman;1960;89;12;7.50
31/10/2022 10:30;Judgment at Nuremberg;Drama;Stanley Kramer;1961;179;12;7.00
30/10/2022 17:00;Midnight Express;Biography;Alan Parker;1978;121;12;7.50
30/10/2022 14:30;Midnight Cowboy;Drama;John Schlesinger;1969;113;12;7.00
30/10/2022 10:30;The Deer Hunter;Drama;Michael Cimino;1978;183;12;8.50
29/10/2022 17:30;Predator;Action;John McTiernan;1987;107;12;8.50
29/10/2022 15:00;Do lok tin si;Comedy;Kar-Wai Wong;1995;99;12;7.00
29/10/2022 12:30;Do lok tin si;Comedy;Kar-Wai Wong;1995;99;12;7.00
29/10/2022 10:00;City Lights;Comedy;Charles Chaplin;1931;87;0;8.50
28/10/2022 10:00;His Girl Friday;Comedy;Howard Hawks;1940;92;12;6.50
27/10/2022 10:00;Cast Away;Adventure;Robert Zemeckis;2000;143;12;7.00
26/10/2022 13:00;The Hustler;Drama;Robert Rossen;1961;134;12;8.00
26/10/2022 10:30;"O Brother; Where Art Thou?";Adventure;Joel Coen;2000;107;0;7.00
25/10/2022 13:00;A Streetcar Named Desire;Drama;Elia Kazan;1951;122;12;6.50
25/10/2022 10:00;Miller's Crossing;Crime;Joel Coen;1990;115;16;7.50
24/10/2022 12:00;"O Brother; Where Art Thou?";Adventure;Joel Coen;2000;107;0;7.50
24/10/2022 10:00;Kôkaku Kidôtai;Animation;Mamoru Oshii;1995;83;12;7.00
23/10/2022 18:00;Kind Hearts and Coronets;Comedy;Robert Hamer;1949;106;0;9.50
23/10/2022 15:30;City Lights;Comedy;Charles Chaplin;1931;87;0;8.00
23/10/2022 13:00;"O Brother; Where Art Thou?";Adventure;Joel Coen;2000;107;0;8.50
23/10/2022 10:30;Dark City;Mystery;Alex Proyas;1998;100;12;7.50
22/10/2022 17:00;Gladiator;Action;Ridley Scott;2000;155;12;8.00
22/10/2022 13:00;Judgment at Nuremberg;Drama;Stanley Kramer;1961;179;12;7.50
22/10/2022 10:30;Midnight Cowboy;Drama;John Schlesinger;1969;113;12;7.50
21/10/2022 10:30;Le salaire de la peur;Adventure;Henri-Georges Clouzot;1953;131;0;7.50
20/10/2022 16:00;Do lok tin si;Comedy;Kar-Wai Wong;1995;99;12;8.50
20/10/2022 13:30;Jungfrukällan;Drama;Ingmar Bergman;1960;89;12;8.00
20/10/2022 10:30;Le salaire de la peur;Adventure;Henri-Georges Clouzot;1953;131;0;8.50
19/10/2022 10:30;Dark City;Mystery;Alex Proyas;1998;100;12;6.50
18/10/2022 16:30;The Fugitive;Action;Andrew Davis;1993;130;0;8.50
18/10/2022 13:30;La Grande Illusion;Drama;Jean Renoir;1937;113;12;8.00
18/10/2022 10:00;Gladiator;Action;Ridley Scott;2000;155;12;8.00
17/10/2022 10:30;Sense and Sensibility;Drama;Ang Lee;1995;136;0;7.50
16/10/2022 15:00;Kind Hearts and Coronets;Comedy;Robert Hamer;1949;106;0;8.00
16/10/2022 12:30;"O Brother; Where Art Thou?";Adventure;Joel Coen;2000;107;0;8.00
16/10/2022 10:00;Fargo;Crime;Joel Coen;1996;98;12;7.00
15/10/2022 18:30;The Hustler;Drama;Robert Rossen;1961;134;12;9.00
15/10/2022 16:00;"O Brother; Where Art Thou?";Adventure;Joel Coen;2000;107;0;8.50
15/10/2022 13:00;The Hustler;Drama;Robert Rossen;1961;134;12;8.00
15/10/2022 10:00;Miller's Crossing;Crime;Joel Coen;1990;115;16;6.50
14/10/2022 13:00;Fargo;Crime;Joel Coen;1996;98;12;8.50
14/10/2022 10:00;The Hustler;Drama;Robert Rossen;1961;134;12;7.50
13/10/2022 13:00;Dark City;Mystery;Alex Proyas;1998;100;12;7.50
13/10/2022 10:00;The Hustler;Drama;Robert Rossen;1961;134;12;8.00
12/10/2022 10:30;Der Himmel über Berlin;Drama;Wim Wenders;1987;128;0;8.50
11/10/2022 13:00;Gladiator;Action;Ridley Scott;2000;155;12;8.00
11/10/2022 10:30;His Girl Friday;Comedy;Howard Hawks;1940;92;12;7.00
10/10/2022 10:30;Doctor Zhivago;Drama;David Lean;1965;197;12;7.50
09/10/2022 17:00;The Straight Story;Biography;David Lynch;1999;112;0;8.50
09/10/2022 14:30;Do lok tin si;Comedy;Kar-Wai Wong;1995;99;12;7.00
09/10/2022 10:30;Judgment at Nuremberg;Drama;Stanley Kramer;1961;179;12;8.00
08/10/2022 18:00;Zerkalo;Biography;Andrei Tarkovsky;1975;107;0;9.00
08/10/2022 15:30;12 Angry Men;Crime;Sidney Lumet;1957;96;0;6.50
08/10/2022 12:30;I Am Sam;Drama;Jessie Nelson;2001;132;12;8.50
08/10/2022 10:00;Kind Hearts and Coronets;Comedy;Robert Hamer;1949;106;0;8.50
07/10/2022 13:00;Miller's Crossing;Crime;Joel Coen;1990;115;16;7.50
07/10/2022 10:00;The Fugitive;Action;Andrew Davis;1993;130;0;7.00
06/10/2022 16:00;Kind Hearts and Coronets;Comedy;Robert Hamer;1949;106;0;8.50
06/10/2022 13:30;Raiders of the Lost Ark;Action;Steven Spielberg;1981;115;12;7.00
06/10/2022 10:30;The Hustler;Drama;Robert Rossen;1961;134;12;7.00
05/10/2022 13:30;Hable con ella;Drama;Pedro Almodóvar;2002;112;16;7.50
05/10/2022 10:00;The Great Escape;Adventure;John Sturges;1963;172;0;8.50
04/10/2022 15:30;What's Eating Gilbert Grape;Drama;Lasse Hallström;1993;118;0;6.50
04/10/2022 13:00;Tonari no Totoro;Animation;Hayao Miyazaki;1988;86;0;6.50
04/10/2022 10:00;La Grande Illusion;Drama;Jean Renoir;1937;113;12;7.00
03/10/2022 12:00;I Am Sam;Drama;Jessie Nelson;2001;132;12;7.00
03/10/2022 10:00;Love and Death;Comedy;Woody Allen;1975;85;6;8.50
02/10/2022 18:30;12 Angry Men;Crime;Sidney Lumet;1957;96;0;10.00
02/10/2022 15:30;Some Like It Hot;Comedy;Billy Wilder;1959;121;0;8.00
02/10/2022 13:00;His Girl Friday;Comedy;Howard Hawks;1940;92;12;8.00
02/10/2022 10:00;Per qualche dollaro in più;Western;Sergio Leone;1965;132;0;7.00
01/10/2022 16:00;Some Like It Hot;Comedy;Billy Wilder;1959;121;0;7.00
01/10/2022 13:00;The Fugitive;Action;Andrew Davis;1993;130;0;7.50
01/10/2022 10:30;Lifeboat;Drama;Alfred Hitchcock;1944;97;12;6.50
30/09/2022 10:00;Do lok tin si;Comedy;Kar-Wai Wong;1995;99;12;6.50
29/09/2022 15:30;The Hustler;Drama;Robert Rossen;1961;134;12;8.50
29/09/2022 13:00;La Grande Illusion;Drama;Jean Renoir;1937;113;12;7.00
29/09/2022 10:30;12 Angry Men;Crime;Sidney Lumet;1957;96;0;8.00
28/09/2022 12:30;The Great Escape;Adventure;John Sturges;1963;172;0;7.00
28/09/2022 10:00;Fargo;Crime;Joel Coen;1996;98;12;7.50
27/09/2022 12:30;The Deer Hunter;Drama;Michael Cimino;1978;183;12;8.00
27/09/2022 10:00;Do lok tin si;Comedy;Kar-Wai Wong;1995;99;12;8.50
26/09/2022 10:30;The Deer Hunter;Drama;Michael Cimino;1978;183;12;7.50
25/09/2022 16:00;Doctor Zhivago;Drama;David Lean;1965;197;12;6.50
25/09/2022 13:30;His Girl Friday;Comedy;Howard Hawks;1940;92;12;7.00
25/09/2022 10:30;Hable con ella;Drama;Pedro Almodóvar;2002;112;16;7.00
24/09/2022 20:00;A Streetcar Named Desire;Drama;Elia Kazan;1951;122;12;9.50
24/09/2022 17:00;Per qualche dollaro in più;Western;Sergio Leone;1965;132;0;7.50
24/09/2022 13:00;The Great Escape;Adventure;John Sturges;1963;172;0;8.00
24/09/2022 10:30;Tonari no Totoro;Animation;Hayao Miyazaki;1988;86;0;6.50
23/09/2022 12:30;Vivre sa vie: Film en douze tableaux;Drama;Jean-Luc Godard;1962;80;12;6.50
23/09/2022 10:00;Vivre sa vie: Film en douze tableaux;Drama;Jean-Luc Godard;1962;80;12;6.50
22/09/2022 10:30;Lifeboat;Drama;Alfred Hitchcock;1944;97;12;6.50
21/09/2022 10:30;Doctor Zhivago;Drama;David Lean;1965;197;12;8.00
20/09/2022 10:00;Doctor Zhivago;Drama;David Lean;1965;197;12;7.00
19/09/2022 13:30;Doctor Zhivago;Drama;David Lean;1965;197;12;8.50
19/09/2022 10:30;Some Like It Hot;Comedy;Billy Wilder;1959;121;0;8.00
18/09/2022 19:00;Judgment at Nuremberg;Drama;Stanley Kramer;1961;179;12;9.50
18/09/2022 15:30;The Great Escape;Adventure;John Sturges;1963;172;0;7.00
18/09/2022 13:00;The Innocents;Horror;Jack Clayton;1961;100;12;8.00
18/09/2022 10:30;The Innocents;Horror;Jack Clayton;1961;100;12;6.50
17/09/2022 16:30;Doctor Zhivago;Drama;David Lean;1965;197;12;8.00
17/09/2022 12:30;The Great Escape;Adventure;John Sturges;1963;172;0;7.50
17/09/2022 10:00;Zerkalo;Biography;Andrei Tarkovsky;1975;107;0;8.00
16/09/2022 10:00;Lifeboat;Drama;Alfred Hitchcock;1944;97;12;8.00
15/09/2022 12:30;A Streetcar Named Desire;Drama;Elia Kazan;1951;122;12;8.50
15/09/2022 10:00;Tonari no Totoro;Animation;Hayao Miyazaki;1988;86;0;8.00
14/09/2022 10:30;All About Eve;Drama;Joseph L. Mankiewicz;1950;138;12;7.00
13/09/2022 13:30;His Girl Friday;Comedy;Howard Hawks;1940;92;12;8.00
13/09/2022 10:00;Ran;Action;Akira Kurosawa;1985;162;0;7.50
12/09/2022 10:30;Raiders of the Lost Ark;Action;Steven Spielberg;1981;115;12;8.50
11/09/2022 19:30;Scarface: The Shame of the Nation;Action;Howard Hawks;1932;93;6;10.00
11/09/2022 16:30;All About Eve;Drama;Joseph L. Mankiewicz;1950;138;12;8.50
11/09/2022 12:30;Judgment at Nuremberg;Drama;Stanley Kramer;1961;179;12;6.50
11/09/2022 10:00;To Have and Have Not;Adventure;Howard Hawks;1944;100;6;8.50
10/09/2022 15:30;My Cousin Vinny;Comedy;Jonathan Lynn;1992;120;12;8.50
10/09/2022 13:00;Tonari no Totoro;Animation;Hayao Miyazaki;1988;86;0;6.50
10/09/2022 10:00;Raiders of the Lost Ark;Action;Steven Spielberg;1981;115;12;7.00
09/09/2022 13:30;Raging Bull;Biography;Martin Scorsese;1980;129;12;7.00
09/09/2022 10:30;I Am Sam;Drama;Jessie Nelson;2001;132;12;7.50
08/09/2022 10:00;Tonari no Totoro;Animation;Hayao Miyazaki;1988;86;0;8.50
07/09/2022 16:00;I Am Sam;Drama;Jessie Nelson;2001;132;12;8.00
07/09/2022 13:00;Gilda;Drama;Charles Vidor;1946;110;12;7.00
07/09/2022 10:00;I Am Sam;Drama;Jessie Nelson;2001;132;12;7.50
06/09/2022 13:00;Hable con ella;Drama;Pedro Almodóvar;2002;112;16;7.50
06/09/2022 10:30;Kramer vs. Kramer;Drama;Robert Benton;1979;105;12;7.50
05/09/2022 12:30;The Innocents;Horror;Jack Clayton;1961;100;12;7.50
05/09/2022 10:00;Kramer vs. Kramer;Drama;Robert Benton;1979;105;12;7.50
04/09/2022 18:30;Hable con ella;Drama;Pedro Almodóvar;2002;112;16;10.00
04/09/2022 15:30;Raiders of the Lost Ark;Action;Steven Spielberg;1981;115;12;8.50
04/09/2022 13:00;Ferris Bueller's Day Off;Comedy;John Hughes;1986;103;0;7.00
04/09/2022 10:00;A Streetcar Named Desire;Drama;Elia Kazan;1951;122;12;7.50
03/09/2022 19:30;My Cousin Vinny;Comedy;Jonathan Lynn;1992;120;12;10.00
03/09/2022 16:00;Ran;Action;Akira Kurosawa;1985;162;0;7.00
03/09/2022 13:30;Love and Death;Comedy;Woody Allen;1975;85;6;8.50
03/09/2022 10:30;Raiders of the Lost Ark;Action;Steven Spielberg;1981;115;12;7.00
02/09/2022 15:30;Zerkalo;Biography;Andrei Tarkovsky;1975;107;0;6.50
02/09/2022 13:30;Evil Dead II;Action;Sam Raimi;1987;84;12;7.00
02/09/2022 10:30;Road to Perdition;Crime;Sam Mendes;2002;117;12;8.00
01/09/2022 14:30;Gilda;Drama;Charles Vidor;1946;110;12;6.50
01/09/2022 10:30;Dilwale Dulhania Le Jayenge;Drama;Aditya Chopra;1995;189;0;6.50
31/08/2022 10:30;Kramer vs. Kramer;Drama;Robert Benton;1979;105;12;8.50
30/08/2022 15:00;Kramer vs. Kramer;Drama;Robert Benton;1979;105;12;7.00
30/08/2022 12:30;Road to Perdition;Crime;Sam Mendes;2002;117;12;7.50
30/08/2022 10:00;Lifeboat;Drama;Alfred Hitchcock;1944;97;12;8.50
29/08/2022 14:30;Love and Death;Comedy;Woody Allen;1975;85;6;7.00
29/08/2022 10:30;Dilwale Dulhania Le Jayenge;Drama;Aditya Chopra;1995;189;0;7.00
28/08/2022 16:30;Lifeboat;Drama;Alfred Hitchcock;1944;97;12;7.00
28/08/2022 13:30;Raging Bull;Biography;Martin Scorsese;1980;129;12;8.50
28/08/2022 10:30;Memento;Mystery;Christopher Nolan;2000;113;12;8.00
27/08/2022 18:30;Ran;Action;Akira Kurosawa;1985;162;0;9.50
27/08/2022 16:00;Lifeboat;Drama;Alfred Hitchcock;1944;97;12;7.00
27/08/2022 13:00;Raging Bull;Biography;Martin Scorsese;1980;129;12;8.00
27/08/2022 10:30;Raiders of the Lost Ark;Action;Steven Spielberg;1981;115;12;7.00
26/08/2022 10:30;A Streetcar Named Desire;Drama;Elia Kazan;1951;122;12;8.00
25/08/2022 15:30;A Hard Day's Night;Comedy;Richard Lester;1964;87;0;6.50
25/08/2022 12:30;Night on Earth;Comedy;Jim Jarmusch;1991;129;16;7.50
25/08/2022 10:00;Lifeboat;Drama;Alfred Hitchcock;1944;97;12;8.50
24/08/2022 10:30;12 Angry Men;Crime;Sidney Lumet;1957;96;0;7.00
23/08/2022 12:30;Notorious;Drama;Alfred Hitchcock;1946;102;0;7.00
23/08/2022 10:00;Gilda;Drama;Charles Vidor;1946;110;12;7.00
22/08/2022 12:30;Love and Death;Comedy;Woody Allen;1975;85;6;7.00
22/08/2022 10:00;Mimi wo sumaseba;Animation;Yoshifumi Kondô;1995;111;0;8.50
21/08/2022 16:00;The Innocents;Horror;Jack Clayton;1961;100;12;8.50
21/08/2022 13:00;Donnie Brasco;Biography;Mike Newell;1997;127;12;7.00
21/08/2022 10:30;Road to Perdition;Crime;Sam Mendes;2002;117;12;6.50
20/08/2022 16:00;Dilwale Dulhania Le Jayenge;Drama;Aditya Chopra;1995;189;0;7.50
20/08/2022 13:30;The Innocents;Horror;Jack Clayton;1961;100;12;7.50
20/08/2022 10:30;Tôkyô monogatari;Drama;Yasujirô Ozu;1953;136;0;8.50
19/08/2022 13:30;My Cousin Vinny;Comedy;Jonathan Lynn;1992;120;12;7.00
19/08/2022 10:30;My Cousin Vinny;Comedy;Jonathan Lynn;1992;120;12;7.00
18/08/2022 15:30;Sense and Sensibility;Drama;Ang Lee;1995;136;0;6.50
18/08/2022 12:30;Road to Perdition;Crime;Sam Mendes;2002;117;12;6.50
18/08/2022 10:00;To Have and Have Not;Adventure;Howard Hawks;1944;100;6;7.50
17/08/2022 10:30;Night on Earth;Comedy;Jim Jarmusch;1991;129;16;8.00
16/08/2022 16:30;Raiders of the Lost Ark;Action;Steven Spielberg;1981;115;12;8.00
16/08/2022 13:30;Sense and Sensibility;Drama;Ang Lee;1995;136;0;7.50
16/08/2022 10:30;My Cousin Vinny;Comedy;Jonathan Lynn;1992;120;12;7.00
15/08/2022 13:00;Batman: Mask of the Phantasm;Animation;Kevin Altieri;1993;76;6;8.50
15/08/2022 10:30;Kramer vs. Kramer;Drama;Robert Benton;1979;105;12;6.50
14/08/2022 16:00;Raging Bull;Biography;Martin Scorsese;1980;129;12;6.50
14/08/2022 13:30;The Graduate;Comedy;Mike Nichols;1967;106;12;7.50
14/08/2022 10:30;North by Northwest;Adventure;Alfred Hitchcock;1959;136;0;7.50
13/08/2022 18:30;Raging Bull;Biography;Martin Scorsese;1980;129;12;8.50
13/08/2022 15:30;Tôkyô monogatari;Drama;Yasujirô Ozu;1953;136;0;8.50
13/08/2022 13:00;"South Park: Bigger; Longer & Uncut";Animation;Trey Parker;1999;81;12;6.50
13/08/2022 10:30;Scarface: The Shame of the Nation;Action;Howard Hawks;1932;93;6;7.00
12/08/2022 16:00;Kramer vs. Kramer;Drama;Robert Benton;1979;105;12;7.50
12/08/2022 13:30;To Be or Not to Be;Comedy;Ernst Lubitsch;1942;99;12;8.00
12/08/2022 10:00;Carlito's Way;Crime;Brian De Palma;1993;144;12;6.50
11/08/2022 12:00;Memento;Mystery;Christopher Nolan;2000;113;12;8.50
11/08/2022 10:00;The Invisible Man;Horror;James Whale;1933;71;12;6.50
10/08/2022 10:00;The Bridge on the River Kwai;Adventure;David Lean;1957;161;6;7.00
09/08/2022 10:30;Vivre sa vie: Film en douze tableaux;Drama;Jean-Luc Godard;1962;80;12;6.50
08/08/2022 16:30;Tôkyô monogatari;Drama;Yasujirô Ozu;1953;136;0;7.50
08/08/2022 13:30;Raging Bull;Biography;Martin Scorsese;1980;129;12;8.50
08/08/2022 10:30;Per qualche dollaro in più;Western;Sergio Leone;1965;132;0;8.50
07/08/2022 15:30;La dolce vita;Comedy;Federico Fellini;1960;174;12;8.00
07/08/2022 13:00;The Graduate;Comedy;Mike Nichols;1967;106;12;8.00
07/08/2022 10:30;Misery;Drama;Rob Reiner;1990;107;16;8.50
06/08/2022 15:00;Vivre sa vie: Film en douze tableaux;Drama;Jean-Luc Godard;1962;80;12;6.50
06/08/2022 12:30;Scarface: The Shame of the Nation;Action;Howard Hawks;1932;93;6;7.00
06/08/2022 10:00;Kind Hearts and Coronets;Comedy;Robert Hamer;1949;106;0;7.50
05/08/2022 13:00;Casablanca;Drama;Michael Curtiz;1942;102;0;7.50
05/08/2022 10:30;Who Framed Roger Rabbit;Animation;Robert Zemeckis;1988;104;0;7.50
04/08/2022 10:30;Fanny och Alexander;Drama;Ingmar Bergman;1982;188;12;7.50
03/08/2022 10:00;High Noon;Drama;Fred Zinnemann;1952;85;6;7.50
02/08/2022 15:30;Kind Hearts and Coronets;Comedy;Robert Hamer;1949;106;0;6.50
02/08/2022 12:30;My Cousin Vinny;Comedy;Jonathan Lynn;1992;120;12;7.50
02/08/2022 10:00;Scarface: The Shame of the Nation;Action;Howard Hawks;1932;93;6;8.00
01/08/2022 14:00;Donnie Brasco;Biography;Mike Newell;1997;127;12;8.50
01/08/2022 10:00;Dilwale Dulhania Le Jayenge;Drama;Aditya Chopra;1995;189;0;6.50
31/07/2022 16:00;The Graduate;Comedy;Mike Nichols;1967;106;12;7.00
31/07/2022 13:00;Donnie Brasco;Biography;Mike Newell;1997;127;12;7.50
31/07/2022 10:30;Remember the Titans;Biography;Boaz Yakin;2000;113;0;8.50
30/07/2022 15:30;Snatch;Comedy;Guy Ritchie;2000;104;12;7.00
30/07/2022 13:00;Waking Life;Animation;Richard Linklater;2001;99;16;7.50
30/07/2022 10:30;Casablanca;Drama;Michael Curtiz;1942;102;0;6.50
29/07/2022 10:00;Snatch;Comedy;Guy Ritchie;2000;104;12;6.50
28/07/2022 10:30;La dolce vita;Comedy;Federico Fellini;1960;174;12;7.00
27/07/2022 12:30;North by Northwest;Adventure;Alfred Hitchcock;1959;136;0;8.50
27/07/2022 10:30;Vivre sa vie: Film en douze tableaux;Drama;Jean-Luc Godard;1962;80;12;8.00
26/07/2022 17:00;Dom za vesanje;Comedy;Emir Kusturica;1988;142;16;8.50
26/07/2022 13:30;The Bridge on the River Kwai;Adventure;David Lean;1957;161;6;7.50
26/07/2022 10:30;The Elephant Man;Biography;David Lynch;1980;124;12;7.00
25/07/2022 13:30;The Elephant Man;Biography;David Lynch;1980;124;12;7.50
25/07/2022 10:30;Memento;Mystery;Christopher Nolan;2000;113;12;7.50
24/07/2022 14:30;Vivre sa vie: Film en douze tableaux;Drama;Jean-Luc Godard;1962;80;12;8.50
24/07/2022 12:30;The Invisible Man;Horror;James Whale;1933;71;12;7.00
24/07/2022 10:00;Det sjunde inseglet;Drama;Ingmar Bergman;1957;96;12;8.00
23/07/2022 19:30;North by Northwest;Adventure;Alfred Hitchcock;1959;136;0;10.00
23/07/2022 15:30;Fiddler on the Roof;Drama;Norman Jewison;1971;181;0;7.50
23/07/2022 13:00;Gilda;Drama;Charles Vidor;1946;110;12;8.50
23/07/2022 10:30;The Lady Vanishes;Mystery;Alfred Hitchcock;1938;96;12;7.00
22/07/2022 15:30;La dolce vita;Comedy;Federico Fellini;1960;174;12;7.50
22/07/2022 12:30;Raging Bull;Biography;Martin Scorsese;1980;129;12;8.50
22/07/2022 10:00;Who Framed Roger Rabbit;Animation;Robert Zemeckis;1988;104;0;7.50
21/07/2022 12:30;La dolce vita;Comedy;Federico Fellini;1960;174;12;7.50
21/07/2022 10:00;The Lady Vanishes;Mystery;Alfred Hitchcock;1938;96;12;7.50
20/07/2022 17:00;Evil Dead II;Action;Sam Raimi;1987;84;12;6.50
20/07/2022 13:00;Fiddler on the Roof;Drama;Norman Jewison;1971;181;0;8.50
20/07/2022 10:30;Barton Fink;Comedy;Joel Coen;1991;116;0;7.50
19/07/2022 16:30;"South Park: Bigger; Longer & Uncut";Animation;Trey Parker;1999;81;12;7.00
19/07/2022 13:00;The Pianist;Biography;Roman Polanski;2002;150;16;8.00
19/07/2022 10:00;Barton Fink;Comedy;Joel Coen;1991;116;0;8.50
18/07/2022 12:00;The Lady Vanishes;Mystery;Alfred Hitchcock;1938;96;12;8.00
18/07/2022 10:00;The Invisible Man;Horror;James Whale;1933;71;12;7.00
17/07/2022 16:30;Memento;Mystery;Christopher Nolan;2000;113;12;7.50
17/07/2022 13:00;All Quiet on the Western Front;Drama;Lewis Milestone;1930;152;0;6.50
17/07/2022 10:30;Bacheha-Ye aseman;Drama;Majid Majidi;1997;89;6;6.50
16/07/2022 18:00;The Elephant Man;Biography;David Lynch;1980;124;12;9.50
16/07/2022 15:30;Mimi wo sumaseba;Animation;Yoshifumi Kondô;1995;111;0;7.00
16/07/2022 13:00;Misery;Drama;Rob Reiner;1990;107;16;7.00
16/07/2022 10:30;Who Framed Roger Rabbit;Animation;Robert Zemeckis;1988;104;0;8.50
15/07/2022 16:00;Casablanca;Drama;Michael Curtiz;1942;102;0;8.00
15/07/2022 13:00;Dom za vesanje;Comedy;Emir Kusturica;1988;142;16;6.50
15/07/2022 10:30;To Be or Not to Be;Comedy;Ernst Lubitsch;1942;99;12;6.50
14/07/2022 10:00;Gone with the Wind;Drama;Victor Fleming;1939;238;0;8.00
13/07/2022 13:30;Tôkyô monogatari;Drama;Yasujirô Ozu;1953;136;0;6.50
13/07/2022 10:00;The Bridge on the River Kwai;Adventure;David Lean;1957;161;6;8.00
12/07/2022 10:00;Fiddler on the Roof;Drama;Norman Jewison;1971;181;0;6.50
11/07/2022 16:00;Per qualche dollaro in più;Western;Sergio Leone;1965;132;0;7.00
11/07/2022 13:30;High Noon;Drama;Fred Zinnemann;1952;85;6;7.00
11/07/2022 10:00;Carlito's Way;Crime;Brian De Palma;1993;144;12;6.50
10/07/2022 15:30;Snatch;Comedy;Guy Ritchie;2000;104;12;8.50
10/07/2022 13:00;The Lady Vanishes;Mystery;Alfred Hitchcock;1938;96;12;8.00
10/07/2022 10:30;Waking Life;Animation;Richard Linklater;2001;99;16;6.50
09/07/2022 16:30;Fiddler on the Roof;Drama;Norman Jewison;1971;181;0;7.00
09/07/2022 14:00;High Noon;Drama;Fred Zinnemann;1952;85;6;8.00
09/07/2022 10:00;Fiddler on the Roof;Drama;Norman Jewison;1971;181;0;7.00
08/07/2022 16:00;Bacheha-Ye aseman;Drama;Majid Majidi;1997;89;6;8.50
08/07/2022 13:30;The Sixth Sense;Drama;M. Night Shyamalan;1999;107;12;8.00
08/07/2022 10:00;Gladiator;Action;Ridley Scott;2000;155;12;7.00
07/07/2022 13:00;Arsenic and Old Lace;Comedy;Frank Capra;1942;118;12;8.00
07/07/2022 10:30;Planet of the Apes;Adventure;Franklin J. Schaffner;1968;112;0;8.50
06/07/2022 13:00;Snatch;Comedy;Guy Ritchie;2000;104;12;8.50
06/07/2022 10:00;Planet of the Apes;Adventure;Franklin J. Schaffner;1968;112;0;7.00
05/07/2022 10:00;Casablanca;Drama;Michael Curtiz;1942;102;0;7.50
04/07/2022 10:00;Reservoir Dogs;Crime;Quentin Tarantino;1992;99;16;8.50
03/07/2022 19:30;Planet of the Apes;Adventure;Franklin J. Schaffner;1968;112;0;10.00
03/07/2022 17:00;Planet of the Apes;Adventure;Franklin J. Schaffner;1968;112;0;8.00
03/07/2022 13:30;The Pianist;Biography;Roman Polanski;2002;150;16;7.50
03/07/2022 10:00;The Bridge on the River Kwai;Adventure;David Lean;1957;161;6;8.50
02/07/2022 15:30;Misery;Drama;Rob Reiner;1990;107;16;6.50
02/07/2022 13:00;A Hard Day's Night;Comedy;Richard Lester;1964;87;0;6.50
02/07/2022 10:30;Misery;Drama;Rob Reiner;1990;107;16;7.50
01/07/2022 13:00;Fiddler on the Roof;Drama;Norman Jewison;1971;181;0;8.50
01/07/2022 10:00;Predator;Action;John McTiernan;1987;107;12;7.00
30/06/2022 14:00;Star Wars: Episode VI - Return of the Jedi;Action;Richard Marquand;1983;131;0;6.50
30/06/2022 10:30;All Quiet on the Western Front;Drama;Lewis Milestone;1930;152;0;6.50
29/06/2022 10:00;The Sixth Sense;Drama;M. Night Shyamalan;1999;107;12;8.50
28/06/2022 10:30;The Night of the Hunter;Crime;Charles Laughton;1955;92;12;6.50
27/06/2022 16:30;Abre los ojos;Drama;Alejandro Amenábar;1997;119;0;7.00
27/06/2022 13:00;Dom za vesanje;Comedy;Emir Kusturica;1988;142;16;7.50
27/06/2022 10:30;Vampire Hunter D: Bloodlust;Animation;Yoshiaki Kawajiri;2000;103;0;7.00
26/06/2022 17:30;All Quiet on the Western Front;Drama;Lewis Milestone;1930;152;0;8.00
26/06/2022 15:00;Snatch;Comedy;Guy Ritchie;2000;104;12;7.50
26/06/2022 10:00;Gone with the Wind;Drama;Victor Fleming;1939;238;0;7.00
25/06/2022 20:00;Bacheha-Ye aseman;Drama;Majid Majidi;1997;89;6;10.00
25/06/2022 16:00;The Green Mile;Crime;Frank Darabont;1999;189;12;6.50
25/06/2022 12:30;The Pianist;Biography;Roman Polanski;2002;150;16;8.00
25/06/2022 10:00;The Night of the Hunter;Crime;Charles Laughton;1955;92;12;7.50
24/06/2022 16:30;The Night of the Hunter;Crime;Charles Laughton;1955;92;12;7.00
24/06/2022 13:00;The Pianist;Biography;Roman Polanski;2002;150;16;7.00
24/06/2022 10:30;The Night of the Hunter;Crime;Charles Laughton;1955;92;12;8.00
23/06/2022 10:30;Arsenic and Old Lace;Comedy;Frank Capra;1942;118;12;6.50
22/06/2022 13:00;Lawrence of Arabia;Adventure;David Lean;1962;228;0;7.00
22/06/2022 10:30;Planet of the Apes;Adventure;Franklin J. Schaffner;1968;112;0;8.00
21/06/2022 13:00;Peeping Tom;Drama;Michael Powell;1960;101;12;6.50
21/06/2022 10:30;Snatch;Comedy;Guy Ritchie;2000;104;12;7.50
20/06/2022 17:00;Snatch;Comedy;Guy Ritchie;2000;104;12;7.50
20/06/2022 13:30;All Quiet on the Western Front;Drama;Lewis Milestone;1930;152;0;7.50
20/06/2022 10:30;8½;Drama;Federico Fellini;1963;138;12;7.50
19/06/2022 19:00;Who's Afraid of Virginia Woolf?;Drama;Mike Nichols;1966;131;12;8.50
19/06/2022 16:00;Star Wars: Episode VI - Return of the Jedi;Action;Richard Marquand;1983;131;0;7.00
19/06/2022 13:00;Abre los ojos;Drama;Alejandro Amenábar;1997;119;0;6.50
19/06/2022 10:30;The Night of the Hunter;Crime;Charles Laughton;1955;92;12;7.00
18/06/2022 20:30;La règle du jeu;Comedy;Jean Renoir;1939;110;12;9.50
18/06/2022 16:30;Fiddler on the Roof;Drama;Norman Jewison;1971;181;0;7.50
18/06/2022 12:30;The Green Mile;Crime;Frank Darabont;1999;189;12;6.50
18/06/2022 10:00;Days of Heaven;Drama;Terrence Malick;1978;94;6;8.00
17/06/2022 13:30;High Noon;Drama;Fred Zinnemann;1952;85;6;6.50
17/06/2022 10:00;The Pianist;Biography;Roman Polanski;2002;150;16;7.00
16/06/2022 16:00;Planet of the Apes;Adventure;Franklin J. Schaffner;1968;112;0;6.50
16/06/2022 13:00;Who's Afraid of Virginia Woolf?;Drama;Mike Nichols;1966;131;12;6.50
16/06/2022 10:30;The Sixth Sense;Drama;M. Night Shyamalan;1999;107;12;8.00
15/06/2022 15:30;All Quiet on the Western Front;Drama;Lewis Milestone;1930;152;0;8.50
15/06/2022 13:00;Reservoir Dogs;Crime;Quentin Tarantino;1992;99;16;8.00
15/06/2022 10:00;The Fifth Element;Action;Luc Besson;1997;126;12;8.00
14/06/2022 10:30;The Pianist;Biography;Roman Polanski;2002;150;16;7.00
13/06/2022 17:00;The Elephant Man;Biography;David Lynch;1980;124;12;6.50
13/06/2022 13:00;Titanic;Drama;James Cameron;1997;194;12;8.50
13/06/2022 10:00;Star Wars: Episode VI - Return of the Jedi;Action;Richard Marquand;1983;131;0;8.00
12/06/2022 15:00;Abre los ojos;Drama;Alejandro Amenábar;1997;119;0;8.50
12/06/2022 12:30;Det sjunde inseglet;Drama;Ingmar Bergman;1957;96;12;6.50
12/06/2022 10:00;Predator;Action;John McTiernan;1987;107;12;8.00
11/06/2022 18:30;Vampire Hunter D: Bloodlust;Animation;Yoshiaki Kawajiri;2000;103;0;9.00
11/06/2022 16:00;The Third Man;Film-Noir;Carol Reed;1949;104;12;8.50
11/06/2022 13:00;Star Wars: Episode VI - Return of the Jedi;Action;Richard Marquand;1983;131;0;7.00
11/06/2022 10:00;La règle du jeu;Comedy;Jean Renoir;1939;110;12;6.50
10/06/2022 16:30;Who's Afraid of Virginia Woolf?;Drama;Mike Nichols;1966;131;12;8.50
10/06/2022 14:00;Deliverance;Adventure;John Boorman;1972;109;0;7.00
10/06/2022 10:00;Titanic;Drama;James Cameron;1997;194;12;7.00
09/06/2022 12:30;Star Wars: Episode VI - Return of the Jedi;Action;Richard Marquand;1983;131;0;8.50
09/06/2022 10:00;Vampire Hunter D: Bloodlust;Animation;Yoshiaki Kawajiri;2000;103;0;6.50
08/06/2022 13:30;Lawrence of Arabia;Adventure;David Lean;1962;228;0;6.50
08/06/2022 10:30;Arsenic and Old Lace;Comedy;Frank Capra;1942;118;12;7.50
07/06/2022 10:30;The French Connection;Action;William Friedkin;1971;104;12;7.00
06/06/2022 10:30;White Heat;Action;Raoul Walsh;1949;114;12;7.00
05/06/2022 18:30;Peeping Tom;Drama;Michael Powell;1960;101;12;9.00
05/06/2022 16:00;La règle du jeu;Comedy;Jean Renoir;1939;110;12;8.00
05/06/2022 13:30;Deliverance;Adventure;John Boorman;1972;109;0;8.00
05/06/2022 10:30;Some Like It Hot;Comedy;Billy Wilder;1959;121;0;7.00
04/06/2022 19:00;The Sixth Sense;Drama;M. Night Shyamalan;1999;107;12;8.50
04/06/2022 16:00;White Heat;Action;Raoul Walsh;1949;114;12;7.00
04/06/2022 13:00;Brazil;Drama;Terry Gilliam;1985;132;0;8.00
04/06/2022 10:00;La règle du jeu;Comedy;Jean Renoir;1939;110;12;6.50
03/06/2022 10:30;The Lost Weekend;Drama;Billy Wilder;1945;101;12;7.50
02/06/2022 16:30;The Fifth Element;Action;Luc Besson;1997;126;12;8.50
02/06/2022 13:30;Some Like It Hot;Comedy;Billy Wilder;1959;121;0;8.50
02/06/2022 10:30;Das Experiment;Drama;Oliver Hirschbiegel;2001;120;16;6.50
01/06/2022 10:00;Peeping Tom;Drama;Michael Powell;1960;101;12;7.50
31/05/2022 16:00;Days of Heaven;Drama;Terrence Malick;1978;94;6;8.00
31/05/2022 13:30;Vampire Hunter D: Bloodlust;Animation;Yoshiaki Kawajiri;2000;103;0;8.00
31/05/2022 10:30;The Fifth Element;Action;Luc Besson;1997;126;12;7.00
30/05/2022 10:30;Brazil;Drama;Terry Gilliam;1985;132;0;7.50
29/05/2022 18:00;Vampire Hunter D: Bloodlust;Animation;Yoshiaki Kawajiri;2000;103;0;10.00
29/05/2022 15:30;The Night of the Hunter;Crime;Charles Laughton;1955;92;12;6.50
29/05/2022 13:00;Vampire Hunter D: Bloodlust;Animation;Yoshiaki Kawajiri;2000;103;0;8.50
29/05/2022 10:00;Donnie Brasco;Biography;Mike Newell;1997;127;12;8.00
28/05/2022 18:00;Deliverance;Adventure;John Boorman;1972;109;0;9.00
28/05/2022 15:30;The Night of the Hunter;Crime;Charles Laughton;1955;92;12;7.50
28/05/2022 13:00;White Heat;Action;Raoul Walsh;1949;114;12;7.50
28/05/2022 10:30;Le samouraï;Crime;Jean-Pierre Melville;1967;105;12;6.50
27/05/2022 13:30;Peeping Tom;Drama;Michael Powell;1960;101;12;7.00
27/05/2022 10:30;Das Experiment;Drama;Oliver Hirschbiegel;2001;120;16;7.00
26/05/2022 18:00;Twelve Monkeys;Mystery;Terry Gilliam;1995;129;12;9.00
26/05/2022 15:00;The Fifth Element;Action;Luc Besson;1997;126;12;7.50
26/05/2022 10:30;The Godfather: Part II;Crime;Francis Ford Coppola;1974;202;12;7.00
25/05/2022 16:00;Das Experiment;Drama;Oliver Hirschbiegel;2001;120;16;7.50
25/05/2022 13:00;Omohide poro poro;Animation;Isao Takahata;1991;118;0;7.50
25/05/2022 10:00;Ordinary People;Drama;Robert Redford;1980;124;0;7.50
24/05/2022 13:30;Dil Chahta Hai;Comedy;Farhan Akhtar;2001;183;12;7.50
24/05/2022 10:00;The Godfather;Crime;Francis Ford Coppola;1972;175;12;8.00
23/05/2022 15:30;Sunrise: A Song of Two Humans;Drama;F.W. Murnau;1927;94;12;8.50
23/05/2022 12:30;The Fifth Element;Action;Luc Besson;1997;126;12;8.00
23/05/2022 10:00;Vampire Hunter D: Bloodlust;Animation;Yoshiaki Kawajiri;2000;103;0;7.50
22/05/2022 17:30;Dawn of the Dead;Action;George A. Romero;1978;127;12;8.00
22/05/2022 14:30;Some Like It Hot;Comedy;Billy Wilder;1959;121;0;8.00
22/05/2022 10:30;Titanic;Drama;James Cameron;1997;194;12;8.50
21/05/2022 15:00;Titanic;Drama;James Cameron;1997;194;12;7.00
21/05/2022 12:30;The Night of the Hunter;Crime;Charles Laughton;1955;92;12;7.50
21/05/2022 10:00;The French Connection;Action;William Friedkin;1971;104;12;7.50
20/05/2022 13:30;Dawn of the Dead;Action;George A. Romero;1978;127;12;7.00
20/05/2022 10:30;The Fifth Element;Action;Luc Besson;1997;126;12;8.50
19/05/2022 16:00;The Night of the Hunter;Crime;Charles Laughton;1955;92;12;7.50
19/05/2022 13:00;Brazil;Drama;Terry Gilliam;1985;132;0;8.00
19/05/2022 10:30;Peeping Tom;Drama;Michael Powell;1960;101;12;8.00
18/05/2022 15:00;Das Experiment;Drama;Oliver Hirschbiegel;2001;120;16;8.50
18/05/2022 12:30;Peeping Tom;Drama;Michael Powell;1960;101;12;7.50
18/05/2022 10:00;Le charme discret de la bourgeoisie;Comedy;Luis Buñuel;1972;102;6;8.50
17/05/2022 17:00;Peeping Tom;Drama;Michael Powell;1960;101;12;8.50
17/05/2022 12:30;The Godfather: Part II;Crime;Francis Ford Coppola;1974;202;12;7.50
17/05/2022 10:00;Le samouraï;Crime;Jean-Pierre Melville;1967;105;12;8.00
16/05/2022 10:30;Dawn of the Dead;Action;George A. Romero;1978;127;12;7.00
15/05/2022 18:30;Omohide poro poro;Animation;Isao Takahata;1991;118;0;9.00
15/05/2022 16:00;Repulsion;Drama;Roman Polanski;1965;105;12;7.00
15/05/2022 13:00;The Hustler;Drama;Robert Rossen;1961;134;12;6.50
15/05/2022 10:00;Fear and Loathing in Las Vegas;Adventure;Terry Gilliam;1998;118;16;8.00
14/05/2022 19:30;Days of Heaven;Drama;Terrence Malick;1978;94;6;8.50
14/05/2022 16:30;Dom za vesanje;Comedy;Emir Kusturica;1988;142;16;6.50
14/05/2022 13:30;Twelve Monkeys;Mystery;Terry Gilliam;1995;129;12;7.50
14/05/2022 10:30;White Heat;Action;Raoul Walsh;1949;114;12;8.00
13/05/2022 10:00;Brazil;Drama;Terry Gilliam;1985;132;0;8.50
12/05/2022 15:30;Butch Cassidy and the Sundance Kid;Biography;George Roy Hill;1969;110;6;7.00
12/05/2022 13:00;Le charme discret de la bourgeoisie;Comedy;Luis Buñuel;1972;102;6;8.50
12/05/2022 10:30;White Heat;Action;Raoul Walsh;1949;114;12;8.50
11/05/2022 16:00;Peeping Tom;Drama;Michael Powell;1960;101;12;7.00
11/05/2022 13:30;Days of Heaven;Drama;Terrence Malick;1978;94;6;8.50
11/05/2022 10:30;Brazil;Drama;Terry Gilliam;1985;132;0;6.50
10/05/2022 16:30;Les quatre cents coups;Crime;François Truffaut;1959;99;12;7.00
10/05/2022 12:30;The Godfather: Part II;Crime;Francis Ford Coppola;1974;202;12;6.50
10/05/2022 10:00;Repulsion;Drama;Roman Polanski;1965;105;12;7.50
09/05/2022 10:00;When Harry Met Sally...;Comedy;Rob Reiner;1989;95;12;8.50
08/05/2022 16:30;The Royal Tenenbaums;Comedy;Wes Anderson;2001;110;12;6.50
08/05/2022 12:30;Gandhi;Biography;Richard Attenborough;1982;191;0;8.50
08/05/2022 10:00;Days of Heaven;Drama;Terrence Malick;1978;94;6;7.00
07/05/2022 15:00;The Last Emperor;Biography;Bernardo Bertolucci;1987;163;0;7.00
07/05/2022 12:30;12 Angry Men;Crime;Sidney Lumet;1957;96;0;6.50
07/05/2022 10:00;Le samouraï;Crime;Jean-Pierre Melville;1967;105;12;6.50
06/05/2022 16:00;Hiroshima mon amour;Drama;Alain Resnais;1959;90;12;8.00
06/05/2022 13:00;Dom za vesanje;Comedy;Emir Kusturica;1988;142;16;8.50
06/05/2022 10:00;Omohide poro poro;Animation;Isao Takahata;1991;118;0;8.00
05/05/2022 18:00;Donnie Brasco;Biography;Mike Newell;1997;127;12;9.50
05/05/2022 15:30;Deliverance;Adventure;John Boorman;1972;109;0;8.50
05/05/2022 10:30;Lawrence of Arabia;Adventure;David Lean;1962;228;0;8.00
04/05/2022 16:30;Peeping Tom;Drama;Michael Powell;1960;101;12;8.00
04/05/2022 13:30;Brazil;Drama;Terry Gilliam;1985;132;0;8.50
04/05/2022 10:30;White Heat;Action;Raoul Walsh;1949;114;12;7.50
03/05/2022 10:30;Dom za vesanje;Comedy;Emir Kusturica;1988;142;16;7.00
02/05/2022 16:00;Pâfekuto burû;Animation;Satoshi Kon;1997;81;12;8.50
02/05/2022 13:00;Being There;Comedy;Hal Ashby;1979;130;6;8.50
02/05/2022 10:30;Le samouraï;Crime;Jean-Pierre Melville;1967;105;12;6.50
01/05/2022 18:30;The Godfather: Part II;Crime;Francis Ford Coppola;1974;202;12;10.00
01/05/2022 15:30;Twelve Monkeys;Mystery;Terry Gilliam;1995;129;12;8.00
01/05/2022 13:00;Peeping Tom;Drama;Michael Powell;1960;101;12;8.00
01/05/2022 10:30;M - Eine Stadt sucht einen Mörder;Crime;Fritz Lang;1931;117;12;7.50
30/04/2022 15:30;Days of Heaven;Drama;Terrence Malick;1978;94;6;8.50
30/04/2022 12:30;Tombstone;Action;George P. Cosmatos;1993;130;16;7.50
30/04/2022 10:00;Le samouraï;Crime;Jean-Pierre Melville;1967;105;12;7.50
29/04/2022 13:00;Being There;Comedy;Hal Ashby;1979;130;6;7.50
29/04/2022 10:30;Once Were Warriors;Crime;Lee Tamahori;1994;102;12;7.00
28/04/2022 17:00;Twelve Monkeys;Mystery;Terry Gilliam;1995;129;12;8.50
28/04/2022 13:30;The Last Emperor;Biography;Bernardo Bertolucci;1987;163;0;6.50
28/04/2022 10:30;Dom za vesanje;Comedy;Emir Kusturica;1988;142;16;7.00
27/04/2022 16:30;The Last Emperor;Biography;Bernardo Bertolucci;1987;163;0;8.50
27/04/2022 13:30;Ordinary People;Drama;Robert Redford;1980;124;0;7.50
27/04/2022 10:30;The Hustler;Drama;Robert Rossen;1961;134;12;7.00
26/04/2022 15:30;Twelve Monkeys;Mystery;Terry Gilliam;1995;129;12;8.00
26/04/2022 12:30;Ordinary People;Drama;Robert Redford;1980;124;0;8.00
26/04/2022 10:00;Days of Heaven;Drama;Terrence Malick;1978;94;6;6.50
25/04/2022 12:30;Days of Heaven;Drama;Terrence Malick;1978;94;6;8.50
25/04/2022 10:00;Le samouraï;Crime;Jean-Pierre Melville;1967;105;12;6.50
24/04/2022 16:30;Fear and Loathing in Las Vegas;Adventure;Terry Gilliam;1998;118;16;8.50
24/04/2022 13:30;Fried Green Tomatoes;Drama;Jon Avnet;1991;130;12;6.50
24/04/2022 10:00;Catch Me If You Can;Biography;Steven Spielberg;2002;141;12;8.50
23/04/2022 16:30;Carlito's Way;Crime;Brian De Palma;1993;144;12;7.00
23/04/2022 14:00;Repulsion;Drama;Roman Polanski;1965;105;12;8.00
23/04/2022 10:00;Dil Chahta Hai;Comedy;Farhan Akhtar;2001;183;12;6.50
22/04/2022 12:30;"Shin seiki Evangelion Gekijô-ban: Air/Magokoro wo; kimi ni";Animation;Hideaki Anno;1997;87;12;8.00
22/04/2022 10:00;Le samouraï;Crime;Jean-Pierre Melville;1967;105;12;7.50
21/04/2022 10:00;The Lost Weekend;Drama;Billy Wilder;1945;101;12;8.50
20/04/2022 12:30;Le samouraï;Crime;Jean-Pierre Melville;1967;105;12;8.00
20/04/2022 10:00;Days of Heaven;Drama;Terrence Malick;1978;94;6;7.50
19/04/2022 10:00;The Wizard of Oz;Adventure;Victor Fleming;1939;102;0;8.50
18/04/2022 13:30;Omohide poro poro;Animation;Isao Takahata;1991;118;0;8.00
18/04/2022 10:30;Omohide poro poro;Animation;Isao Takahata;1991;118;0;7.00
17/04/2022 16:00;Le samouraï;Crime;Jean-Pierre Melville;1967;105;12;8.50
17/04/2022 13:00;Carlito's Way;Crime;Brian De Palma;1993;144;12;8.00
17/04/2022 10:30;12 Angry Men;Crime;Sidney Lumet;1957;96;0;8.00
16/04/2022 19:30;12 Angry Men;Crime;Sidney Lumet;1957;96;0;9.50
16/04/2022 16:30;The Big Lebowski;Comedy;Joel Coen;1998;117;16;7.50
16/04/2022 13:30;Das Experiment;Drama;Oliver Hirschbiegel;2001;120;16;6.50
16/04/2022 10:30;Das Experiment;Drama;Oliver Hirschbiegel;2001;120;16;8.50
15/04/2022 16:30;Alien;Horror;Ridley Scott;1979;117;16;8.50
15/04/2022 13:30;Fried Green Tomatoes;Drama;Jon Avnet;1991;130;12;8.50
15/04/2022 10:30;Tombstone;Action;George P. Cosmatos;1993;130;16;7.50
14/04/2022 13:00;Harry Potter and the Sorcerer's Stone;Adventure;Chris Columbus;2001;152;0;8.00
14/04/2022 10:30;The Royal Tenenbaums;Comedy;Wes Anderson;2001;110;12;7.50
13/04/2022 10:30;Harry Potter and the Sorcerer's Stone;Adventure;Chris Columbus;2001;152;0;8.50
12/04/2022 10:00;Dom za vesanje;Comedy;Emir Kusturica;1988;142;16;7.50
11/04/2022 10:30;Harry Potter and the Sorcerer's Stone;Adventure;Chris Columbus;2001;152;0;6.50
10/04/2022 20:00;"Shin seiki Evangelion Gekijô-ban: Air/Magokoro wo; kimi ni";Animation;Hideaki Anno;1997;87;12;10.00
10/04/2022 16:00;The Godfather;Crime;Francis Ford Coppola;1972;175;12;7.50
10/04/2022 13:30;Kumonosu-jô;Drama;Akira Kurosawa;1957;110;12;8.50
10/04/2022 10:30;Tombstone;Action;George P. Cosmatos;1993;130;16;7.00
09/04/2022 16:30;Tombstone;Action;George P. Cosmatos;1993;130;16;6.50
09/04/2022 13:30;The Birds;Drama;Alfred Hitchcock;1963;119;12;7.50
09/04/2022 10:00;Harry Potter and the Sorcerer's Stone;Adventure;Chris Columbus;2001;152;0;7.50
08/04/2022 12:30;When Harry Met Sally...;Comedy;Rob Reiner;1989;95;12;7.50
08/04/2022 10:00;The Wizard of Oz;Adventure;Victor Fleming;1939;102;0;8.00
07/04/2022 12:30;Kind Hearts and Coronets;Comedy;Robert Hamer;1949;106;0;6.50
07/04/2022 10:00;Tonari no Totoro;Animation;Hayao Miyazaki;1988;86;0;7.50
06/04/2022 13:00;Kumonosu-jô;Drama;Akira Kurosawa;1957;110;12;8.00
06/04/2022 10:30;12 Angry Men;Crime;Sidney Lumet;1957;96;0;6.50
05/04/2022 13:30;Annie Hall;Comedy;Woody Allen;1977;93;12;8.50
05/04/2022 10:00;Carlito's Way;Crime;Brian De Palma;1993;144;12;8.00
04/04/2022 12:00;Once Were Warriors;Crime;Lee Tamahori;1994;102;12;7.50
04/04/2022 10:00;Pâfekuto burû;Animation;Satoshi Kon;1997;81;12;8.00
03/04/2022 17:30;Sabrina;Comedy;Billy Wilder;1954;113;12;8.00
03/04/2022 15:00;A Little Princess;Drama;Alfonso Cuarón;1995;97;0;6.50
03/04/2022 13:00;Tonari no Totoro;Animation;Hayao Miyazaki;1988;86;0;6.50
03/04/2022 10:30;The Lady Vanishes;Mystery;Alfred Hitchcock;1938;96;12;6.50
02/04/2022 15:30;M - Eine Stadt sucht einen Mörder;Crime;Fritz Lang;1931;117;12;8.00
02/04/2022 13:00;The Lady Vanishes;Mystery;Alfred Hitchcock;1938;96;12;8.00
02/04/2022 10:00;Blue Velvet;Drama;David Lynch;1986;120;12;7.00
01/04/2022 13:00;Annie Hall;Comedy;Woody Allen;1977;93;12;6.50
01/04/2022 10:00;The Big Lebowski;Comedy;Joel Coen;1998;117;16;7.00
31/03/2022 10:30;Tombstone;Action;George P. Cosmatos;1993;130;16;8.50
30/03/2022 13:00;Alien;Horror;Ridley Scott;1979;117;16;7.50
30/03/2022 10:30;Smultronstället;Drama;Ingmar Bergman;1957;91;0;7.00
29/03/2022 10:00;"Shin seiki Evangelion Gekijô-ban: Air/Magokoro wo; kimi ni";Animation;Hideaki Anno;1997;87;12;8.00
28/03/2022 17:00;"Shin seiki Evangelion Gekijô-ban: Air/Magokoro wo; kimi ni";Animation;Hideaki Anno;1997;87;12;8.00
28/03/2022 14:00;Tombstone;Action;George P. Cosmatos;1993;130;16;7.00
28/03/2022 10:30;The Shining;Drama;Stanley Kubrick;1980;146;12;8.50
27/03/2022 19:00;M - Eine Stadt sucht einen Mörder;Crime;Fritz Lang;1931;117;12;9.00
27/03/2022 16:30;Ocean's Eleven;Crime;Steven Soderbergh;2001;116;12;8.50
27/03/2022 13:30;Idi i smotri;Drama;Elem Klimov;1985;142;12;7.50
27/03/2022 10:30;A Few Good Men;Drama;Rob Reiner;1992;138;0;7.00
26/03/2022 15:30;A Few Good Men;Drama;Rob Reiner;1992;138;0;7.00
26/03/2022 13:00;La règle du jeu;Comedy;Jean Renoir;1939;110;12;8.00
26/03/2022 10:00;Star Trek II: The Wrath of Khan;Action;Nicholas Meyer;1982;113;0;8.50
25/03/2022 10:30;Das Experiment;Drama;Oliver Hirschbiegel;2001;120;16;8.00
24/03/2022 10:30;The Godfather;Crime;Francis Ford Coppola;1972;175;12;8.50
23/03/2022 10:30;Star Trek II: The Wrath of Khan;Action;Nicholas Meyer;1982;113;0;7.50
22/03/2022 16:00;Ocean's Eleven;Crime;Steven Soderbergh;2001;116;12;8.00
22/03/2022 13:00;All About Eve;Drama;Joseph L. Mankiewicz;1950;138;12;8.00
22/03/2022 10:00;Tombstone;Action;George P. Cosmatos;1993;130;16;6.50
21/03/2022 10:30;The Breakfast Club;Comedy;John Hughes;1985;97;12;7.00
20/03/2022 15:00;Star Trek II: The Wrath of Khan;Action;Nicholas Meyer;1982;113;0;8.50
20/03/2022 12:30;The Wizard of Oz;Adventure;Victor Fleming;1939;102;0;8.50
20/03/2022 10:00;The Ladykillers;Comedy;Alexander Mackendrick;1955;91;12;7.00
19/03/2022 18:00;A Little Princess;Drama;Alfonso Cuarón;1995;97;0;9.00
19/03/2022 15:30;The Breakfast Club;Comedy;John Hughes;1985;97;12;8.50
19/03/2022 13:00;The Ladykillers;Comedy;Alexander Mackendrick;1955;91;12;7.00
19/03/2022 10:30;The Ladykillers;Comedy;Alexander Mackendrick;1955;91;12;7.50
18/03/2022 15:00;The Wizard of Oz;Adventure;Victor Fleming;1939;102;0;8.50
18/03/2022 12:30;A Little Princess;Drama;Alfonso Cuarón;1995;97;0;6.50
18/03/2022 10:00;Dial M for Murder;Crime;Alfred Hitchcock;1954;105;12;6.50
17/03/2022 10:30;The Wizard of Oz;Adventure;Victor Fleming;1939;102;0;8.50
16/03/2022 16:00;The Godfather;Crime;Francis Ford Coppola;1972;175;12;8.50
16/03/2022 13:00;Sabrina;Comedy;Billy Wilder;1954;113;12;8.50
16/03/2022 10:00;Amélie;Comedy;Jean-Pierre Jeunet;2001;122;0;8.00
15/03/2022 10:30;Star Trek II: The Wrath of Khan;Action;Nicholas Meyer;1982;113;0;7.00
14/03/2022 16:30;Smultronstället;Drama;Ingmar Bergman;1957;91;0;6.50
14/03/2022 14:00;The Ladykillers;Comedy;Alexander Mackendrick;1955;91;12;8.00
14/03/2022 10:30;The Godfather;Crime;Francis Ford Coppola;1972;175;12;7.50
13/03/2022 15:00;The Shining;Drama;Stanley Kubrick;1980;146;12;7.50
13/03/2022 12:30;A Little Princess;Drama;Alfonso Cuarón;1995;97;0;7.50
13/03/2022 10:00;The Killing;Crime;Stanley Kubrick;1956;84;12;8.00
12/03/2022 17:30;The Big Lebowski;Comedy;Joel Coen;1998;117;16;8.50
12/03/2022 13:30;The Godfather;Crime;Francis Ford Coppola;1972;175;12;7.00
12/03/2022 10:30;A Few Good Men;Drama;Rob Reiner;1992;138;0;7.50
11/03/2022 16:00;12 Angry Men;Crime;Sidney Lumet;1957;96;0;7.00
11/03/2022 13:00;Amélie;Comedy;Jean-Pierre Jeunet;2001;122;0;8.50
11/03/2022 10:30;Casablanca;Drama;Michael Curtiz;1942;102;0;8.00
10/03/2022 10:30;Star Trek II: The Wrath of Khan;Action;Nicholas Meyer;1982;113;0;6.50
09/03/2022 13:00;The Shining;Drama;Stanley Kubrick;1980;146;12;8.00
09/03/2022 10:30;Casablanca;Drama;Michael Curtiz;1942;102;0;8.50
08/03/2022 16:00;Rain Man;Drama;Barry Levinson;1988;133;0;8.00
08/03/2022 13:00;Rain Man;Drama;Barry Levinson;1988;133;0;8.00
08/03/2022 10:00;Amélie;Comedy;Jean-Pierre Jeunet;2001;122;0;6.50
07/03/2022 10:30;The Breakfast Club;Comedy;John Hughes;1985;97;12;8.50
06/03/2022 19:00;Casablanca;Drama;Michael Curtiz;1942;102;0;9.50
06/03/2022 16:00;Blue Velvet;Drama;David Lynch;1986;120;12;8.50
06/03/2022 13:30;Smultronstället;Drama;Ingmar Bergman;1957;91;0;7.00
06/03/2022 10:00;The Shining;Drama;Stanley Kubrick;1980;146;12;8.50
05/03/2022 17:00;Casablanca;Drama;Michael Curtiz;1942;102;0;8.00
05/03/2022 13:30;All About Eve;Drama;Joseph L. Mankiewicz;1950;138;12;6.50
05/03/2022 10:30;Amélie;Comedy;Jean-Pierre Jeunet;2001;122;0;7.50
04/03/2022 15:30;Giant;Drama;George Stevens;1956;201;0;8.50
04/03/2022 13:00;Smultronstället;Drama;Ingmar Bergman;1957;91;0;8.50
04/03/2022 10:00;Boksuneun naui geot;Crime;Chan-wook Park;2002;129;16;7.50
03/03/2022 15:30;The Others;Horror;Alejandro Amenábar;2001;101;12;8.00
03/03/2022 13:00;Sabrina;Comedy;Billy Wilder;1954;113;12;6.50
03/03/2022 10:00;A Few Good Men;Drama;Rob Reiner;1992;138;0;7.50
02/03/2022 12:30;Smultronstället;Drama;Ingmar Bergman;1957;91;0;7.50
02/03/2022 10:00;Wait Until Dark;Thriller;Terence Young;1967;108;12;7.50
01/03/2022 16:30;Smultronstället;Drama;Ingmar Bergman;1957;91;0;6.50
01/03/2022 13:30;The Birds;Drama;Alfred Hitchcock;1963;119;12;7.00
01/03/2022 10:30;Blue Velvet;Drama;David Lynch;1986;120;12;8.00
28/02/2022 16:00;Taxi Driver;Crime;Martin Scorsese;1976;114;12;8.50
28/02/2022 13:00;Amélie;Comedy;Jean-Pierre Jeunet;2001;122;0;8.50
28/02/2022 10:00;All About Eve;Drama;Joseph L. Mankiewicz;1950;138;12;8.50
27/02/2022 16:00;The Ladykillers;Comedy;Alexander Mackendrick;1955;91;12;7.00
27/02/2022 13:00;Blue Velvet;Drama;David Lynch;1986;120;12;6.50
27/02/2022 10:00;A Few Good Men;Drama;Rob Reiner;1992;138;0;6.50
26/02/2022 18:30;Amélie;Comedy;Jean-Pierre Jeunet;2001;122;0;8.50
26/02/2022 16:00;The Adventures of Robin Hood;Action;Michael Curtiz;1938;102;6;6.50
26/02/2022 13:30;Dial M for Murder;Crime;Alfred Hitchcock;1954;105;12;6.50
26/02/2022 10:30;Sabrina;Comedy;Billy Wilder;1954;113;12;6.50
25/02/2022 13:00;Rain Man;Drama;Barry Levinson;1988;133;0;8.50
25/02/2022 10:30;The Birds;Drama;Alfred Hitchcock;1963;119;12;8.00
24/02/2022 10:00;Smultronstället;Drama;Ingmar Bergman;1957;91;0;8.50
23/02/2022 10:00;The Killing;Crime;Stanley Kubrick;1956;84;12;7.00
22/02/2022 10:30;Rocky;Drama;John G. Avildsen;1976;120;0;6.50
21/02/2022 16:00;A Few Good Men;Drama;Rob Reiner;1992;138;0;8.50
21/02/2022 13:00;In the Name of the Father;Biography;Jim Sheridan;1993;133;12;7.00
21/02/2022 10:30;The Adventures of Robin Hood;Action;Michael Curtiz;1938;102;6;8.50
20/02/2022 18:30;The Adventures of Robin Hood;Action;Michael Curtiz;1938;102;6;9.00
20/02/2022 16:00;The Breakfast Club;Comedy;John Hughes;1985;97;12;7.00
20/02/2022 13:00;Rocky;Drama;John G. Avildsen;1976;120;0;7.50
20/02/2022 10:30;The Breakfast Club;Comedy;John Hughes;1985;97;12;7.00
19/02/2022 20:00;Sleuth;Mystery;Joseph L. Mankiewicz;1972;138;6;9.00
19/02/2022 17:30;The Breakfast Club;Comedy;John Hughes;1985;97;12;8.00
19/02/2022 15:00;Shadow of a Doubt;Film-Noir;Alfred Hitchcock;1943;108;6;7.50
19/02/2022 10:30;Giant;Drama;George Stevens;1956;201;0;7.50
18/02/2022 15:30;The Breakfast Club;Comedy;John Hughes;1985;97;12;7.50
18/02/2022 13:00;The Breakfast Club;Comedy;John Hughes;1985;97;12;6.50
18/02/2022 10:30;Blood Simple;Crime;Joel Coen;1984;99;12;8.50
17/02/2022 10:00;The Breakfast Club;Comedy;John Hughes;1985;97;12;8.50
16/02/2022 10:00;A Few Good Men;Drama;Rob Reiner;1992;138;0;7.00
15/02/2022 12:30;The Kid;Comedy;Charles Chaplin;1921;68;12;8.00
15/02/2022 10:00;Rocky;Drama;John G. Avildsen;1976;120;0;8.00
14/02/2022 13:30;Rain Man;Drama;Barry Levinson;1988;133;0;8.00
14/02/2022 10:30;Sleuth;Mystery;Joseph L. Mankiewicz;1972;138;6;8.50
13/02/2022 16:30;Rain Man;Drama;Barry Levinson;1988;133;0;6.50
13/02/2022 13:30;Boksuneun naui geot;Crime;Chan-wook Park;2002;129;16;7.00
13/02/2022 10:30;28 Days Later...;Drama;Danny Boyle;2002;113;12;6.50
12/02/2022 18:30;The Kid;Comedy;Charles Chaplin;1921;68;12;9.50
12/02/2022 16:00;The Others;Horror;Alejandro Amenábar;2001;101;12;8.50
12/02/2022 13:00;In the Name of the Father;Biography;Jim Sheridan;1993;133;12;8.00
12/02/2022 10:00;A Few Good Men;Drama;Rob Reiner;1992;138;0;6.50
11/02/2022 10:00;True Romance;Crime;Tony Scott;1993;119;16;6.50
10/02/2022 16:00;Shadow of a Doubt;Film-Noir;Alfred Hitchcock;1943;108;6;6.50
10/02/2022 13:00;Sleuth;Mystery;Joseph L. Mankiewicz;1972;138;6;7.00
10/02/2022 10:00;In the Name of the Father;Biography;Jim Sheridan;1993;133;12;6.50
09/02/2022 17:00;Spartacus;Adventure;Stanley Kubrick;1960;197;12;6.50
09/02/2022 14:00;Boksuneun naui geot;Crime;Chan-wook Park;2002;129;16;6.50
09/02/2022 10:00;Spartacus;Adventure;Stanley Kubrick;1960;197;12;8.50
08/02/2022 14:00;The Boondock Saints;Action;Troy Duffy;1999;108;16;7.00
08/02/2022 10:00;Spartacus;Adventure;Stanley Kubrick;1960;197;12;7.00
07/02/2022 16:00;Doctor Zhivago;Drama;David Lean;1965;197;12;8.00
07/02/2022 13:30;The Others;Horror;Alejandro Amenábar;2001;101;12;8.00
07/02/2022 10:30;A Few Good Men;Drama;Rob Reiner;1992;138;0;7.00
06/02/2022 15:30;The Others;Horror;Alejandro Amenábar;2001;101;12;6.50
06/02/2022 12:30;A Few Good Men;Drama;Rob Reiner;1992;138;0;6.50
06/02/2022 10:00;Blood Simple;Crime;Joel Coen;1984;99;12;8.50
05/02/2022 19:00;Boksuneun naui geot;Crime;Chan-wook Park;2002;129;16;9.00
05/02/2022 16:00;Boksuneun naui geot;Crime;Chan-wook Park;2002;129;16;7.50
05/02/2022 13:30;The Others;Horror;Alejandro Amenábar;2001;101;12;7.50
05/02/2022 10:30;Rain Man;Drama;Barry Levinson;1988;133;0;8.00
04/02/2022 10:00;The Kid;Comedy;Charles Chaplin;1921;68;12;7.00
03/02/2022 13:00;Rocky;Drama;John G. Avildsen;1976;120;0;6.50
03/02/2022 10:00;True Romance;Crime;Tony Scott;1993;119;16;8.00
02/02/2022 13:00;Rocky;Drama;John G. Avildsen;1976;120;0;8.00
02/02/2022 10:00;Boksuneun naui geot;Crime;Chan-wook Park;2002;129;16;7.50
01/02/2022 10:00;Freaks;Drama;Tod Browning;1932;64;12;7.50
31/01/2022 17:00;The Boondock Saints;Action;Troy Duffy;1999;108;16;8.00
31/01/2022 12:30;Spartacus;Adventure;Stanley Kubrick;1960;197;12;8.00
31/01/2022 10:00;Blood Simple;Crime;Joel Coen;1984;99;12;7.50
30/01/2022 16:00;Aladdin;Animation;Ron Clements;1992;90;0;6.50
30/01/2022 13:30;The Usual Suspects;Crime;Bryan Singer;1995;106;12;6.50
30/01/2022 10:30;Boksuneun naui geot;Crime;Chan-wook Park;2002;129;16;7.00
29/01/2022 15:30;Doctor Zhivago;Drama;David Lean;1965;197;12;6.50
29/01/2022 13:00;Aladdin;Animation;Ron Clements;1992;90;0;7.00
29/01/2022 10:30;Blood Simple;Crime;Joel Coen;1984;99;12;8.50
28/01/2022 17:00;Rain Man;Drama;Barry Levinson;1988;133;0;6.50
28/01/2022 13:00;Spartacus;Adventure;Stanley Kubrick;1960;197;12;8.50
28/01/2022 10:30;The Adventures of Robin Hood;Action;Michael Curtiz;1938;102;6;6.50
27/01/2022 10:30;The Usual Suspects;Crime;Bryan Singer;1995;106;12;7.50
26/01/2022 10:30;Freaks;Drama;Tod Browning;1932;64;12;7.50
25/01/2022 17:00;The Adventures of Robin Hood;Action;Michael Curtiz;1938;102;6;7.00
25/01/2022 12:30;Spartacus;Adventure;Stanley Kubrick;1960;197;12;8.00
25/01/2022 10:00;28 Days Later...;Drama;Danny Boyle;2002;113;12;8.50
24/01/2022 17:30;The Kid;Comedy;Charles Chaplin;1921;68;12;7.50
24/01/2022 14:30;28 Days Later...;Drama;Danny Boyle;2002;113;12;7.00
24/01/2022 10:30;Schindler's List;Biography;Steven Spielberg;1993;195;12;7.00
23/01/2022 17:00;The Nightmare Before Christmas;Animation;Henry Selick;1993;76;0;7.00
23/01/2022 15:00;Freaks;Drama;Tod Browning;1932;64;12;8.00
23/01/2022 13:00;Freaks;Drama;Tod Browning;1932;64;12;6.50
23/01/2022 10:00;Sleuth;Mystery;Joseph L. Mankiewicz;1972;138;6;8.50
22/01/2022 18:30;Boksuneun naui geot;Crime;Chan-wook Park;2002;129;16;8.50
22/01/2022 16:00;Clerks;Comedy;Kevin Smith;1994;92;16;7.00
22/01/2022 13:30;Shadow of a Doubt;Film-Noir;Alfred Hitchcock;1943;108;6;7.50
22/01/2022 10:30;Rain Man;Drama;Barry Levinson;1988;133;0;8.00
21/01/2022 10:30;Shadow of a Doubt;Film-Noir;Alfred Hitchcock;1943;108;6;8.50
20/01/2022 15:00;Aladdin;Animation;Ron Clements;1992;90;0;6.50
20/01/2022 12:30;Aladdin;Animation;Ron Clements;1992;90;0;6.50
20/01/2022 10:00;The Adventures of Robin Hood;Action;Michael Curtiz;1938;102;6;7.50
19/01/2022 18:00;The Nightmare Before Christmas;Animation;Henry Selick;1993;76;0;8.50
19/01/2022 13:30;Lagaan: Once Upon a Time in India;Adventure;Ashutosh Gowariker;2001;224;0;6.50
19/01/2022 10:30;Druk;Comedy;Thomas Vinterberg;2020;117;12;7.50
18/01/2022 15:30;The Kid;Comedy;Charles Chaplin;1921;68;12;7.00
18/01/2022 13:00;Mulan;Animation;Tony Bancroft;1998;88;0;7.50
18/01/2022 10:00;E.T. the Extra-Terrestrial;Family;Steven Spielberg;1982;115;0;7.50
17/01/2022 14:30;The Great Dictator;Comedy;Charles Chaplin;1940;125;12;8.00
17/01/2022 12:30;The Nightmare Before Christmas;Animation;Henry Selick;1993;76;0;8.00
17/01/2022 10:00;"Aguirre; der Zorn Gottes";Action;Werner Herzog;1972;95;12;8.00
16/01/2022 18:00;Freaks;Drama;Tod Browning;1932;64;12;9.50
16/01/2022 15:30;The Usual Suspects;Crime;Bryan Singer;1995;106;12;6.50
16/01/2022 12:30;The Great Dictator;Comedy;Charles Chaplin;1940;125;12;6.50
16/01/2022 10:00;Mulan;Animation;Tony Bancroft;1998;88;0;7.00
15/01/2022 20:00;The Muppet Christmas Carol;Comedy;Brian Henson;1992;85;0;10.00
15/01/2022 17:00;The Great Dictator;Comedy;Charles Chaplin;1940;125;12;8.50
15/01/2022 13:00;Schindler's List;Biography;Steven Spielberg;1993;195;12;7.00
15/01/2022 10:00;"Crna macka; beli macor";Comedy;Emir Kusturica;1998;127;16;8.50
14/01/2022 13:00;Sleuth;Mystery;Joseph L. Mankiewicz;1972;138;6;8.00
14/01/2022 10:30;Clerks;Comedy;Kevin Smith;1994;92;16;6.50
13/01/2022 15:30;Druk;Comedy;Thomas Vinterberg;2020;117;12;8.50
13/01/2022 13:30;Mulan;Animation;Tony Bancroft;1998;88;0;7.50
13/01/2022 10:30;The Usual Suspects;Crime;Bryan Singer;1995;106;12;8.00
12/01/2022 15:30;Rosemary's Baby;Drama;Roman Polanski;1968;137;12;6.50
12/01/2022 12:30;The Great Dictator;Comedy;Charles Chaplin;1940;125;12;7.50
12/01/2022 10:00;The Boondock Saints;Action;Troy Duffy;1999;108;16;6.50
11/01/2022 16:00;The Great Dictator;Comedy;Charles Chaplin;1940;125;12;6.50
11/01/2022 13:30;The Nightmare Before Christmas;Animation;Henry Selick;1993;76;0;8.50
11/01/2022 10:30;Boksuneun naui geot;Crime;Chan-wook Park;2002;129;16;8.50
10/01/2022 12:30;Aladdin;Animation;Ron Clements;1992;90;0;8.00
10/01/2022 10:30;Freaks;Drama;Tod Browning;1932;64;12;7.00
09/01/2022 18:30;Rosemary's Baby;Drama;Roman Polanski;1968;137;12;10.00
09/01/2022 15:30;The Great Dictator;Comedy;Charles Chaplin;1940;125;12;8.00
09/01/2022 13:00;The Royal Tenenbaums;Comedy;Wes Anderson;2001;110;12;6.50
09/01/2022 10:00;"Crna macka; beli macor";Comedy;Emir Kusturica;1998;127;16;7.50
08/01/2022 17:30;Hamlet;Drama;Kenneth Branagh;1996;242;12;7.00
08/01/2022 15:30;Freaks;Drama;Tod Browning;1932;64;12;8.50
08/01/2022 13:00;E.T. the Extra-Terrestrial;Family;Steven Spielberg;1982;115;0;7.00
08/01/2022 10:00;The Great Dictator;Comedy;Charles Chaplin;1940;125;12;8.50
07/01/2022 15:30;The Straight Story;Biography;David Lynch;1999;112;0;7.50
07/01/2022 13:30;The Muppet Christmas Carol;Comedy;Brian Henson;1992;85;0;7.50
07/01/2022 10:30;Boksuneun naui geot;Crime;Chan-wook Park;2002;129;16;7.00
06/01/2022 10:30;True Romance;Crime;Tony Scott;1993;119;16;7.00
05/01/2022 15:30;Star Trek II: The Wrath of Khan;Action;Nicholas Meyer;1982;113;0;7.50
05/01/2022 13:00;Planet of the Apes;Adventure;Franklin J. Schaffner;1968;112;0;8.50
05/01/2022 10:30;Clerks;Comedy;Kevin Smith;1994;92;16;8.50
04/01/2022 13:00;Lagaan: Once Upon a Time in India;Adventure;Ashutosh Gowariker;2001;224;0;7.00
04/01/2022 10:00;True Romance;Crime;Tony Scott;1993;119;16;7.00
03/01/2022 12:30;Mimi wo sumaseba;Animation;Yoshifumi Kondô;1995;111;0;7.00
03/01/2022 10:30;The Nightmare Before Christmas;Animation;Henry Selick;1993;76;0;8.00
02/01/2022 19:30;Boksuneun naui geot;Crime;Chan-wook Park;2002;129;16;9.50
02/01/2022 16:30;Boksuneun naui geot;Crime;Chan-wook Park;2002;129;16;8.50
02/01/2022 13:30;Cowboy Bebop: Tengoku no tobira;Animation;Shin'ichirô Watanabe;2001;115;0;8.00
02/01/2022 10:30;"Crna macka; beli macor";Comedy;Emir Kusturica;1998;127;16;8.50
01/01/2022 18:00;"Aguirre; der Zorn Gottes";Action;Werner Herzog;1972;95;12;8.50
01/01/2022 15:00;Boksuneun naui geot;Crime;Chan-wook Park;2002;129;16;8.50
01/01/2022 12:30;Aladdin;Animation;Ron Clements;1992;90;0;7.50
01/01/2022 10:30;The Nightmare Before Christmas;Animation;Henry Selick;1993;76;0;8.00
31/12/2021 16:00;True Romance;Crime;Tony Scott;1993;119;16;7.50
31/12/2021 13:00;E.T. the Extra-Terrestrial;Family;Steven Spielberg;1982;115;0;8.00
31/12/2021 10:00;The Royal Tenenbaums;Comedy;Wes Anderson;2001;110;12;6.50
30/12/2021 16:00;Aladdin;Animation;Ron Clements;1992;90;0;6.50
30/12/2021 13:00;The Royal Tenenbaums;Comedy;Wes Anderson;2001;110;12;8.50
30/12/2021 10:00;Druk;Comedy;Thomas Vinterberg;2020;117;12;7.00
29/12/2021 12:30;Clerks;Comedy;Kevin Smith;1994;92;16;7.50
29/12/2021 10:30;Aladdin;Animation;Ron Clements;1992;90;0;8.50
28/12/2021 17:30;The Muppet Christmas Carol;Comedy;Brian Henson;1992;85;0;8.50
28/12/2021 15:00;Mimi wo sumaseba;Animation;Yoshifumi Kondô;1995;111;0;7.00
28/12/2021 10:00;Hamlet;Drama;Kenneth Branagh;1996;242;12;8.00
27/12/2021 12:30;Mississippi Burning;Crime;Alan Parker;1988;128;12;7.50
27/12/2021 10:00;Snatch;Comedy;Guy Ritchie;2000;104;12;7.00
26/12/2021 19:30;Lagaan: Once Upon a Time in India;Adventure;Ashutosh Gowariker;2001;224;0;9.50
26/12/2021 16:30;E.T. the Extra-Terrestrial;Family;Steven Spielberg;1982;115;0;8.00
26/12/2021 13:00;Das Boot;Adventure;Wolfgang Petersen;1981;149;16;8.50
26/12/2021 10:00;Star Trek II: The Wrath of Khan;Action;Nicholas Meyer;1982;113;0;7.50
25/12/2021 18:00;Star Trek II: The Wrath of Khan;Action;Nicholas Meyer;1982;113;0;8.50
25/12/2021 15:00;True Romance;Crime;Tony Scott;1993;119;16;8.00
25/12/2021 12:30;Ghostbusters;Action;Ivan Reitman;1984;105;12;7.00
25/12/2021 10:00;Planet of the Apes;Adventure;Franklin J. Schaffner;1968;112;0;6.50
24/12/2021 10:30;Das Boot;Adventure;Wolfgang Petersen;1981;149;16;8.50
23/12/2021 17:30;Das Boot;Adventure;Wolfgang Petersen;1981;149;16;8.00
23/12/2021 14:30;Platoon;Drama;Oliver Stone;1986;120;12;6.50
23/12/2021 10:30;Schindler's List;Biography;Steven Spielberg;1993;195;12;8.00
22/12/2021 12:30;Il postino;Biography;Michael Radford;1994;108;0;8.00
22/12/2021 10:00;"Aguirre; der Zorn Gottes";Action;Werner Herzog;1972;95;12;8.50
21/12/2021 15:30;Aladdin;Animation;Ron Clements;1992;90;0;7.00
21/12/2021 12:30;True Romance;Crime;Tony Scott;1993;119;16;6.50
21/12/2021 10:00;The Muppet Christmas Carol;Comedy;Brian Henson;1992;85;0;7.00
20/12/2021 12:30;Druk;Comedy;Thomas Vinterberg;2020;117;12;8.00
20/12/2021 10:00;Il postino;Biography;Michael Radford;1994;108;0;7.50
19/12/2021 18:00;Rosemary's Baby;Drama;Roman Polanski;1968;137;12;8.50
19/12/2021 15:30;Il postino;Biography;Michael Radford;1994;108;0;7.50
19/12/2021 12:30;Planet of the Apes;Adventure;Franklin J. Schaffner;1968;112;0;8.00
19/12/2021 10:00;Star Trek II: The Wrath of Khan;Action;Nicholas Meyer;1982;113;0;8.50
18/12/2021 16:00;Clerks;Comedy;Kevin Smith;1994;92;16;7.00
18/12/2021 13:30;The Straight Story;Biography;David Lynch;1999;112;0;8.50
18/12/2021 10:30;Full Metal Jacket;Drama;Stanley Kubrick;1987;116;12;8.00
17/12/2021 16:00;Mississippi Burning;Crime;Alan Parker;1988;128;12;7.50
17/12/2021 12:30;"Il buono; il brutto; il cattivo";Western;Sergio Leone;1966;161;12;7.50
17/12/2021 10:00;Klaus;Animation;Sergio Pablos;2019;96;6;8.00
16/12/2021 16:00;Star Trek II: The Wrath of Khan;Action;Nicholas Meyer;1982;113;0;8.00
16/12/2021 13:00;Kakushi-toride no san-akunin;Adventure;Akira Kurosawa;1958;139;12;7.00
16/12/2021 10:30;Aladdin;Animation;Ron Clements;1992;90;0;8.00
15/12/2021 15:30;Star Trek II: The Wrath of Khan;Action;Nicholas Meyer;1982;113;0;8.00
15/12/2021 13:00;Mimi wo sumaseba;Animation;Yoshifumi Kondô;1995;111;0;7.00
15/12/2021 10:30;Aladdin;Animation;Ron Clements;1992;90;0;7.50
14/12/2021 10:00;Predator;Action;John McTiernan;1987;107;12;8.50
13/12/2021 16:30;Cowboy Bebop: Tengoku no tobira;Animation;Shin'ichirô Watanabe;2001;115;0;8.00
13/12/2021 14:00;Paths of Glory;Drama;Stanley Kubrick;1957;88;12;7.00
13/12/2021 10:00;The Message;Biography;Moustapha Akkad;1976;177;6;8.00
12/12/2021 20:00;The Muppet Christmas Carol;Comedy;Brian Henson;1992;85;0;8.50
12/12/2021 15:00;Hamlet;Drama;Kenneth Branagh;1996;242;12;6.50
12/12/2021 10:30;Lagaan: Once Upon a Time in India;Adventure;Ashutosh Gowariker;2001;224;0;7.00
11/12/2021 18:30;Il postino;Biography;Michael Radford;1994;108;0;8.50
11/12/2021 15:30;True Romance;Crime;Tony Scott;1993;119;16;8.50
11/12/2021 12:30;Mississippi Burning;Crime;Alan Parker;1988;128;12;7.50
11/12/2021 10:00;Paths of Glory;Drama;Stanley Kubrick;1957;88;12;6.50
10/12/2021 12:30;The Straight Story;Biography;David Lynch;1999;112;0;7.00
10/12/2021 10:00;Cat on a Hot Tin Roof;Drama;Richard Brooks;1958;108;12;7.50
09/12/2021 17:00;Planet of the Apes;Adventure;Franklin J. Schaffner;1968;112;0;7.00
09/12/2021 13:30;The Message;Biography;Moustapha Akkad;1976;177;6;7.50
09/12/2021 10:30;Mimi wo sumaseba;Animation;Yoshifumi Kondô;1995;111;0;8.00
08/12/2021 12:30;Star Trek II: The Wrath of Khan;Action;Nicholas Meyer;1982;113;0;8.50
08/12/2021 10:00;Reservoir Dogs;Crime;Quentin Tarantino;1992;99;16;8.00
07/12/2021 10:00;Hamlet;Drama;Kenneth Branagh;1996;242;12;8.00
06/12/2021 15:00;Paths of Glory;Drama;Stanley Kubrick;1957;88;12;8.00
06/12/2021 10:30;Malcolm X;Biography;Spike Lee;1992;202;0;7.50
05/12/2021 17:30;Rosemary's Baby;Drama;Roman Polanski;1968;137;12;6.50
05/12/2021 15:30;The Muppet Christmas Carol;Comedy;Brian Henson;1992;85;0;7.50
05/12/2021 13:00;Klaus;Animation;Sergio Pablos;2019;96;6;7.00
05/12/2021 10:30;Ghostbusters;Action;Ivan Reitman;1984;105;12;7.50
04/12/2021 20:30;Malcolm X;Biography;Spike Lee;1992;202;0;9.00
04/12/2021 17:30;Mississippi Burning;Crime;Alan Parker;1988;128;12;6.50
04/12/2021 15:00;The Muppet Christmas Carol;Comedy;Brian Henson;1992;85;0;7.50
04/12/2021 10:00;Hamlet;Drama;Kenneth Branagh;1996;242;12;7.50
03/12/2021 16:00;JFK;Drama;Oliver Stone;1991;189;12;7.50
03/12/2021 13:00;Rosemary's Baby;Drama;Roman Polanski;1968;137;12;7.00
03/12/2021 10:00;Full Metal Jacket;Drama;Stanley Kubrick;1987;116;12;8.50
02/12/2021 15:30;Network;Drama;Sidney Lumet;1976;121;12;6.50
02/12/2021 13:30;The Muppet Christmas Carol;Comedy;Brian Henson;1992;85;0;6.50
02/12/2021 10:30;American Beauty;Drama;Sam Mendes;1999;122;12;8.50
01/12/2021 16:00;Kakushi-toride no san-akunin;Adventure;Akira Kurosawa;1958;139;12;8.00
01/12/2021 13:30;The Muppet Christmas Carol;Comedy;Brian Henson;1992;85;0;8.50
01/12/2021 10:30;Little Women;Drama;Greta Gerwig;2019;135;0;7.00
30/11/2021 10:30;Rosemary's Baby;Drama;Roman Polanski;1968;137;12;7.50
29/11/2021 15:30;The Message;Biography;Moustapha Akkad;1976;177;6;6.50
29/11/2021 13:00;12 Angry Men;Crime;Sidney Lumet;1957;96;0;7.50
29/11/2021 10:30;Il postino;Biography;Michael Radford;1994;108;0;7.50
28/11/2021 18:00;Lagaan: Once Upon a Time in India;Adventure;Ashutosh Gowariker;2001;224;0;10.00
28/11/2021 16:00;The Muppet Christmas Carol;Comedy;Brian Henson;1992;85;0;8.00
28/11/2021 13:30;Predator;Action;John McTiernan;1987;107;12;8.00
28/11/2021 10:30;Planet of the Apes;Adventure;Franklin J. Schaffner;1968;112;0;6.50
27/11/2021 15:30;Mississippi Burning;Crime;Alan Parker;1988;128;12;7.00
27/11/2021 12:30;Planet of the Apes;Adventure;Franklin J. Schaffner;1968;112;0;7.50
27/11/2021 10:00;Klaus;Animation;Sergio Pablos;2019;96;6;8.00
26/11/2021 16:30;Ghostbusters;Action;Ivan Reitman;1984;105;12;8.00
26/11/2021 14:00;Predator;Action;John McTiernan;1987;107;12;7.00
26/11/2021 10:30;"Il buono; il brutto; il cattivo";Western;Sergio Leone;1966;161;12;8.50
25/11/2021 18:30;Planet of the Apes;Adventure;Franklin J. Schaffner;1968;112;0;8.50
25/11/2021 14:00;Lagaan: Once Upon a Time in India;Adventure;Ashutosh Gowariker;2001;224;0;7.00
25/11/2021 10:30;"Il buono; il brutto; il cattivo";Western;Sergio Leone;1966;161;12;6.50
24/11/2021 15:00;The Shawshank Redemption;Drama;Frank Darabont;1994;142;12;7.00
24/11/2021 12:30;12 Angry Men;Crime;Sidney Lumet;1957;96;0;7.00
24/11/2021 10:00;Blowup;Drama;Michelangelo Antonioni;1966;111;12;7.50
23/11/2021 10:00;"Il buono; il brutto; il cattivo";Western;Sergio Leone;1966;161;12;8.00
22/11/2021 16:30;Ferris Bueller's Day Off;Comedy;John Hughes;1986;103;0;8.50
22/11/2021 14:00;Predator;Action;John McTiernan;1987;107;12;8.00
22/11/2021 10:30;"Il buono; il brutto; il cattivo";Western;Sergio Leone;1966;161;12;8.00
21/11/2021 21:00;Patton;Biography;Franklin J. Schaffner;1970;172;0;10.00
21/11/2021 18:00;The Lion in Winter;Biography;Anthony Harvey;1968;134;6;8.50
21/11/2021 15:30;Crimes and Misdemeanors;Comedy;Woody Allen;1989;104;12;6.50
21/11/2021 10:30;Hamlet;Drama;Kenneth Branagh;1996;242;12;7.00
20/11/2021 16:00;Höstsonaten;Drama;Ingmar Bergman;1978;99;0;7.00
20/11/2021 13:00;The Lion in Winter;Biography;Anthony Harvey;1968;134;6;7.50
20/11/2021 10:30;Reservoir Dogs;Crime;Quentin Tarantino;1992;99;16;8.00
19/11/2021 10:00;Das Boot;Adventure;Wolfgang Petersen;1981;149;16;7.50
18/11/2021 12:30;"Il buono; il brutto; il cattivo";Western;Sergio Leone;1966;161;12;8.50
18/11/2021 10:00;"Monsters; Inc.";Animation;Pete Docter;2001;92;0;7.00
17/11/2021 10:00;Höstsonaten;Drama;Ingmar Bergman;1978;99;0;8.00
16/11/2021 15:30;"Il buono; il brutto; il cattivo";Western;Sergio Leone;1966;161;12;8.00
16/11/2021 12:30;Blowup;Drama;Michelangelo Antonioni;1966;111;12;8.00
16/11/2021 10:00;Klaus;Animation;Sergio Pablos;2019;96;6;7.00
15/11/2021 10:30;The Lion in Winter;Biography;Anthony Harvey;1968;134;6;8.00
14/11/2021 18:00;Platoon;Drama;Oliver Stone;1986;120;12;8.50
14/11/2021 15:30;Hana-bi;Crime;Takeshi Kitano;1997;103;12;8.50
14/11/2021 12:30;Full Metal Jacket;Drama;Stanley Kubrick;1987;116;12;8.50
14/11/2021 10:00;Full Metal Jacket;Drama;Stanley Kubrick;1987;116;12;7.00
13/11/2021 16:00;Network;Drama;Sidney Lumet;1976;121;12;7.00
13/11/2021 12:30;The Shawshank Redemption;Drama;Frank Darabont;1994;142;12;8.00
13/11/2021 10:00;Life of Brian;Comedy;Terry Jones;1979;94;16;7.00
12/11/2021 13:30;Malcolm X;Biography;Spike Lee;1992;202;0;7.50
12/11/2021 10:30;Full Metal Jacket;Drama;Stanley Kubrick;1987;116;12;7.50
11/11/2021 10:30;Andrei Rublev;Biography;Andrei Tarkovsky;1966;205;16;8.00
10/11/2021 12:30;Mississippi Burning;Crime;Alan Parker;1988;128;12;8.50
10/11/2021 10:00;Höstsonaten;Drama;Ingmar Bergman;1978;99;0;7.00
09/11/2021 13:30;"Monsters; Inc.";Animation;Pete Docter;2001;92;0;8.00
09/11/2021 10:00;Mulholland Dr.;Drama;David Lynch;2001;147;16;7.00
08/11/2021 16:00;The Insider;Biography;Michael Mann;1999;157;12;6.50
08/11/2021 13:30;Höstsonaten;Drama;Ingmar Bergman;1978;99;0;7.00
08/11/2021 10:30;Little Women;Drama;Greta Gerwig;2019;135;0;6.50
07/11/2021 16:30;Das Boot;Adventure;Wolfgang Petersen;1981;149;16;6.50
07/11/2021 13:30;Mississippi Burning;Crime;Alan Parker;1988;128;12;8.50
07/11/2021 10:30;Mississippi Burning;Crime;Alan Parker;1988;128;12;6.50
06/11/2021 18:00;Höstsonaten;Drama;Ingmar Bergman;1978;99;0;8.50
06/11/2021 15:00;Platoon;Drama;Oliver Stone;1986;120;12;7.50
06/11/2021 10:30;Andrei Rublev;Biography;Andrei Tarkovsky;1966;205;16;7.50
05/11/2021 10:30;Patton;Biography;Franklin J. Schaffner;1970;172;0;8.50
04/11/2021 10:30;Mississippi Burning;Crime;Alan Parker;1988;128;12;8.50
03/11/2021 10:00;Hana-bi;Crime;Takeshi Kitano;1997;103;12;7.50
02/11/2021 17:30;Platoon;Drama;Oliver Stone;1986;120;12;8.50
02/11/2021 12:30;Gone with the Wind;Drama;Victor Fleming;1939;238;0;7.50
02/11/2021 10:00;Hana-bi;Crime;Takeshi Kitano;1997;103;12;6.50
01/11/2021 17:30;Höstsonaten;Drama;Ingmar Bergman;1978;99;0;8.50
01/11/2021 13:30;The Great Escape;Adventure;John Sturges;1963;172;0;7.00
01/11/2021 10:00;The Insider;Biography;Michael Mann;1999;157;12;8.50
31/10/2021 20:00;Patton;Biography;Franklin J. Schaffner;1970;172;0;9.00
31/10/2021 15:30;Andrei Rublev;Biography;Andrei Tarkovsky;1966;205;16;7.00
31/10/2021 13:00;Höstsonaten;Drama;Ingmar Bergman;1978;99;0;7.50
31/10/2021 10:30;Sabrina;Comedy;Billy Wilder;1954;113;12;7.50
30/10/2021 16:00;Höstsonaten;Drama;Ingmar Bergman;1978;99;0;7.00
30/10/2021 13:00;Network;Drama;Sidney Lumet;1976;121;12;6.50
30/10/2021 10:30;Reservoir Dogs;Crime;Quentin Tarantino;1992;99;16;8.50
29/10/2021 10:30;The Insider;Biography;Michael Mann;1999;157;12;7.00
28/10/2021 13:00;Reservoir Dogs;Crime;Quentin Tarantino;1992;99;16;6.50
28/10/2021 10:30;Crimes and Misdemeanors;Comedy;Woody Allen;1989;104;12;8.00
27/10/2021 10:00;Billy Elliot;Drama;Stephen Daldry;2000;110;16;8.00
26/10/2021 10:30;Little Women;Drama;Greta Gerwig;2019;135;0;8.50
25/10/2021 17:00;La haine;Crime;Mathieu Kassovitz;1995;98;12;8.00
25/10/2021 12:00;Gone with the Wind;Drama;Victor Fleming;1939;238;0;7.00
25/10/2021 10:30;Sherlock Jr.;Action;Buster Keaton;1924;45;12;7.00
24/10/2021 18:30;American Beauty;Drama;Sam Mendes;1999;122;12;10.00
24/10/2021 15:30;Platoon;Drama;Oliver Stone;1986;120;12;7.00
24/10/2021 10:30;Gone with the Wind;Drama;Victor Fleming;1939;238;0;8.50
23/10/2021 17:30;The Insider;Biography;Michael Mann;1999;157;12;6.50
23/10/2021 15:00;Goldfinger;Action;Guy Hamilton;1964;110;12;8.00
23/10/2021 10:00;Hamlet;Drama;Kenneth Branagh;1996;242;12;8.00
22/10/2021 10:00;Hamlet;Drama;Kenneth Branagh;1996;242;12;8.50
21/10/2021 10:00;Ferris Bueller's Day Off;Comedy;John Hughes;1986;103;0;7.00
20/10/2021 10:00;Mulholland Dr.;Drama;David Lynch;2001;147;16;8.00
19/10/2021 13:30;Miller's Crossing;Crime;Joel Coen;1990;115;16;7.00
19/10/2021 10:00;The Insider;Biography;Michael Mann;1999;157;12;8.50
18/10/2021 13:30;Goldfinger;Action;Guy Hamilton;1964;110;12;7.00
18/10/2021 10:30;The Verdict;Drama;Sidney Lumet;1982;129;0;7.50
17/10/2021 20:00;Mulholland Dr.;Drama;David Lynch;2001;147;16;10.00
17/10/2021 16:30;Soorarai Pottru;Drama;Sudha Kongara;2020;153;0;6.50
17/10/2021 13:00;Pulp Fiction;Crime;Quentin Tarantino;1994;154;12;8.50
17/10/2021 10:00;Das Experiment;Drama;Oliver Hirschbiegel;2001;120;16;7.00
16/10/2021 19:30;Just Mercy;Biography;Destin Daniel Cretton;2019;137;12;10.00
16/10/2021 16:30;Sense and Sensibility;Drama;Ang Lee;1995;136;0;7.00
16/10/2021 14:00;Notorious;Drama;Alfred Hitchcock;1946;102;0;6.50
16/10/2021 10:30;Patton;Biography;Franklin J. Schaffner;1970;172;0;8.00
15/10/2021 13:00;The Breakfast Club;Comedy;John Hughes;1985;97;12;7.00
15/10/2021 10:30;The Purple Rose of Cairo;Comedy;Woody Allen;1985;82;0;8.00
14/10/2021 10:00;Just Mercy;Biography;Destin Daniel Cretton;2019;137;12;7.00
13/10/2021 15:30;The Purple Rose of Cairo;Comedy;Woody Allen;1985;82;0;7.50
13/10/2021 12:30;Just Mercy;Biography;Destin Daniel Cretton;2019;137;12;8.00
13/10/2021 10:00;"Monsters; Inc.";Animation;Pete Docter;2001;92;0;7.50
12/10/2021 10:30;Barton Fink;Comedy;Joel Coen;1991;116;0;7.00
11/10/2021 16:00;The Thing;Horror;John Carpenter;1982;109;12;7.50
11/10/2021 13:30;À bout de souffle;Crime;Jean-Luc Godard;1960;90;0;7.50
11/10/2021 10:00;Soorarai Pottru;Drama;Sudha Kongara;2020;153;0;7.00
10/10/2021 19:00;Höstsonaten;Drama;Ingmar Bergman;1978;99;0;8.50
10/10/2021 16:30;Shine;Biography;Scott Hicks;1996;105;0;7.50
10/10/2021 13:00;Gladiator;Action;Ridley Scott;2000;155;12;7.00
10/10/2021 10:00;Planet of the Apes;Adventure;Franklin J. Schaffner;1968;112;0;8.00
09/10/2021 21:00;Kaze no tani no Naushika;Animation;Hayao Miyazaki;1984;117;0;10.00
09/10/2021 18:00;Barton Fink;Comedy;Joel Coen;1991;116;0;9.50
09/10/2021 13:00;Hamlet;Drama;Kenneth Branagh;1996;242;12;7.00
09/10/2021 10:30;"Monsters; Inc.";Animation;Pete Docter;2001;92;0;6.50
08/10/2021 13:30;Shine;Biography;Scott Hicks;1996;105;0;7.50
08/10/2021 10:30;Jojo Rabbit;Comedy;Taika Waititi;2019;108;12;7.00
07/10/2021 10:00;Bride of Frankenstein;Drama;James Whale;1935;75;12;8.50
06/10/2021 18:00;Pulp Fiction;Crime;Quentin Tarantino;1994;154;12;9.00
06/10/2021 14:00;Andrei Rublev;Biography;Andrei Tarkovsky;1966;205;16;7.00
06/10/2021 10:30;Ran;Action;Akira Kurosawa;1985;162;0;8.00
05/10/2021 12:00;The Little Mermaid;Animation;Ron Clements;1989;83;0;6.50
05/10/2021 10:00;Bronenosets Potemkin;Drama;Sergei M. Eisenstein;1925;75;12;8.50
04/10/2021 18:30;Bronenosets Potemkin;Drama;Sergei M. Eisenstein;1925;75;12;8.50
04/10/2021 13:30;Hamlet;Drama;Kenneth Branagh;1996;242;12;7.00
04/10/2021 10:30;The Verdict;Drama;Sidney Lumet;1982;129;0;8.00
03/10/2021 18:30;The Boondock Saints;Action;Troy Duffy;1999;108;16;9.50
03/10/2021 15:30;The Verdict;Drama;Sidney Lumet;1982;129;0;6.50
03/10/2021 12:30;Das Experiment;Drama;Oliver Hirschbiegel;2001;120;16;7.50
03/10/2021 10:00;"Monsters; Inc.";Animation;Pete Docter;2001;92;0;6.50
02/10/2021 17:30;Platoon;Drama;Oliver Stone;1986;120;12;8.00
02/10/2021 15:00;Billy Elliot;Drama;Stephen Daldry;2000;110;16;6.50
02/10/2021 10:30;Andrei Rublev;Biography;Andrei Tarkovsky;1966;205;16;6.50
01/10/2021 16:00;The Shop Around the Corner;Comedy;Ernst Lubitsch;1940;99;12;7.00
01/10/2021 13:00;The Verdict;Drama;Sidney Lumet;1982;129;0;7.00
01/10/2021 10:30;The Muppet Movie;Adventure;James Frawley;1979;95;0;8.50
30/09/2021 16:00;Just Mercy;Biography;Destin Daniel Cretton;2019;137;12;6.50
30/09/2021 13:30;Kaze no tani no Naushika;Animation;Hayao Miyazaki;1984;117;0;8.00
30/09/2021 10:30;Platoon;Drama;Oliver Stone;1986;120;12;8.00
29/09/2021 10:00;The Little Mermaid;Animation;Ron Clements;1989;83;0;8.00
28/09/2021 15:30;Platoon;Drama;Oliver Stone;1986;120;12;7.00
28/09/2021 13:00;Sunset Blvd.;Drama;Billy Wilder;1950;110;12;8.00
28/09/2021 10:00;The Boondock Saints;Action;Troy Duffy;1999;108;16;7.00
27/09/2021 14:30;Pulp Fiction;Crime;Quentin Tarantino;1994;154;12;6.50
27/09/2021 10:00;Andrei Rublev;Biography;Andrei Tarkovsky;1966;205;16;8.00
26/09/2021 16:00;The Shop Around the Corner;Comedy;Ernst Lubitsch;1940;99;12;8.00
26/09/2021 13:00;Bonnie and Clyde;Action;Arthur Penn;1967;111;12;6.50
26/09/2021 10:30;Mad Max 2;Action;George Miller;1981;96;12;8.00
25/09/2021 15:30;Just Mercy;Biography;Destin Daniel Cretton;2019;137;12;8.50
25/09/2021 12:30;Brazil;Drama;Terry Gilliam;1985;132;0;8.00
25/09/2021 10:00;Sunset Blvd.;Drama;Billy Wilder;1950;110;12;6.50
24/09/2021 16:00;Miller's Crossing;Crime;Joel Coen;1990;115;16;7.50
24/09/2021 12:30;Pulp Fiction;Crime;Quentin Tarantino;1994;154;12;8.50
24/09/2021 10:00;The Muppet Movie;Adventure;James Frawley;1979;95;0;8.50
23/09/2021 15:00;À bout de souffle;Crime;Jean-Luc Godard;1960;90;0;6.50
23/09/2021 12:30;Taxi Driver;Crime;Martin Scorsese;1976;114;12;7.00
23/09/2021 10:00;The Thing;Horror;John Carpenter;1982;109;12;6.50
22/09/2021 15:30;Rear Window;Mystery;Alfred Hitchcock;1954;112;0;6.50
22/09/2021 13:00;Sunset Blvd.;Drama;Billy Wilder;1950;110;12;8.50
22/09/2021 10:30;Jojo Rabbit;Comedy;Taika Waititi;2019;108;12;7.00
21/09/2021 10:00;The Shop Around the Corner;Comedy;Ernst Lubitsch;1940;99;12;7.50
20/09/2021 13:00;Gongdong gyeongbi guyeok JSA;Action;Chan-wook Park;2000;110;12;7.50
20/09/2021 10:00;Brazil;Drama;Terry Gilliam;1985;132;0;7.00
19/09/2021 15:30;Invasion of the Body Snatchers;Drama;Don Siegel;1956;80;12;7.50
19/09/2021 13:00;The Muppet Movie;Adventure;James Frawley;1979;95;0;8.00
19/09/2021 10:30;Mad Max 2;Action;George Miller;1981;96;12;6.50
18/09/2021 16:00;Goldfinger;Action;Guy Hamilton;1964;110;12;7.50
18/09/2021 13:30;Goldfinger;Action;Guy Hamilton;1964;110;12;8.50
18/09/2021 10:30;The Apartment;Comedy;Billy Wilder;1960;125;0;8.50
17/09/2021 10:30;Brazil;Drama;Terry Gilliam;1985;132;0;6.50
16/09/2021 16:00;The Little Mermaid;Animation;Ron Clements;1989;83;0;7.00
16/09/2021 13:00;Rear Window;Mystery;Alfred Hitchcock;1954;112;0;7.00
16/09/2021 10:00;Sense and Sensibility;Drama;Ang Lee;1995;136;0;7.50
15/09/2021 12:30;Invasion of the Body Snatchers;Drama;Don Siegel;1956;80;12;7.50
15/09/2021 10:00;The Little Mermaid;Animation;Ron Clements;1989;83;0;7.00
14/09/2021 13:00;Goldfinger;Action;Guy Hamilton;1964;110;12;7.00
14/09/2021 10:00;The Apartment;Comedy;Billy Wilder;1960;125;0;7.00
13/09/2021 16:30;Invasion of the Body Snatchers;Drama;Don Siegel;1956;80;12;7.00
13/09/2021 13:00;Ran;Action;Akira Kurosawa;1985;162;0;6.50
13/09/2021 10:30;The Shop Around the Corner;Comedy;Ernst Lubitsch;1940;99;12;7.50
12/09/2021 18:30;Bride of Frankenstein;Drama;James Whale;1935;75;12;9.50
12/09/2021 15:30;Indiana Jones and the Last Crusade;Action;Steven Spielberg;1989;127;0;7.00
12/09/2021 13:00;The 39 Steps;Crime;Alfred Hitchcock;1935;86;12;8.00
12/09/2021 10:00;American Beauty;Drama;Sam Mendes;1999;122;12;8.00
11/09/2021 16:00;Sunset Blvd.;Drama;Billy Wilder;1950;110;12;6.50
11/09/2021 13:30;Kind Hearts and Coronets;Comedy;Robert Hamer;1949;106;0;8.50
11/09/2021 10:30;American Beauty;Drama;Sam Mendes;1999;122;12;8.50
10/09/2021 16:30;The Muppet Movie;Adventure;James Frawley;1979;95;0;7.00
10/09/2021 13:30;Miller's Crossing;Crime;Joel Coen;1990;115;16;6.50
10/09/2021 10:00;Ran;Action;Akira Kurosawa;1985;162;0;6.50
09/09/2021 10:30;Brazil;Drama;Terry Gilliam;1985;132;0;7.00
08/09/2021 16:00;The Godfather;Crime;Francis Ford Coppola;1972;175;12;6.50
08/09/2021 13:30;The Purple Rose of Cairo;Comedy;Woody Allen;1985;82;0;7.00
08/09/2021 10:30;Raging Bull;Biography;Martin Scorsese;1980;129;12;7.50
07/09/2021 12:00;The Boondock Saints;Action;Troy Duffy;1999;108;16;8.00
07/09/2021 10:00;The Killing;Crime;Stanley Kubrick;1956;84;12;8.00
06/09/2021 13:00;Rear Window;Mystery;Alfred Hitchcock;1954;112;0;7.00
06/09/2021 10:00;The Magnificent Seven;Action;John Sturges;1960;128;12;6.50
05/09/2021 18:30;The Boondock Saints;Action;Troy Duffy;1999;108;16;8.50
05/09/2021 16:00;Bonnie and Clyde;Action;Arthur Penn;1967;111;12;7.00
05/09/2021 13:00;Raging Bull;Biography;Martin Scorsese;1980;129;12;8.00
05/09/2021 10:00;Léon;Action;Luc Besson;1994;110;12;8.00
04/09/2021 17:00;The Thing;Horror;John Carpenter;1982;109;12;8.00
04/09/2021 13:00;The Godfather;Crime;Francis Ford Coppola;1972;175;12;8.00
04/09/2021 10:30;Léon;Action;Luc Besson;1994;110;12;7.50
03/09/2021 13:00;Serpico;Biography;Sidney Lumet;1973;130;12;7.00
03/09/2021 10:30;The Thing;Horror;John Carpenter;1982;109;12;7.00
02/09/2021 13:00;Toy Story 2;Animation;John Lasseter;1999;92;0;8.00
02/09/2021 10:00;The Thing;Horror;John Carpenter;1982;109;12;7.50
01/09/2021 15:30;La passion de Jeanne d'Arc;Biography;Carl Theodor Dreyer;1928;110;12;6.50
01/09/2021 13:30;The 39 Steps;Crime;Alfred Hitchcock;1935;86;12;7.50
01/09/2021 10:30;Léon;Action;Luc Besson;1994;110;12;8.00
31/08/2021 10:30;Sunset Blvd.;Drama;Billy Wilder;1950;110;12;7.50
30/08/2021 16:00;Taxi Driver;Crime;Martin Scorsese;1976;114;12;8.50
30/08/2021 13:00;Serpico;Biography;Sidney Lumet;1973;130;12;7.00
30/08/2021 10:30;The Thing;Horror;John Carpenter;1982;109;12;6.50
29/08/2021 18:30;Bonnie and Clyde;Action;Arthur Penn;1967;111;12;9.00
29/08/2021 16:00;Billy Elliot;Drama;Stephen Daldry;2000;110;16;7.00
29/08/2021 12:30;Andaz Apna Apna;Action;Rajkumar Santoshi;1994;160;0;6.50
29/08/2021 10:00;Harold and Maude;Comedy;Hal Ashby;1971;91;6;8.00
28/08/2021 16:30;The Boondock Saints;Action;Troy Duffy;1999;108;16;7.00
28/08/2021 13:30;The Magnificent Seven;Action;John Sturges;1960;128;12;8.50
28/08/2021 10:30;The Apartment;Comedy;Billy Wilder;1960;125;0;7.50
27/08/2021 10:00;Raging Bull;Biography;Martin Scorsese;1980;129;12;7.50
26/08/2021 10:30;Ran;Action;Akira Kurosawa;1985;162;0;8.00
25/08/2021 10:00;Ran;Action;Akira Kurosawa;1985;162;0;7.50
24/08/2021 10:30;Jojo Rabbit;Comedy;Taika Waititi;2019;108;12;6.50
23/08/2021 16:30;Taxi Driver;Crime;Martin Scorsese;1976;114;12;6.50
23/08/2021 14:00;The Truman Show;Comedy;Peter Weir;1998;103;0;7.50
23/08/2021 10:30;Nuovo Cinema Paradiso;Drama;Giuseppe Tornatore;1988;155;0;8.50
22/08/2021 18:30;Toy Story 2;Animation;John Lasseter;1999;92;0;8.50
22/08/2021 16:00;The Truman Show;Comedy;Peter Weir;1998;103;0;8.00
22/08/2021 12:30;"Paris; Texas";Drama;Wim Wenders;1984;145;0;8.50
22/08/2021 10:00;Toy Story 2;Animation;John Lasseter;1999;92;0;6.50
21/08/2021 19:00;Toy Story 2;Animation;John Lasseter;1999;92;0;9.50
21/08/2021 16:30;Harold and Maude;Comedy;Hal Ashby;1971;91;6;6.50
21/08/2021 13:30;Serpico;Biography;Sidney Lumet;1973;130;12;7.50
21/08/2021 10:30;Raging Bull;Biography;Martin Scorsese;1980;129;12;8.00
20/08/2021 16:30;The Truman Show;Comedy;Peter Weir;1998;103;0;7.00
20/08/2021 12:30;La leggenda del pianista sull'oceano;Drama;Giuseppe Tornatore;1998;169;0;8.50
20/08/2021 10:00;Per un pugno di dollari;Action;Sergio Leone;1964;99;12;7.50
19/08/2021 14:00;Taxi Driver;Crime;Martin Scorsese;1976;114;12;7.00
19/08/2021 10:30;The Godfather;Crime;Francis Ford Coppola;1972;175;12;6.50
18/08/2021 16:00;Per un pugno di dollari;Action;Sergio Leone;1964;99;12;7.50
18/08/2021 13:00;Raging Bull;Biography;Martin Scorsese;1980;129;12;7.50
18/08/2021 10:00;Raging Bull;Biography;Martin Scorsese;1980;129;12;6.50
17/08/2021 10:30;Andaz Apna Apna;Action;Rajkumar Santoshi;1994;160;0;7.50
16/08/2021 10:30;La leggenda del pianista sull'oceano;Drama;Giuseppe Tornatore;1998;169;0;7.50
15/08/2021 16:00;Serpico;Biography;Sidney Lumet;1973;130;12;8.50
15/08/2021 13:30;Crimes and Misdemeanors;Comedy;Woody Allen;1989;104;12;8.50
15/08/2021 10:30;Raging Bull;Biography;Martin Scorsese;1980;129;12;7.00
14/08/2021 18:30;Nuovo Cinema Paradiso;Drama;Giuseppe Tornatore;1988;155;0;9.50
14/08/2021 16:00;Toy Story 2;Animation;John Lasseter;1999;92;0;8.00
14/08/2021 13:00;Indiana Jones and the Last Crusade;Action;Steven Spielberg;1989;127;0;6.50
14/08/2021 10:30;Sabrina;Comedy;Billy Wilder;1954;113;12;7.50
13/08/2021 10:00;I Am Sam;Drama;Jessie Nelson;2001;132;12;7.50
12/08/2021 10:00;This Is Spinal Tap;Comedy;Rob Reiner;1984;82;16;6.50
11/08/2021 13:00;Kind Hearts and Coronets;Comedy;Robert Hamer;1949;106;0;8.50
11/08/2021 10:30;The Third Man;Film-Noir;Carol Reed;1949;104;12;7.00
10/08/2021 10:00;La passion de Jeanne d'Arc;Biography;Carl Theodor Dreyer;1928;110;12;6.50
09/08/2021 10:30;Trainspotting;Drama;Danny Boyle;1996;93;12;8.50
08/08/2021 19:00;Witness for the Prosecution;Crime;Billy Wilder;1957;116;0;9.50
08/08/2021 15:30;La leggenda del pianista sull'oceano;Drama;Giuseppe Tornatore;1998;169;0;6.50
08/08/2021 12:30;Léon;Action;Luc Besson;1994;110;12;8.00
08/08/2021 10:00;The Killing;Crime;Stanley Kubrick;1956;84;12;6.50
07/08/2021 16:00;Crimes and Misdemeanors;Comedy;Woody Allen;1989;104;12;6.50
07/08/2021 13:30;Billy Elliot;Drama;Stephen Daldry;2000;110;16;8.00
07/08/2021 10:30;I Am Sam;Drama;Jessie Nelson;2001;132;12;7.00
06/08/2021 13:30;"Lock; Stock and Two Smoking Barrels";Action;Guy Ritchie;1998;107;12;7.00
06/08/2021 10:30;Dà hóng denglong gaogao guà;Drama;Yimou Zhang;1991;125;6;7.50
05/08/2021 10:00;I Am Sam;Drama;Jessie Nelson;2001;132;12;8.00
04/08/2021 15:30;Sabrina;Comedy;Billy Wilder;1954;113;12;8.00
04/08/2021 13:00;Funny Games;Crime;Michael Haneke;1997;108;12;8.50
04/08/2021 10:00;Dà hóng denglong gaogao guà;Drama;Yimou Zhang;1991;125;6;7.50
03/08/2021 16:30;The Killing;Crime;Stanley Kubrick;1956;84;12;8.50
03/08/2021 13:30;It's a Wonderful Life;Drama;Frank Capra;1946;130;6;8.00
03/08/2021 10:30;Dà hóng denglong gaogao guà;Drama;Yimou Zhang;1991;125;6;8.50
02/08/2021 10:30;The Third Man;Film-Noir;Carol Reed;1949;104;12;8.50
01/08/2021 15:30;"Paris; Texas";Drama;Wim Wenders;1984;145;0;7.00
01/08/2021 12:30;Indiana Jones and the Last Crusade;Action;Steven Spielberg;1989;127;0;6.50
01/08/2021 10:00;The Day the Earth Stood Still;Drama;Robert Wise;1951;92;0;8.00
31/07/2021 17:00;Indiana Jones and the Last Crusade;Action;Steven Spielberg;1989;127;0;7.00
31/07/2021 13:30;Gully Boy;Drama;Zoya Akhtar;2019;154;12;6.50
31/07/2021 10:30;I Am Sam;Drama;Jessie Nelson;2001;132;12;8.50
30/07/2021 16:00;Indiana Jones and the Last Crusade;Action;Steven Spielberg;1989;127;0;7.50
30/07/2021 13:00;Indiana Jones and the Last Crusade;Action;Steven Spielberg;1989;127;0;7.00
30/07/2021 10:00;I Am Sam;Drama;Jessie Nelson;2001;132;12;8.00
29/07/2021 10:00;This Is Spinal Tap;Comedy;Rob Reiner;1984;82;16;8.00
28/07/2021 15:30;Crimes and Misdemeanors;Comedy;Woody Allen;1989;104;12;7.00
28/07/2021 13:00;"Lock; Stock and Two Smoking Barrels";Action;Guy Ritchie;1998;107;12;8.50
28/07/2021 10:30;Vampire Hunter D: Bloodlust;Animation;Yoshiaki Kawajiri;2000;103;0;8.00
27/07/2021 13:30;Arsenic and Old Lace;Comedy;Frank Capra;1942;118;12;7.00
27/07/2021 10:00;La leggenda del pianista sull'oceano;Drama;Giuseppe Tornatore;1998;169;0;7.50
26/07/2021 10:00;"Lock; Stock and Two Smoking Barrels";Action;Guy Ritchie;1998;107;12;7.00
25/07/2021 16:30;Crimes and Misdemeanors;Comedy;Woody Allen;1989;104;12;6.50
25/07/2021 13:30;Dawn of the Dead;Action;George A. Romero;1978;127;12;8.50
25/07/2021 10:30;I Am Sam;Drama;Jessie Nelson;2001;132;12;6.50
24/07/2021 18:00;Short Cuts;Comedy;Robert Altman;1993;188;16;8.50
24/07/2021 15:30;Per un pugno di dollari;Action;Sergio Leone;1964;99;12;8.00
24/07/2021 13:30;This Is Spinal Tap;Comedy;Rob Reiner;1984;82;16;8.50
24/07/2021 10:30;Vertigo;Mystery;Alfred Hitchcock;1958;128;12;8.50
23/07/2021 15:30;Trois couleurs: Rouge;Drama;Krzysztof Kieslowski;1994;99;0;8.50
23/07/2021 12:30;Witness for the Prosecution;Crime;Billy Wilder;1957;116;0;8.00
23/07/2021 10:00;Dazed and Confused;Comedy;Richard Linklater;1993;102;0;7.50
22/07/2021 10:00;Crimes and Misdemeanors;Comedy;Woody Allen;1989;104;12;6.50
21/07/2021 15:00;The Day the Earth Stood Still;Drama;Robert Wise;1951;92;0;7.00
21/07/2021 10:30;Andrei Rublev;Biography;Andrei Tarkovsky;1966;205;16;7.50
20/07/2021 13:00;Soorarai Pottru;Drama;Sudha Kongara;2020;153;0;7.00
20/07/2021 10:30;The Day the Earth Stood Still;Drama;Robert Wise;1951;92;0;8.00
19/07/2021 10:00;"Paris; Texas";Drama;Wim Wenders;1984;145;0;8.00
18/07/2021 16:00;Fried Green Tomatoes;Drama;Jon Avnet;1991;130;12;8.00
18/07/2021 13:30;This Is Spinal Tap;Comedy;Rob Reiner;1984;82;16;8.50
18/07/2021 10:30;"Paris; Texas";Drama;Wim Wenders;1984;145;0;6.50
17/07/2021 19:00;No Man's Land;Comedy;Danis Tanovic;2001;98;16;9.50
17/07/2021 16:00;Fried Green Tomatoes;Drama;Jon Avnet;1991;130;12;7.00
17/07/2021 13:00;8½;Drama;Federico Fellini;1963;138;12;8.00
17/07/2021 10:30;Harold and Maude;Comedy;Hal Ashby;1971;91;6;8.50
16/07/2021 10:00;Once Upon a Time... in Hollywood;Comedy;Quentin Tarantino;2019;161;12;6.50
15/07/2021 14:00;Soorarai Pottru;Drama;Sudha Kongara;2020;153;0;7.00
15/07/2021 10:00;Sholay;Action;Ramesh Sippy;1975;204;0;8.00
14/07/2021 14:00;Where Eagles Dare;Action;Brian G. Hutton;1968;158;0;7.50
14/07/2021 10:30;"Paris; Texas";Drama;Wim Wenders;1984;145;0;6.50
13/07/2021 10:00;Where Eagles Dare;Action;Brian G. Hutton;1968;158;0;6.50
12/07/2021 16:00;Vampire Hunter D: Bloodlust;Animation;Yoshiaki Kawajiri;2000;103;0;8.00
12/07/2021 13:30;Sabrina;Comedy;Billy Wilder;1954;113;12;7.00
12/07/2021 10:30;Vertigo;Mystery;Alfred Hitchcock;1958;128;12;7.00
11/07/2021 16:00;Where Eagles Dare;Action;Brian G. Hutton;1968;158;0;7.50
11/07/2021 13:00;Arsenic and Old Lace;Comedy;Frank Capra;1942;118;12;8.50
11/07/2021 10:30;Harold and Maude;Comedy;Hal Ashby;1971;91;6;8.00
10/07/2021 18:30;Dawn of the Dead;Action;George A. Romero;1978;127;12;9.00
10/07/2021 16:00;Trois couleurs: Rouge;Drama;Krzysztof Kieslowski;1994;99;0;7.50
10/07/2021 12:30;Scent of a Woman;Drama;Martin Brest;1992;156;12;7.00
10/07/2021 10:00;Per un pugno di dollari;Action;Sergio Leone;1964;99;12;7.00
09/07/2021 13:30;Crimes and Misdemeanors;Comedy;Woody Allen;1989;104;12;8.50
09/07/2021 10:30;Dawn of the Dead;Action;George A. Romero;1978;127;12;7.50
08/07/2021 10:00;Gully Boy;Drama;Zoya Akhtar;2019;154;12;8.00
07/07/2021 10:30;Once Upon a Time... in Hollywood;Comedy;Quentin Tarantino;2019;161;12;8.00
06/07/2021 10:00;Dazed and Confused;Comedy;Richard Linklater;1993;102;0;7.00
05/07/2021 16:00;In a Lonely Place;Drama;Nicholas Ray;1950;94;12;7.00
05/07/2021 13:00;Fried Green Tomatoes;Drama;Jon Avnet;1991;130;12;7.00
05/07/2021 10:30;Funny Games;Crime;Michael Haneke;1997;108;12;7.50
04/07/2021 15:30;In a Lonely Place;Drama;Nicholas Ray;1950;94;12;6.50
04/07/2021 13:30;Knockin' on Heaven's Door;Action;Thomas Jahn;1997;87;12;6.50
04/07/2021 10:00;Nuovo Cinema Paradiso;Drama;Giuseppe Tornatore;1988;155;0;7.50
03/07/2021 15:30;Once Upon a Time... in Hollywood;Comedy;Quentin Tarantino;2019;161;12;8.00
03/07/2021 13:00;Arsenic and Old Lace;Comedy;Frank Capra;1942;118;12;7.00
03/07/2021 10:30;Brief Encounter;Drama;David Lean;1945;86;0;8.00
02/07/2021 13:00;Ford v Ferrari;Action;James Mangold;2019;152;12;8.00
02/07/2021 10:30;Vampire Hunter D: Bloodlust;Animation;Yoshiaki Kawajiri;2000;103;0;7.00
01/07/2021 13:00;The Gold Rush;Adventure;Charles Chaplin;1925;95;12;6.50
01/07/2021 10:00;"Crna macka; beli macor";Comedy;Emir Kusturica;1998;127;16;8.00
30/06/2021 15:30;"Planes; Trains & Automobiles";Comedy;John Hughes;1987;93;0;7.50
30/06/2021 13:00;The Princess Bride;Adventure;Rob Reiner;1987;98;0;8.00
30/06/2021 10:30;Vampire Hunter D: Bloodlust;Animation;Yoshiaki Kawajiri;2000;103;0;8.00
29/06/2021 10:00;Brief Encounter;Drama;David Lean;1945;86;0;8.00
28/06/2021 16:00;"Planes; Trains & Automobiles";Comedy;John Hughes;1987;93;0;6.50
28/06/2021 13:30;The Princess Bride;Adventure;Rob Reiner;1987;98;0;7.50
28/06/2021 10:30;Jaws;Adventure;Steven Spielberg;1975;124;12;6.50
27/06/2021 19:30;The Princess Bride;Adventure;Rob Reiner;1987;98;0;9.50
27/06/2021 16:00;Once Upon a Time... in Hollywood;Comedy;Quentin Tarantino;2019;161;12;7.50
27/06/2021 13:30;Trois couleurs: Rouge;Drama;Krzysztof Kieslowski;1994;99;0;8.50
27/06/2021 10:30;Alien;Horror;Ridley Scott;1979;117;16;8.50
26/06/2021 18:30;The Lost Weekend;Drama;Billy Wilder;1945;101;12;9.00
26/06/2021 16:00;Harold and Maude;Comedy;Hal Ashby;1971;91;6;8.00
26/06/2021 13:30;Sabrina;Comedy;Billy Wilder;1954;113;12;7.00
26/06/2021 10:30;Omohide poro poro;Animation;Isao Takahata;1991;118;0;8.50
25/06/2021 12:30;"Planes; Trains & Automobiles";Comedy;John Hughes;1987;93;0;8.50
25/06/2021 10:00;Alien;Horror;Ridley Scott;1979;117;16;8.00
24/06/2021 13:00;Scarface: The Shame of the Nation;Action;Howard Hawks;1932;93;6;7.00
24/06/2021 10:00;Primal Fear;Crime;Gregory Hoblit;1996;129;12;8.50
23/06/2021 15:30;It's a Wonderful Life;Drama;Frank Capra;1946;130;6;8.00
23/06/2021 13:00;Dazed and Confused;Comedy;Richard Linklater;1993;102;0;8.50
23/06/2021 10:30;Dazed and Confused;Comedy;Richard Linklater;1993;102;0;7.50
22/06/2021 12:00;In a Lonely Place;Drama;Nicholas Ray;1950;94;12;6.50
22/06/2021 10:00;Invasion of the Body Snatchers;Drama;Don Siegel;1956;80;12;8.00
21/06/2021 13:30;Fried Green Tomatoes;Drama;Jon Avnet;1991;130;12;8.50
21/06/2021 10:30;8½;Drama;Federico Fellini;1963;138;12;8.50
20/06/2021 19:00;Where Eagles Dare;Action;Brian G. Hutton;1968;158;0;9.00
20/06/2021 15:30;Nuovo Cinema Paradiso;Drama;Giuseppe Tornatore;1988;155;0;6.50
20/06/2021 12:30;"Crna macka; beli macor";Comedy;Emir Kusturica;1998;127;16;8.50
20/06/2021 10:00;Vampire Hunter D: Bloodlust;Animation;Yoshiaki Kawajiri;2000;103;0;7.00
19/06/2021 15:00;Y tu mamá también;Drama;Alfonso Cuarón;2001;106;12;8.50
19/06/2021 12:30;Scarface: The Shame of the Nation;Action;Howard Hawks;1932;93;6;8.50
19/06/2021 10:00;Dark City;Mystery;Alex Proyas;1998;100;12;8.50
18/06/2021 10:00;Harold and Maude;Comedy;Hal Ashby;1971;91;6;8.00
17/06/2021 15:30;Trois couleurs: Rouge;Drama;Krzysztof Kieslowski;1994;99;0;7.00
17/06/2021 13:00;Dazed and Confused;Comedy;Richard Linklater;1993;102;0;6.50
17/06/2021 10:00;"Crna macka; beli macor";Comedy;Emir Kusturica;1998;127;16;8.50
16/06/2021 12:00;Brief Encounter;Drama;David Lean;1945;86;0;7.00
16/06/2021 10:00;Brief Encounter;Drama;David Lean;1945;86;0;7.50
15/06/2021 12:30;Gully Boy;Drama;Zoya Akhtar;2019;154;12;8.50
15/06/2021 10:00;Vizontele;Comedy;Yilmaz Erdogan;2001;110;12;7.00
14/06/2021 10:00;Omohide poro poro;Animation;Isao Takahata;1991;118;0;6.50
13/06/2021 20:30;Scent of a Woman;Drama;Martin Brest;1992;156;12;10.00
13/06/2021 17:30;Jaws;Adventure;Steven Spielberg;1975;124;12;8.50
13/06/2021 14:00;Gully Boy;Drama;Zoya Akhtar;2019;154;12;8.50
13/06/2021 10:30;Soorarai Pottru;Drama;Sudha Kongara;2020;153;0;7.00
12/06/2021 16:00;The Princess Bride;Adventure;Rob Reiner;1987;98;0;8.00
12/06/2021 12:30;Gully Boy;Drama;Zoya Akhtar;2019;154;12;6.50
12/06/2021 10:00;Trois couleurs: Rouge;Drama;Krzysztof Kieslowski;1994;99;0;7.50
11/06/2021 16:30;Vertigo;Mystery;Alfred Hitchcock;1958;128;12;8.50
11/06/2021 13:30;Vizontele;Comedy;Yilmaz Erdogan;2001;110;12;7.00
11/06/2021 10:00;Soorarai Pottru;Drama;Sudha Kongara;2020;153;0;8.50
10/06/2021 16:30;Singin' in the Rain;Comedy;Stanley Donen;1952;103;0;6.50
10/06/2021 13:00;Scent of a Woman;Drama;Martin Brest;1992;156;12;8.00
10/06/2021 10:30;Bacheha-Ye aseman;Drama;Majid Majidi;1997;89;6;7.00
09/06/2021 16:30;Jaws;Adventure;Steven Spielberg;1975;124;12;7.50
09/06/2021 13:00;Nuovo Cinema Paradiso;Drama;Giuseppe Tornatore;1988;155;0;8.50
09/06/2021 10:00;Alien;Horror;Ridley Scott;1979;117;16;6.50
08/06/2021 10:30;Ford v Ferrari;Action;James Mangold;2019;152;12;7.50
07/06/2021 10:00;Alien;Horror;Ridley Scott;1979;117;16;6.50
06/06/2021 15:30;Alien;Horror;Ridley Scott;1979;117;16;8.50
06/06/2021 13:00;Harvey;Comedy;Henry Koster;1950;104;12;8.50
06/06/2021 10:30;Dazed and Confused;Comedy;Richard Linklater;1993;102;0;8.50
05/06/2021 18:00;Dom za vesanje;Comedy;Emir Kusturica;1988;142;16;8.50
05/06/2021 15:30;On Golden Pond;Drama;Mark Rydell;1981;109;12;7.00
05/06/2021 13:00;Being John Malkovich;Comedy;Spike Jonze;1999;113;16;7.50
05/06/2021 10:00;Night on Earth;Comedy;Jim Jarmusch;1991;129;16;7.50
04/06/2021 10:30;Trois couleurs: Rouge;Drama;Krzysztof Kieslowski;1994;99;0;8.00
03/06/2021 14:00;Scent of a Woman;Drama;Martin Brest;1992;156;12;8.00
03/06/2021 10:00;Dances with Wolves;Adventure;Kevin Costner;1990;181;0;8.00
02/06/2021 16:30;Rupan sansei: Kariosutoro no shiro;Animation;Hayao Miyazaki;1979;100;0;6.50
02/06/2021 13:00;Dom za vesanje;Comedy;Emir Kusturica;1988;142;16;8.50
02/06/2021 10:00;It's a Wonderful Life;Drama;Frank Capra;1946;130;6;8.00
01/06/2021 13:00;Jaws;Adventure;Steven Spielberg;1975;124;12;8.00
01/06/2021 10:00;Dom za vesanje;Comedy;Emir Kusturica;1988;142;16;7.00
31/05/2021 12:30;Night on Earth;Comedy;Jim Jarmusch;1991;129;16;8.00
31/05/2021 10:00;On Golden Pond;Drama;Mark Rydell;1981;109;12;8.50
30/05/2021 17:00;Singin' in the Rain;Comedy;Stanley Donen;1952;103;0;8.50
30/05/2021 14:00;Amélie;Comedy;Jean-Pierre Jeunet;2001;122;0;8.00
30/05/2021 12:00;Duck Soup;Comedy;Leo McCarey;1933;69;12;8.00
30/05/2021 10:00;The Iron Giant;Animation;Brad Bird;1999;86;6;8.50
29/05/2021 18:30;Primal Fear;Crime;Gregory Hoblit;1996;129;12;10.00
29/05/2021 16:00;Vizontele;Comedy;Yilmaz Erdogan;2001;110;12;8.00
29/05/2021 13:00;Vizontele;Comedy;Yilmaz Erdogan;2001;110;12;8.00
29/05/2021 10:00;Ikiru;Drama;Akira Kurosawa;1952;143;12;6.50
28/05/2021 16:00;Todo sobre mi madre;Drama;Pedro Almodóvar;1999;101;16;7.00
28/05/2021 13:00;True Romance;Crime;Tony Scott;1993;119;16;6.50
28/05/2021 10:30;The Boondock Saints;Action;Troy Duffy;1999;108;16;7.50
27/05/2021 15:30;"Planes; Trains & Automobiles";Comedy;John Hughes;1987;93;0;6.50
27/05/2021 12:30;Jaws;Adventure;Steven Spielberg;1975;124;12;8.50
27/05/2021 10:00;"Planes; Trains & Automobiles";Comedy;John Hughes;1987;93;0;7.50
26/05/2021 16:30;"Crna macka; beli macor";Comedy;Emir Kusturica;1998;127;16;8.00
26/05/2021 13:00;Pulp Fiction;Crime;Quentin Tarantino;1994;154;12;8.00
26/05/2021 10:30;The Truman Show;Comedy;Peter Weir;1998;103;0;8.50
25/05/2021 10:00;High Noon;Drama;Fred Zinnemann;1952;85;6;7.00
24/05/2021 16:00;Ford v Ferrari;Action;James Mangold;2019;152;12;7.00
24/05/2021 13:00;Unforgiven;Drama;Clint Eastwood;1992;130;12;8.00
24/05/2021 10:30;The Princess Bride;Adventure;Rob Reiner;1987;98;0;7.00
23/05/2021 18:00;Bacheha-Ye aseman;Drama;Majid Majidi;1997;89;6;8.50
23/05/2021 15:30;Sunset Blvd.;Drama;Billy Wilder;1950;110;12;8.50
23/05/2021 12:30;It's a Wonderful Life;Drama;Frank Capra;1946;130;6;6.50
23/05/2021 10:00;The Iron Giant;Animation;Brad Bird;1999;86;6;7.50
22/05/2021 18:30;Amélie;Comedy;Jean-Pierre Jeunet;2001;122;0;9.50
22/05/2021 16:00;Todo sobre mi madre;Drama;Pedro Almodóvar;1999;101;16;8.50
22/05/2021 13:00;Jaws;Adventure;Steven Spielberg;1975;124;12;7.00
22/05/2021 10:30;Being John Malkovich;Comedy;Spike Jonze;1999;113;16;7.00
21/05/2021 16:30;Bacheha-Ye aseman;Drama;Majid Majidi;1997;89;6;7.00
21/05/2021 13:00;Ikiru;Drama;Akira Kurosawa;1952;143;12;7.50
21/05/2021 10:00;Primal Fear;Crime;Gregory Hoblit;1996;129;12;6.50
20/05/2021 10:30;The Boondock Saints;Action;Troy Duffy;1999;108;16;7.00
19/05/2021 13:30;Dances with Wolves;Adventure;Kevin Costner;1990;181;0;7.50
19/05/2021 10:00;Ford v Ferrari;Action;James Mangold;2019;152;12;7.50
18/05/2021 13:00;Pulp Fiction;Crime;Quentin Tarantino;1994;154;12;7.00
18/05/2021 10:00;Primal Fear;Crime;Gregory Hoblit;1996;129;12;7.00
17/05/2021 16:00;Harvey;Comedy;Henry Koster;1950;104;12;8.50
17/05/2021 13:00;Amélie;Comedy;Jean-Pierre Jeunet;2001;122;0;8.50
17/05/2021 10:30;The Princess Bride;Adventure;Rob Reiner;1987;98;0;8.00
16/05/2021 18:00;Unforgiven;Drama;Clint Eastwood;1992;130;12;8.50
16/05/2021 15:00;Jaws;Adventure;Steven Spielberg;1975;124;12;7.00
16/05/2021 12:30;The Princess Bride;Adventure;Rob Reiner;1987;98;0;8.00
16/05/2021 10:00;The Princess Bride;Adventure;Rob Reiner;1987;98;0;8.00
15/05/2021 17:30;Duck Soup;Comedy;Leo McCarey;1933;69;12;8.00
15/05/2021 15:00;Being John Malkovich;Comedy;Spike Jonze;1999;113;16;7.50
15/05/2021 12:30;The Sandlot;Comedy;David Mickey Evans;1993;101;0;8.00
15/05/2021 10:00;The Princess Bride;Adventure;Rob Reiner;1987;98;0;7.50
14/05/2021 10:00;Primal Fear;Crime;Gregory Hoblit;1996;129;12;6.50
13/05/2021 13:30;Ford v Ferrari;Action;James Mangold;2019;152;12;7.00
13/05/2021 10:30;Primal Fear;Crime;Gregory Hoblit;1996;129;12;8.00
12/05/2021 13:30;Sunset Blvd.;Drama;Billy Wilder;1950;110;12;8.50
12/05/2021 10:30;True Romance;Crime;Tony Scott;1993;119;16;6.50
11/05/2021 10:00;Ford v Ferrari;Action;James Mangold;2019;152;12;7.00
10/05/2021 10:00;Ford v Ferrari;Action;James Mangold;2019;152;12;7.50
09/05/2021 15:30;Duck Soup;Comedy;Leo McCarey;1933;69;12;8.50
09/05/2021 13:30;Duck Soup;Comedy;Leo McCarey;1933;69;12;7.00
09/05/2021 10:30;Dead Poets Society;Comedy;Peter Weir;1989;128;0;6.50
08/05/2021 16:00;Being John Malkovich;Comedy;Spike Jonze;1999;113;16;6.50
08/05/2021 13:00;True Romance;Crime;Tony Scott;1993;119;16;6.50
08/05/2021 10:30;The Peanut Butter Falcon;Adventure;Tyler Nilson;2019;97;12;8.50
07/05/2021 13:30;The Sandlot;Comedy;David Mickey Evans;1993;101;0;8.00
07/05/2021 10:30;It's a Wonderful Life;Drama;Frank Capra;1946;130;6;7.50
06/05/2021 12:30;Dead Poets Society;Comedy;Peter Weir;1989;128;0;8.50
06/05/2021 10:00;The Truman Show;Comedy;Peter Weir;1998;103;0;7.00
05/05/2021 10:30;Y tu mamá también;Drama;Alfonso Cuarón;2001;106;12;8.00
04/05/2021 15:30;Harvey;Comedy;Henry Koster;1950;104;12;7.50
04/05/2021 13:00;The Truman Show;Comedy;Peter Weir;1998;103;0;7.00
04/05/2021 10:00;Sunset Blvd.;Drama;Billy Wilder;1950;110;12;6.50
03/05/2021 17:30;Being There;Comedy;Hal Ashby;1979;130;6;7.00
03/05/2021 14:30;Tengoku to jigoku;Crime;Akira Kurosawa;1963;143;12;8.50
03/05/2021 10:30;Dances with Wolves;Adventure;Kevin Costner;1990;181;0;7.50
02/05/2021 15:00;The Truman Show;Comedy;Peter Weir;1998;103;0;6.50
02/05/2021 13:00;Duck Soup;Comedy;Leo McCarey;1933;69;12;8.50
02/05/2021 10:30;Y tu mamá también;Drama;Alfonso Cuarón;2001;106;12;7.50
01/05/2021 14:00;Il conformista;Drama;Bernardo Bertolucci;1970;113;12;8.00
01/05/2021 12:00;Batman: Mask of the Phantasm;Animation;Kevin Altieri;1993;76;6;6.50
01/05/2021 10:00;Duck Soup;Comedy;Leo McCarey;1933;69;12;8.00
30/04/2021 15:30;Dances with Wolves;Adventure;Kevin Costner;1990;181;0;6.50
30/04/2021 13:00;The Sandlot;Comedy;David Mickey Evans;1993;101;0;8.50
30/04/2021 10:30;The Searchers;Adventure;John Ford;1956;119;12;6.50
29/04/2021 10:30;Bacheha-Ye aseman;Drama;Majid Majidi;1997;89;6;7.00
28/04/2021 16:30;Trois couleurs: Blanc;Comedy;Krzysztof Kieslowski;1994;92;0;7.00
28/04/2021 13:30;True Romance;Crime;Tony Scott;1993;119;16;8.50
28/04/2021 10:30;Blow;Biography;Ted Demme;2001;124;16;7.50
27/04/2021 10:30;The Boondock Saints;Action;Troy Duffy;1999;108;16;6.50
26/04/2021 12:00;Blow;Biography;Ted Demme;2001;124;16;7.50
26/04/2021 10:00;Batman: Mask of the Phantasm;Animation;Kevin Altieri;1993;76;6;8.50
25/04/2021 17:30;Il conformista;Drama;Bernardo Bertolucci;1970;113;12;7.00
25/04/2021 15:00;Trois couleurs: Blanc;Comedy;Krzysztof Kieslowski;1994;92;0;7.50
25/04/2021 12:30;Le notti di Cabiria;Drama;Federico Fellini;1957;110;12;8.50
25/04/2021 10:00;The Boondock Saints;Action;Troy Duffy;1999;108;16;6.50
24/04/2021 16:30;Il conformista;Drama;Bernardo Bertolucci;1970;113;12;7.00
24/04/2021 13:30;Les diaboliques;Crime;Henri-Georges Clouzot;1955;117;12;8.50
24/04/2021 10:30;Il conformista;Drama;Bernardo Bertolucci;1970;113;12;7.50
23/04/2021 15:30;Il conformista;Drama;Bernardo Bertolucci;1970;113;12;8.50
23/04/2021 12:30;Network;Drama;Sidney Lumet;1976;121;12;8.00
23/04/2021 10:00;Sunset Blvd.;Drama;Billy Wilder;1950;110;12;6.50
22/04/2021 10:30;The Boondock Saints;Action;Troy Duffy;1999;108;16;7.50
21/04/2021 15:30;The Nightmare Before Christmas;Animation;Henry Selick;1993;76;0;8.00
21/04/2021 13:00;The Sandlot;Comedy;David Mickey Evans;1993;101;0;8.50
21/04/2021 10:00;The Shawshank Redemption;Drama;Frank Darabont;1994;142;12;6.50
20/04/2021 13:00;Dead Poets Society;Comedy;Peter Weir;1989;128;0;8.00
20/04/2021 10:30;Toy Story 4;Animation;Josh Cooley;2019;100;0;8.50
19/04/2021 16:00;Blow;Biography;Ted Demme;2001;124;16;7.50
19/04/2021 13:00;Being There;Comedy;Hal Ashby;1979;130;6;8.00
19/04/2021 10:30;Bacheha-Ye aseman;Drama;Majid Majidi;1997;89;6;7.50
18/04/2021 15:00;The Searchers;Adventure;John Ford;1956;119;12;8.00
18/04/2021 12:30;Y tu mamá también;Drama;Alfonso Cuarón;2001;106;12;6.50
18/04/2021 10:00;The French Connection;Action;William Friedkin;1971;104;12;8.00
17/04/2021 19:00;Trois couleurs: Blanc;Comedy;Krzysztof Kieslowski;1994;92;0;9.00
17/04/2021 16:30;Dip huet seung hung;Action;John Woo;1989;111;16;7.50
17/04/2021 13:30;Alien;Horror;Ridley Scott;1979;117;16;6.50
17/04/2021 10:30;E.T. the Extra-Terrestrial;Family;Steven Spielberg;1982;115;0;6.50
16/04/2021 12:30;E.T. the Extra-Terrestrial;Family;Steven Spielberg;1982;115;0;6.50
16/04/2021 10:00;Il conformista;Drama;Bernardo Bertolucci;1970;113;12;6.50
15/04/2021 16:00;E.T. the Extra-Terrestrial;Family;Steven Spielberg;1982;115;0;7.50
15/04/2021 13:30;Office Space;Comedy;Mike Judge;1999;89;16;7.50
15/04/2021 10:30;Being There;Comedy;Hal Ashby;1979;130;6;7.00
14/04/2021 16:30;Chung Hing sam lam;Comedy;Kar-Wai Wong;1994;102;0;8.00
14/04/2021 13:30;The Trial of the Chicago 7;Drama;Aaron Sorkin;2020;129;16;8.50
14/04/2021 10:30;Being There;Comedy;Hal Ashby;1979;130;6;6.50
13/04/2021 16:00;La vita è bella;Comedy;Roberto Benigni;1997;116;0;8.00
13/04/2021 13:00;Being There;Comedy;Hal Ashby;1979;130;6;6.50
13/04/2021 10:00;Remember the Titans;Biography;Boaz Yakin;2000;113;0;7.50
12/04/2021 15:30;La battaglia di Algeri;Drama;Gillo Pontecorvo;1966;121;12;7.50
12/04/2021 13:00;Sunset Blvd.;Drama;Billy Wilder;1950;110;12;6.50
12/04/2021 10:30;Chung Hing sam lam;Comedy;Kar-Wai Wong;1994;102;0;8.00
11/04/2021 18:30;Lifeboat;Drama;Alfred Hitchcock;1944;97;12;9.50
11/04/2021 16:00;Toy Story 4;Animation;Josh Cooley;2019;100;0;7.50
11/04/2021 13:00;Dead Poets Society;Comedy;Peter Weir;1989;128;0;7.00
11/04/2021 10:30;Chung Hing sam lam;Comedy;Kar-Wai Wong;1994;102;0;7.00
10/04/2021 16:00;The Trial of the Chicago 7;Drama;Aaron Sorkin;2020;129;16;6.50
10/04/2021 13:00;E.T. the Extra-Terrestrial;Family;Steven Spielberg;1982;115;0;8.50
10/04/2021 10:30;Jûbê ninpûchô;Animation;Yoshiaki Kawajiri;1993;94;12;7.50
09/04/2021 10:30;La vita è bella;Comedy;Roberto Benigni;1997;116;0;7.00
08/04/2021 13:30;Harvey;Comedy;Henry Koster;1950;104;12;7.50
08/04/2021 10:30;Dead Poets Society;Comedy;Peter Weir;1989;128;0;8.00
07/04/2021 15:30;Toy Story 4;Animation;Josh Cooley;2019;100;0;7.50
07/04/2021 13:00;Lifeboat;Drama;Alfred Hitchcock;1944;97;12;8.50
07/04/2021 10:30;La vita è bella;Comedy;Roberto Benigni;1997;116;0;8.50
06/04/2021 10:00;E.T. the Extra-Terrestrial;Family;Steven Spielberg;1982;115;0;7.00
05/04/2021 13:30;Toy Story 4;Animation;Josh Cooley;2019;100;0;8.50
05/04/2021 10:00;The Shawshank Redemption;Drama;Frank Darabont;1994;142;12;6.50
04/04/2021 18:30;The Peanut Butter Falcon;Adventure;Tyler Nilson;2019;97;12;8.50
04/04/2021 16:00;La passion de Jeanne d'Arc;Biography;Carl Theodor Dreyer;1928;110;12;8.00
04/04/2021 13:00;The Shawshank Redemption;Drama;Frank Darabont;1994;142;12;7.00
04/04/2021 10:30;Y tu mamá también;Drama;Alfonso Cuarón;2001;106;12;7.50
03/04/2021 16:30;Jûbê ninpûchô;Animation;Yoshiaki Kawajiri;1993;94;12;6.50
03/04/2021 14:00;The Peanut Butter Falcon;Adventure;Tyler Nilson;2019;97;12;6.50
03/04/2021 10:30;Hamilton;Biography;Thomas Kail;2020;160;12;7.00
02/04/2021 12:30;The Trial of the Chicago 7;Drama;Aaron Sorkin;2020;129;16;7.00
02/04/2021 10:00;La passion de Jeanne d'Arc;Biography;Carl Theodor Dreyer;1928;110;12;8.50
01/04/2021 15:00;Toy Story 4;Animation;Josh Cooley;2019;100;0;8.00
01/04/2021 12:30;Sunset Blvd.;Drama;Billy Wilder;1950;110;12;7.50
01/04/2021 10:00;Remember the Titans;Biography;Boaz Yakin;2000;113;0;7.00
31/03/2021 10:00;Office Space;Comedy;Mike Judge;1999;89;16;6.50
30/03/2021 13:30;Le notti di Cabiria;Drama;Federico Fellini;1957;110;12;8.50
30/03/2021 10:30;Dog Day Afternoon;Biography;Sidney Lumet;1975;125;0;6.50
29/03/2021 10:00;La battaglia di Algeri;Drama;Gillo Pontecorvo;1966;121;12;8.00
28/03/2021 15:30;Lat sau san taam;Action;John Woo;1992;128;16;7.50
28/03/2021 13:00;Trois couleurs: Blanc;Comedy;Krzysztof Kieslowski;1994;92;0;8.00
28/03/2021 10:30;The Innocents;Horror;Jack Clayton;1961;100;12;7.50
27/03/2021 16:00;The Searchers;Adventure;John Ford;1956;119;12;8.50
27/03/2021 13:30;The French Connection;Action;William Friedkin;1971;104;12;7.50
27/03/2021 10:30;The Searchers;Adventure;John Ford;1956;119;12;7.00
26/03/2021 15:30;Y tu mamá también;Drama;Alfonso Cuarón;2001;106;12;8.50
26/03/2021 12:30;Der Name der Rose;Crime;Jean-Jacques Annaud;1986;130;16;8.00
26/03/2021 10:00;Lifeboat;Drama;Alfred Hitchcock;1944;97;12;6.50
25/03/2021 14:30;La dolce vita;Comedy;Federico Fellini;1960;174;12;8.00
25/03/2021 12:00;The French Connection;Action;William Friedkin;1971;104;12;8.50
25/03/2021 10:00;Rope;Crime;Alfred Hitchcock;1948;80;12;8.50
24/03/2021 15:30;8½;Drama;Federico Fellini;1963;138;12;6.50
24/03/2021 13:00;Lifeboat;Drama;Alfred Hitchcock;1944;97;12;7.00
24/03/2021 10:00;Remember the Titans;Biography;Boaz Yakin;2000;113;0;7.50
23/03/2021 10:00;Y tu mamá también;Drama;Alfonso Cuarón;2001;106;12;7.00
22/03/2021 13:00;Toy Story 4;Animation;Josh Cooley;2019;100;0;8.00
22/03/2021 10:00;Dog Day Afternoon;Biography;Sidney Lumet;1975;125;0;7.50
21/03/2021 20:00;Dog Day Afternoon;Biography;Sidney Lumet;1975;125;0;9.00
21/03/2021 17:30;Jûbê ninpûchô;Animation;Yoshiaki Kawajiri;1993;94;12;6.50
21/03/2021 14:30;Network;Drama;Sidney Lumet;1976;121;12;7.00
21/03/2021 10:30;Braveheart;Biography;Mel Gibson;1995;178;12;7.00
20/03/2021 17:30;The French Connection;Action;William Friedkin;1971;104;12;6.50
20/03/2021 15:00;The French Connection;Action;William Friedkin;1971;104;12;7.50
20/03/2021 12:30;Cape Fear;Drama;J. Lee Thompson;1962;106;12;7.50
20/03/2021 10:00;Lifeboat;Drama;Alfred Hitchcock;1944;97;12;6.50
19/03/2021 15:00;La passion de Jeanne d'Arc;Biography;Carl Theodor Dreyer;1928;110;12;6.50
19/03/2021 12:30;Jûbê ninpûchô;Animation;Yoshiaki Kawajiri;1993;94;12;8.50
19/03/2021 10:00;The French Connection;Action;William Friedkin;1971;104;12;7.50
18/03/2021 10:00;Dirty Harry;Action;Don Siegel;1971;102;12;8.50
17/03/2021 13:00;Braveheart;Biography;Mel Gibson;1995;178;12;7.50
17/03/2021 10:00;E.T. the Extra-Terrestrial;Family;Steven Spielberg;1982;115;0;7.00
16/03/2021 10:30;Remember the Titans;Biography;Boaz Yakin;2000;113;0;6.50
15/03/2021 13:00;The Ten Commandments;Adventure;Cecil B. DeMille;1956;220;0;7.00
15/03/2021 10:30;The Last of the Mohicans;Action;Michael Mann;1992;112;12;7.00
14/03/2021 17:00;The Searchers;Adventure;John Ford;1956;119;12;6.50
14/03/2021 14:00;8½;Drama;Federico Fellini;1963;138;12;8.50
14/03/2021 10:30;Fitzcarraldo;Adventure;Werner Herzog;1982;158;16;8.00
13/03/2021 15:30;La dolce vita;Comedy;Federico Fellini;1960;174;12;8.50
13/03/2021 13:00;The Innocents;Horror;Jack Clayton;1961;100;12;8.00
13/03/2021 10:30;Cape Fear;Drama;J. Lee Thompson;1962;106;12;6.50
12/03/2021 13:30;Dog Day Afternoon;Biography;Sidney Lumet;1975;125;0;7.50
12/03/2021 10:00;Amores perros;Drama;Alejandro G. Iñárritu;2000;154;12;7.00
11/03/2021 10:30;Amores perros;Drama;Alejandro G. Iñárritu;2000;154;12;6.50
10/03/2021 13:00;The Last of the Mohicans;Action;Michael Mann;1992;112;12;8.50
10/03/2021 10:00;La passion de Jeanne d'Arc;Biography;Carl Theodor Dreyer;1928;110;12;8.50
09/03/2021 15:30;The Jungle Book;Animation;Wolfgang Reitherman;1967;78;0;7.00
09/03/2021 13:00;Cape Fear;Drama;J. Lee Thompson;1962;106;12;7.50
09/03/2021 10:00;E.T. the Extra-Terrestrial;Family;Steven Spielberg;1982;115;0;7.50
08/03/2021 13:00;Lat sau san taam;Action;John Woo;1992;128;16;8.50
08/03/2021 10:00;Network;Drama;Sidney Lumet;1976;121;12;6.50
07/03/2021 16:00;Harry Potter and the Sorcerer's Stone;Adventure;Chris Columbus;2001;152;0;7.50
07/03/2021 13:00;Lat sau san taam;Action;John Woo;1992;128;16;8.50
07/03/2021 10:00;Lat sau san taam;Action;John Woo;1992;128;16;8.50
06/03/2021 17:00;Toy Story 4;Animation;Josh Cooley;2019;100;0;7.50
06/03/2021 15:00;Persona;Drama;Ingmar Bergman;1966;85;12;8.50
06/03/2021 12:30;"Aguirre; der Zorn Gottes";Action;Werner Herzog;1972;95;12;7.50
06/03/2021 10:00;The Last of the Mohicans;Action;Michael Mann;1992;112;12;7.00
05/03/2021 13:00;Jûbê ninpûchô;Animation;Yoshiaki Kawajiri;1993;94;12;7.50
05/03/2021 10:00;Rebecca;Drama;Alfred Hitchcock;1940;130;12;8.00
04/03/2021 16:30;La battaglia di Algeri;Drama;Gillo Pontecorvo;1966;121;12;8.00
04/03/2021 13:00;Hamilton;Biography;Thomas Kail;2020;160;12;7.00
04/03/2021 10:30;The Last of the Mohicans;Action;Michael Mann;1992;112;12;8.00
03/03/2021 15:30;Boyz n the Hood;Crime;John Singleton;1991;112;12;7.00
03/03/2021 13:00;Cape Fear;Drama;J. Lee Thompson;1962;106;12;7.50
03/03/2021 10:30;Cape Fear;Drama;J. Lee Thompson;1962;106;12;7.50
02/03/2021 12:30;8½;Drama;Federico Fellini;1963;138;12;8.50
02/03/2021 10:00;Jûbê ninpûchô;Animation;Yoshiaki Kawajiri;1993;94;12;7.50
01/03/2021 13:00;Rebecca;Drama;Alfred Hitchcock;1940;130;12;8.50
01/03/2021 10:30;"Aguirre; der Zorn Gottes";Action;Werner Herzog;1972;95;12;8.00
28/02/2021 20:00;Stalag 17;Comedy;Billy Wilder;1953;120;12;8.50
28/02/2021 17:00;Rebecca;Drama;Alfred Hitchcock;1940;130;12;8.50
28/02/2021 13:30;Harry Potter and the Sorcerer's Stone;Adventure;Chris Columbus;2001;152;0;7.00
28/02/2021 10:00;8½;Drama;Federico Fellini;1963;138;12;7.50
27/02/2021 20:00;The Magnificent Seven;Action;John Sturges;1960;128;12;8.50
27/02/2021 16:30;Fitzcarraldo;Adventure;Werner Herzog;1982;158;16;7.00
27/02/2021 13:30;Le salaire de la peur;Adventure;Henri-Georges Clouzot;1953;131;0;6.50
27/02/2021 10:30;Stalag 17;Comedy;Billy Wilder;1953;120;12;6.50
26/02/2021 15:00;Amores perros;Drama;Alejandro G. Iñárritu;2000;154;12;8.00
26/02/2021 12:30;The Philadelphia Story;Comedy;George Cukor;1940;112;12;8.00
26/02/2021 10:30;Office Space;Comedy;Mike Judge;1999;89;16;8.00
25/02/2021 10:30;Seppuku;Action;Masaki Kobayashi;1962;133;12;8.00
24/02/2021 10:00;Braveheart;Biography;Mel Gibson;1995;178;12;7.50
23/02/2021 12:30;The Ten Commandments;Adventure;Cecil B. DeMille;1956;220;0;7.00
23/02/2021 10:00;Persona;Drama;Ingmar Bergman;1966;85;12;7.50
22/02/2021 16:00;Jûbê ninpûchô;Animation;Yoshiaki Kawajiri;1993;94;12;8.50
22/02/2021 13:00;Rebecca;Drama;Alfred Hitchcock;1940;130;12;7.00
22/02/2021 10:00;Le salaire de la peur;Adventure;Henri-Georges Clouzot;1953;131;0;7.50
21/02/2021 20:00;Snatch;Comedy;Guy Ritchie;2000;104;12;10.00
21/02/2021 16:30;La dolce vita;Comedy;Federico Fellini;1960;174;12;8.50
21/02/2021 13:00;Fitzcarraldo;Adventure;Werner Herzog;1982;158;16;7.00
21/02/2021 10:00;All About Eve;Drama;Joseph L. Mankiewicz;1950;138;12;7.50
20/02/2021 16:30;October Sky;Biography;Joe Johnston;1999;108;6;8.50
20/02/2021 13:30;Lat sau san taam;Action;John Woo;1992;128;16;7.50
20/02/2021 10:30;Lat sau san taam;Action;John Woo;1992;128;16;7.00
19/02/2021 10:00;Paper Moon;Comedy;Peter Bogdanovich;1973;102;0;7.00
18/02/2021 16:30;Snatch;Comedy;Guy Ritchie;2000;104;12;8.50
18/02/2021 13:30;Seppuku;Action;Masaki Kobayashi;1962;133;12;8.00
18/02/2021 10:30;Tôkyô monogatari;Drama;Yasujirô Ozu;1953;136;0;8.50
17/02/2021 15:30;Rope;Crime;Alfred Hitchcock;1948;80;12;8.50
17/02/2021 13:00;"Aguirre; der Zorn Gottes";Action;Werner Herzog;1972;95;12;8.50
17/02/2021 10:00;What Ever Happened to Baby Jane?;Drama;Robert Aldrich;1962;134;12;8.00
16/02/2021 16:00;Persona;Drama;Ingmar Bergman;1966;85;12;6.50
16/02/2021 13:30;October Sky;Biography;Joe Johnston;1999;108;6;7.00
16/02/2021 10:30;Seppuku;Action;Masaki Kobayashi;1962;133;12;6.50
15/02/2021 16:00;Persona;Drama;Ingmar Bergman;1966;85;12;8.50
15/02/2021 13:00;All That Jazz;Drama;Bob Fosse;1979;123;12;6.50
15/02/2021 10:00;Tôkyô monogatari;Drama;Yasujirô Ozu;1953;136;0;7.00
14/02/2021 18:00;All About Eve;Drama;Joseph L. Mankiewicz;1950;138;12;8.50
14/02/2021 15:00;Lost Highway;Mystery;David Lynch;1997;134;12;7.00
14/02/2021 12:30;The Last of the Mohicans;Action;Michael Mann;1992;112;12;7.50
14/02/2021 10:00;Sunrise: A Song of Two Humans;Drama;F.W. Murnau;1927;94;12;8.50
13/02/2021 18:00;La dolce vita;Comedy;Federico Fellini;1960;174;12;9.50
13/02/2021 15:00;In the Heat of the Night;Crime;Norman Jewison;1967;110;0;6.50
13/02/2021 12:30;October Sky;Biography;Joe Johnston;1999;108;6;7.00
13/02/2021 10:00;"Aguirre; der Zorn Gottes";Action;Werner Herzog;1972;95;12;7.50
12/02/2021 12:30;In the Heat of the Night;Crime;Norman Jewison;1967;110;0;8.50
12/02/2021 10:00;Rope;Crime;Alfred Hitchcock;1948;80;12;7.50
11/02/2021 15:30;It's a Wonderful Life;Drama;Frank Capra;1946;130;6;6.50
11/02/2021 13:00;Persona;Drama;Ingmar Bergman;1966;85;12;6.50
11/02/2021 10:00;Lost Highway;Mystery;David Lynch;1997;134;12;6.50
10/02/2021 14:00;Dog Day Afternoon;Biography;Sidney Lumet;1975;125;0;8.00
10/02/2021 10:30;Saving Private Ryan;Drama;Steven Spielberg;1998;169;16;6.50
09/02/2021 15:30;Office Space;Comedy;Mike Judge;1999;89;16;7.00
09/02/2021 12:30;Seppuku;Action;Masaki Kobayashi;1962;133;12;8.00
09/02/2021 10:00;"Aguirre; der Zorn Gottes";Action;Werner Herzog;1972;95;12;7.00
08/02/2021 12:30;Seppuku;Action;Masaki Kobayashi;1962;133;12;7.00
08/02/2021 10:00;In the Heat of the Night;Crime;Norman Jewison;1967;110;0;7.00
07/02/2021 19:30;Boyz n the Hood;Crime;John Singleton;1991;112;12;9.00
07/02/2021 17:00;Scarface: The Shame of the Nation;Action;Howard Hawks;1932;93;6;7.50
07/02/2021 14:00;Stalag 17;Comedy;Billy Wilder;1953;120;12;7.50
07/02/2021 10:30;Apocalypse Now;Drama;Francis Ford Coppola;1979;147;16;8.50
06/02/2021 16:00;Sunrise: A Song of Two Humans;Drama;F.W. Murnau;1927;94;12;8.00
06/02/2021 13:00;Lost Highway;Mystery;David Lynch;1997;134;12;8.50
06/02/2021 10:00;The Trial of the Chicago 7;Drama;Aaron Sorkin;2020;129;16;7.00
05/02/2021 10:00;Boyz n the Hood;Crime;John Singleton;1991;112;12;6.50
04/02/2021 10:00;Sunrise: A Song of Two Humans;Drama;F.W. Murnau;1927;94;12;7.50
03/02/2021 15:30;Apocalypse Now;Drama;Francis Ford Coppola;1979;147;16;7.50
03/02/2021 13:00;Scarface: The Shame of the Nation;Action;Howard Hawks;1932;93;6;8.50
03/02/2021 10:30;The Jungle Book;Animation;Wolfgang Reitherman;1967;78;0;7.50
02/02/2021 15:30;Paper Moon;Comedy;Peter Bogdanovich;1973;102;0;7.50
02/02/2021 13:00;Central do Brasil;Drama;Walter Salles;1998;110;16;7.00
02/02/2021 10:30;"Aguirre; der Zorn Gottes";Action;Werner Herzog;1972;95;12;8.50
01/02/2021 10:30;Cabaret;Drama;Bob Fosse;1972;124;12;8.00
31/01/2021 17:30;Sunrise: A Song of Two Humans;Drama;F.W. Murnau;1927;94;12;7.50
31/01/2021 13:00;The Ten Commandments;Adventure;Cecil B. DeMille;1956;220;0;8.50
31/01/2021 10:30;Central do Brasil;Drama;Walter Salles;1998;110;16;6.50
30/01/2021 18:00;Office Space;Comedy;Mike Judge;1999;89;16;9.50
30/01/2021 15:00;La Grande Illusion;Drama;Jean Renoir;1937;113;12;8.50
30/01/2021 10:30;The Ten Commandments;Adventure;Cecil B. DeMille;1956;220;0;8.00
29/01/2021 10:00;Marriage Story;Comedy;Noah Baumbach;2019;137;0;8.00
28/01/2021 12:30;Das Cabinet des Dr. Caligari;Fantasy;Robert Wiene;1920;76;12;7.00
28/01/2021 10:00;Sunrise: A Song of Two Humans;Drama;F.W. Murnau;1927;94;12;8.00
27/01/2021 10:30;Le salaire de la peur;Adventure;Henri-Georges Clouzot;1953;131;0;7.50
26/01/2021 15:30;Marriage Story;Comedy;Noah Baumbach;2019;137;0;7.50
26/01/2021 13:00;Central do Brasil;Drama;Walter Salles;1998;110;16;8.50
26/01/2021 10:30;The Peanut Butter Falcon;Adventure;Tyler Nilson;2019;97;12;7.00
25/01/2021 13:30;The Ten Commandments;Adventure;Cecil B. DeMille;1956;220;0;7.00
25/01/2021 10:00;Dancer in the Dark;Crime;Lars von Trier;2000;140;0;7.00
24/01/2021 20:00;All That Jazz;Drama;Bob Fosse;1979;123;12;8.50
24/01/2021 17:30;Boyz n the Hood;Crime;John Singleton;1991;112;12;6.50
24/01/2021 15:00;Office Space;Comedy;Mike Judge;1999;89;16;8.00
24/01/2021 10:30;Andrei Rublev;Biography;Andrei Tarkovsky;1966;205;16;8.50
23/01/2021 16:30;Scarface: The Shame of the Nation;Action;Howard Hawks;1932;93;6;8.50
23/01/2021 13:30;Tôkyô monogatari;Drama;Yasujirô Ozu;1953;136;0;8.00
23/01/2021 10:30;It's a Wonderful Life;Drama;Frank Capra;1946;130;6;7.50
22/01/2021 13:00;The Peanut Butter Falcon;Adventure;Tyler Nilson;2019;97;12;8.00
22/01/2021 10:00;It's a Wonderful Life;Drama;Frank Capra;1946;130;6;7.50
21/01/2021 10:00;Dancer in the Dark;Crime;Lars von Trier;2000;140;0;7.00
20/01/2021 13:00;Marriage Story;Comedy;Noah Baumbach;2019;137;0;8.50
20/01/2021 10:00;Knives Out;Comedy;Rian Johnson;2019;130;12;8.50
19/01/2021 10:00;October Sky;Biography;Joe Johnston;1999;108;6;7.50
18/01/2021 13:00;Sunrise: A Song of Two Humans;Drama;F.W. Murnau;1927;94;12;8.00
18/01/2021 10:30;Predator;Action;John McTiernan;1987;107;12;8.00
17/01/2021 16:00;North by Northwest;Adventure;Alfred Hitchcock;1959;136;0;8.00
17/01/2021 13:00;The Conversation;Drama;Francis Ford Coppola;1974;113;0;8.00
17/01/2021 10:00;The Trial of the Chicago 7;Drama;Aaron Sorkin;2020;129;16;7.50
16/01/2021 20:30;Stalag 17;Comedy;Billy Wilder;1953;120;12;10.00
16/01/2021 17:30;Marriage Story;Comedy;Noah Baumbach;2019;137;0;8.00
16/01/2021 13:00;Andrei Rublev;Biography;Andrei Tarkovsky;1966;205;16;6.50
16/01/2021 10:00;Blowup;Drama;Michelangelo Antonioni;1966;111;12;6.50
15/01/2021 12:30;North by Northwest;Adventure;Alfred Hitchcock;1959;136;0;7.00
15/01/2021 10:00;The Conversation;Drama;Francis Ford Coppola;1974;113;0;8.50
14/01/2021 10:00;Toy Story 2;Animation;John Lasseter;1999;92;0;7.50
13/01/2021 10:30;Das Cabinet des Dr. Caligari;Fantasy;Robert Wiene;1920;76;12;8.50
12/01/2021 10:00;Dil Bechara;Comedy;Mukesh Chhabra;2020;101;12;8.50
11/01/2021 10:30;Marriage Story;Comedy;Noah Baumbach;2019;137;0;8.00
10/01/2021 16:00;Dancer in the Dark;Crime;Lars von Trier;2000;140;0;6.50
10/01/2021 13:00;The Trial of the Chicago 7;Drama;Aaron Sorkin;2020;129;16;8.50
10/01/2021 10:00;Se7en;Crime;David Fincher;1995;127;12;7.00
09/01/2021 19:30;Predator;Action;John McTiernan;1987;107;12;9.50
09/01/2021 16:00;Saving Private Ryan;Drama;Steven Spielberg;1998;169;16;7.50
09/01/2021 13:00;Cast Away;Adventure;Robert Zemeckis;2000;143;12;8.50
09/01/2021 10:30;Touch of Evil;Crime;Orson Welles;1958;95;12;7.00
08/01/2021 17:30;Sunrise: A Song of Two Humans;Drama;F.W. Murnau;1927;94;12;7.00
08/01/2021 13:00;Spartacus;Adventure;Stanley Kubrick;1960;197;12;8.50
08/01/2021 10:00;Rebecca;Drama;Alfred Hitchcock;1940;130;12;8.00
07/01/2021 17:00;Psycho;Horror;Alfred Hitchcock;1960;109;12;8.50
07/01/2021 14:00;North by Northwest;Adventure;Alfred Hitchcock;1959;136;0;6.50
07/01/2021 10:30;Apocalypse Now;Drama;Francis Ford Coppola;1979;147;16;7.00
06/01/2021 10:00;Spartacus;Adventure;Stanley Kubrick;1960;197;12;7.00
05/01/2021 10:30;October Sky;Biography;Joe Johnston;1999;108;6;8.50
04/01/2021 17:00;Rebecca;Drama;Alfred Hitchcock;1940;130;12;7.50
04/01/2021 13:00;Avengers: Endgame;Action;Anthony Russo;2019;181;12;8.50
04/01/2021 10:30;October Sky;Biography;Joe Johnston;1999;108;6;6.50
03/01/2021 15:30;Saving Private Ryan;Drama;Steven Spielberg;1998;169;16;7.00
03/01/2021 13:00;The Third Man;Film-Noir;Carol Reed;1949;104;12;7.00
03/01/2021 10:30;October Sky;Biography;Joe Johnston;1999;108;6;7.50
02/01/2021 17:00;Predator;Action;John McTiernan;1987;107;12;7.50
02/01/2021 14:30;Toy Story 2;Animation;John Lasseter;1999;92;0;7.00
02/01/2021 10:30;The Green Mile;Crime;Frank Darabont;1999;189;12;6.50
01/01/2021 16:30;The Third Man;Film-Noir;Carol Reed;1949;104;12;6.50
01/01/2021 13:30;Mononoke-hime;Animation;Hayao Miyazaki;1997;134;0;7.00
01/01/2021 10:30;Knives Out;Comedy;Rian Johnson;2019;130;12;6.50
31/12/2020 10:00;Central do Brasil;Drama;Walter Salles;1998;110;16;6.50
30/12/2020 13:00;Das Cabinet des Dr. Caligari;Fantasy;Robert Wiene;1920;76;12;8.00
30/12/2020 10:30;Laura;Drama;Otto Preminger;1944;88;12;6.50
29/12/2020 12:30;Das Cabinet des Dr. Caligari;Fantasy;Robert Wiene;1920;76;12;7.50
29/12/2020 10:00;Sanjuro;Action;Akira Kurosawa;1962;96;0;7.00
28/12/2020 10:00;Saving Private Ryan;Drama;Steven Spielberg;1998;169;16;7.50
27/12/2020 16:30;Das Cabinet des Dr. Caligari;Fantasy;Robert Wiene;1920;76;12;8.50
27/12/2020 13:30;Knives Out;Comedy;Rian Johnson;2019;130;12;7.50
27/12/2020 10:30;Mononoke-hime;Animation;Hayao Miyazaki;1997;134;0;8.50
26/12/2020 17:00;Marriage Story;Comedy;Noah Baumbach;2019;137;0;8.00
26/12/2020 14:00;La Grande Illusion;Drama;Jean Renoir;1937;113;12;7.50
26/12/2020 10:00;The Green Mile;Crime;Frank Darabont;1999;189;12;6.50
25/12/2020 13:00;Glory;Biography;Edward Zwick;1989;122;16;6.50
25/12/2020 10:30;The Breakfast Club;Comedy;John Hughes;1985;97;12;8.00
24/12/2020 10:30;Dil Bechara;Comedy;Mukesh Chhabra;2020;101;12;7.00
23/12/2020 13:00;Predator;Action;John McTiernan;1987;107;12;6.50
23/12/2020 10:30;Trainspotting;Drama;Danny Boyle;1996;93;12;6.50
22/12/2020 16:00;La Grande Illusion;Drama;Jean Renoir;1937;113;12;6.50
22/12/2020 13:30;The Third Man;Film-Noir;Carol Reed;1949;104;12;7.00
22/12/2020 10:30;Jurassic Park;Action;Steven Spielberg;1993;127;12;7.50
21/12/2020 17:00;Repulsion;Drama;Roman Polanski;1965;105;12;6.50
21/12/2020 13:00;Spartacus;Adventure;Stanley Kubrick;1960;197;12;8.00
21/12/2020 10:00;The Red Shoes;Drama;Michael Powell;1948;135;12;8.00
20/12/2020 16:00;Snatch;Comedy;Guy Ritchie;2000;104;12;7.00
20/12/2020 13:30;Jojo Rabbit;Comedy;Taika Waititi;2019;108;12;8.50
20/12/2020 10:30;Mononoke-hime;Animation;Hayao Miyazaki;1997;134;0;7.00
19/12/2020 20:00;Central do Brasil;Drama;Walter Salles;1998;110;16;8.50
19/12/2020 17:00;Marriage Story;Comedy;Noah Baumbach;2019;137;0;8.50
19/12/2020 14:00;Marriage Story;Comedy;Noah Baumbach;2019;137;0;8.50
19/12/2020 10:30;Saving Private Ryan;Drama;Steven Spielberg;1998;169;16;7.00
18/12/2020 10:30;Glory;Biography;Edward Zwick;1989;122;16;8.50
17/12/2020 15:30;Rebecca;Drama;Alfred Hitchcock;1940;130;12;8.00
17/12/2020 12:30;A Man for All Seasons;Biography;Fred Zinnemann;1966;120;0;7.50
17/12/2020 10:00;Repulsion;Drama;Roman Polanski;1965;105;12;6.50
16/12/2020 15:00;Todo sobre mi madre;Drama;Pedro Almodóvar;1999;101;16;7.00
16/12/2020 12:00;Rebecca;Drama;Alfred Hitchcock;1940;130;12;7.50
16/12/2020 10:00;Laura;Drama;Otto Preminger;1944;88;12;6.50
15/12/2020 10:00;Jurassic Park;Action;Steven Spielberg;1993;127;12;7.00
14/12/2020 10:30;La Grande Illusion;Drama;Jean Renoir;1937;113;12;7.50
13/12/2020 21:00;Roma;Drama;Alfonso Cuarón;2018;135;16;10.00
13/12/2020 17:00;The Green Mile;Crime;Frank Darabont;1999;189;12;6.50
13/12/2020 14:00;Lat sau san taam;Action;John Woo;1992;128;16;8.50
13/12/2020 10:30;Amores perros;Drama;Alejandro G. Iñárritu;2000;154;12;7.00
12/12/2020 19:00;Repulsion;Drama;Roman Polanski;1965;105;12;9.50
12/12/2020 16:30;Toy Story 2;Animation;John Lasseter;1999;92;0;8.50
12/12/2020 14:00;Touch of Evil;Crime;Orson Welles;1958;95;12;8.00
12/12/2020 10:00;Avengers: Endgame;Action;Anthony Russo;2019;181;12;7.50
11/12/2020 16:00;Amores perros;Drama;Alejandro G. Iñárritu;2000;154;12;8.50
11/12/2020 13:00;Se7en;Crime;David Fincher;1995;127;12;8.00
11/12/2020 10:00;Rebecca;Drama;Alfred Hitchcock;1940;130;12;7.50
10/12/2020 13:30;Todo sobre mi madre;Drama;Pedro Almodóvar;1999;101;16;8.50
10/12/2020 10:30;Se7en;Crime;David Fincher;1995;127;12;7.00
09/12/2020 13:30;Touch of Evil;Crime;Orson Welles;1958;95;12;8.50
09/12/2020 10:30;The Conversation;Drama;Francis Ford Coppola;1974;113;0;8.00
08/12/2020 12:30;Psycho;Horror;Alfred Hitchcock;1960;109;12;8.00
08/12/2020 10:00;Glengarry Glen Ross;Crime;James Foley;1992;100;16;8.50
07/12/2020 10:30;Snatch;Comedy;Guy Ritchie;2000;104;12;6.50
06/12/2020 18:30;Amores perros;Drama;Alejandro G. Iñárritu;2000;154;12;10.00
06/12/2020 16:00;Dil Bechara;Comedy;Mukesh Chhabra;2020;101;12;8.50
06/12/2020 12:30;Amores perros;Drama;Alejandro G. Iñárritu;2000;154;12;7.50
06/12/2020 10:00;Sanjuro;Action;Akira Kurosawa;1962;96;0;8.50
05/12/2020 15:30;Bonnie and Clyde;Action;Arthur Penn;1967;111;12;6.50
05/12/2020 12:30;Roma;Drama;Alfonso Cuarón;2018;135;16;8.50
05/12/2020 10:00;Jojo Rabbit;Comedy;Taika Waititi;2019;108;12;7.00
04/12/2020 15:00;Underground;Comedy;Emir Kusturica;1995;170;12;6.50
04/12/2020 12:30;The Breakfast Club;Comedy;John Hughes;1985;97;12;6.50
04/12/2020 10:00;The Gold Rush;Adventure;Charles Chaplin;1925;95;12;8.50
03/12/2020 10:00;Groundhog Day;Comedy;Harold Ramis;1993;101;0;7.00
02/12/2020 15:00;The Breakfast Club;Comedy;John Hughes;1985;97;12;6.50
02/12/2020 12:30;Todo sobre mi madre;Drama;Pedro Almodóvar;1999;101;16;7.50
02/12/2020 10:00;Snatch;Comedy;Guy Ritchie;2000;104;12;8.00
01/12/2020 13:00;Marriage Story;Comedy;Noah Baumbach;2019;137;0;7.00
01/12/2020 10:00;Jurassic Park;Action;Steven Spielberg;1993;127;12;8.50
30/11/2020 10:00;Do the Right Thing;Comedy;Spike Lee;1989;120;16;8.00
29/11/2020 15:30;The Breakfast Club;Comedy;John Hughes;1985;97;12;8.00
29/11/2020 12:30;The Magnificent Seven;Action;John Sturges;1960;128;12;8.00
29/11/2020 10:00;The Breakfast Club;Comedy;John Hughes;1985;97;12;6.50
28/11/2020 19:00;The Third Man;Film-Noir;Carol Reed;1949;104;12;8.50
28/11/2020 16:00;Spider-Man: Into the Spider-Verse;Animation;Bob Persichetti;2018;117;0;8.50
28/11/2020 13:00;Lat sau san taam;Action;John Woo;1992;128;16;7.00
28/11/2020 10:00;Roma;Drama;Alfonso Cuarón;2018;135;16;7.00
27/11/2020 15:30;Roma;Drama;Alfonso Cuarón;2018;135;16;8.00
27/11/2020 12:30;Spider-Man: Into the Spider-Verse;Animation;Bob Persichetti;2018;117;0;8.50
27/11/2020 10:00;Gongdong gyeongbi guyeok JSA;Action;Chan-wook Park;2000;110;12;8.50
26/11/2020 16:30;Empire of the Sun;Action;Steven Spielberg;1987;153;0;8.00
26/11/2020 13:00;Empire of the Sun;Action;Steven Spielberg;1987;153;0;8.50
26/11/2020 10:00;Jurassic Park;Action;Steven Spielberg;1993;127;12;8.00
25/11/2020 10:00;Groundhog Day;Comedy;Harold Ramis;1993;101;0;8.00
24/11/2020 16:00;Groundhog Day;Comedy;Harold Ramis;1993;101;0;6.50
24/11/2020 13:30;Sanjuro;Action;Akira Kurosawa;1962;96;0;8.50
24/11/2020 10:30;Glory;Biography;Edward Zwick;1989;122;16;6.50
23/11/2020 17:00;The Breakfast Club;Comedy;John Hughes;1985;97;12;8.00
23/11/2020 13:00;The Godfather;Crime;Francis Ford Coppola;1972;175;12;7.50
23/11/2020 10:30;Dil Bechara;Comedy;Mukesh Chhabra;2020;101;12;7.50
22/11/2020 16:30;Avengers: Endgame;Action;Anthony Russo;2019;181;12;7.50
22/11/2020 14:00;The Lost Weekend;Drama;Billy Wilder;1945;101;12;6.50
22/11/2020 10:30;Ran;Action;Akira Kurosawa;1985;162;0;8.50
21/11/2020 18:30;The Red Shoes;Drama;Michael Powell;1948;135;12;8.50
21/11/2020 16:30;The Nightmare Before Christmas;Animation;Henry Selick;1993;76;0;7.00
21/11/2020 13:00;Empire of the Sun;Action;Steven Spielberg;1987;153;0;8.50
21/11/2020 10:00;Spider-Man: Into the Spider-Verse;Animation;Bob Persichetti;2018;117;0;8.50
20/11/2020 10:30;Todo sobre mi madre;Drama;Pedro Almodóvar;1999;101;16;6.50
19/11/2020 10:00;Todo sobre mi madre;Drama;Pedro Almodóvar;1999;101;16;8.50
18/11/2020 13:00;Marriage Story;Comedy;Noah Baumbach;2019;137;0;7.00
18/11/2020 10:00;The Magnificent Seven;Action;John Sturges;1960;128;12;8.50
17/11/2020 10:30;Ran;Action;Akira Kurosawa;1985;162;0;7.00
16/11/2020 17:00;Glory;Biography;Edward Zwick;1989;122;16;7.50
16/11/2020 13:00;Scarface;Crime;Brian De Palma;1983;170;12;8.50
16/11/2020 10:00;M - Eine Stadt sucht einen Mörder;Crime;Fritz Lang;1931;117;12;8.00
15/11/2020 21:00;The Bridge on the River Kwai;Adventure;David Lean;1957;161;6;9.00
15/11/2020 17:00;Fanny och Alexander;Drama;Ingmar Bergman;1982;188;12;8.50
15/11/2020 13:30;The Bridge on the River Kwai;Adventure;David Lean;1957;161;6;8.50
15/11/2020 10:30;The Red Shoes;Drama;Michael Powell;1948;135;12;6.50
14/11/2020 18:00;The Lost Weekend;Drama;Billy Wilder;1945;101;12;8.50
14/11/2020 15:00;Do the Right Thing;Comedy;Spike Lee;1989;120;16;7.00
14/11/2020 12:30;Sanjuro;Action;Akira Kurosawa;1962;96;0;8.50
14/11/2020 10:00;Glengarry Glen Ross;Crime;James Foley;1992;100;16;8.50
13/11/2020 15:30;Empire of the Sun;Action;Steven Spielberg;1987;153;0;6.50
13/11/2020 12:30;Roma;Drama;Alfonso Cuarón;2018;135;16;8.00
13/11/2020 10:00;American Psycho;Comedy;Mary Harron;2000;101;12;7.50
12/11/2020 15:30;Roma;Drama;Alfonso Cuarón;2018;135;16;7.50
12/11/2020 13:00;M - Eine Stadt sucht einen Mörder;Crime;Fritz Lang;1931;117;12;7.50
12/11/2020 10:00;Marriage Story;Comedy;Noah Baumbach;2019;137;0;6.50
11/11/2020 16:30;Gongdong gyeongbi guyeok JSA;Action;Chan-wook Park;2000;110;12;7.50
11/11/2020 13:30;Do the Right Thing;Comedy;Spike Lee;1989;120;16;8.00
11/11/2020 10:30;M - Eine Stadt sucht einen Mörder;Crime;Fritz Lang;1931;117;12;8.50
10/11/2020 13:30;The Godfather;Crime;Francis Ford Coppola;1972;175;12;6.50
10/11/2020 10:30;Roma;Drama;Alfonso Cuarón;2018;135;16;8.00
09/11/2020 10:30;The Nightmare Before Christmas;Animation;Henry Selick;1993;76;0;6.50
08/11/2020 16:00;Empire of the Sun;Action;Steven Spielberg;1987;153;0;7.00
08/11/2020 13:00;A Man for All Seasons;Biography;Fred Zinnemann;1966;120;0;8.50
08/11/2020 10:00;Star Wars: Episode VI - Return of the Jedi;Action;Richard Marquand;1983;131;0;6.50
07/11/2020 16:30;Marriage Story;Comedy;Noah Baumbach;2019;137;0;6.50
07/11/2020 13:30;All That Jazz;Drama;Bob Fosse;1979;123;12;7.50
07/11/2020 10:30;The Big Sleep;Crime;Howard Hawks;1946;114;12;6.50
06/11/2020 10:30;Gongdong gyeongbi guyeok JSA;Action;Chan-wook Park;2000;110;12;8.50
05/11/2020 17:00;Empire of the Sun;Action;Steven Spielberg;1987;153;0;8.50
05/11/2020 13:00;Fanny och Alexander;Drama;Ingmar Bergman;1982;188;12;8.00
05/11/2020 10:30;Spider-Man: Into the Spider-Verse;Animation;Bob Persichetti;2018;117;0;8.00
04/11/2020 13:00;The Muppet Movie;Adventure;James Frawley;1979;95;0;6.50
04/11/2020 10:00;The Magnificent Seven;Action;John Sturges;1960;128;12;7.00
03/11/2020 10:30;Star Wars: Episode VI - Return of the Jedi;Action;Richard Marquand;1983;131;0;8.50
02/11/2020 13:30;Kramer vs. Kramer;Drama;Robert Benton;1979;105;12;7.50
02/11/2020 10:30;Se7en;Crime;David Fincher;1995;127;12;8.00
01/11/2020 17:30;Fargo;Crime;Joel Coen;1996;98;12;8.00
01/11/2020 15:30;The Nightmare Before Christmas;Animation;Henry Selick;1993;76;0;8.00
01/11/2020 13:00;Glengarry Glen Ross;Crime;James Foley;1992;100;16;7.50
01/11/2020 10:00;Glory;Biography;Edward Zwick;1989;122;16;8.50
31/10/2020 19:00;Se7en;Crime;David Fincher;1995;127;12;9.50
31/10/2020 16:30;The Princess Bride;Adventure;Rob Reiner;1987;98;0;8.50
31/10/2020 13:30;Se7en;Crime;David Fincher;1995;127;12;7.50
31/10/2020 10:30;The Magnificent Seven;Action;John Sturges;1960;128;12;7.50
30/10/2020 14:00;Glengarry Glen Ross;Crime;James Foley;1992;100;16;7.50
30/10/2020 10:30;Where Eagles Dare;Action;Brian G. Hutton;1968;158;0;8.50
29/10/2020 16:00;Kramer vs. Kramer;Drama;Robert Benton;1979;105;12;8.00
29/10/2020 13:00;The Magnificent Seven;Action;John Sturges;1960;128;12;7.00
29/10/2020 10:30;Todo sobre mi madre;Drama;Pedro Almodóvar;1999;101;16;7.00
28/10/2020 12:30;The Last of the Mohicans;Action;Michael Mann;1992;112;12;6.50
28/10/2020 10:00;Glengarry Glen Ross;Crime;James Foley;1992;100;16;7.00
27/10/2020 10:00;Blazing Saddles;Comedy;Mel Brooks;1974;93;12;6.50
26/10/2020 10:00;All That Jazz;Drama;Bob Fosse;1979;123;12;7.00
25/10/2020 17:00;The Big Sleep;Crime;Howard Hawks;1946;114;12;8.50
25/10/2020 13:00;The Godfather;Crime;Francis Ford Coppola;1972;175;12;8.50
25/10/2020 10:30;The Muppet Movie;Adventure;James Frawley;1979;95;0;6.50
24/10/2020 17:00;Kramer vs. Kramer;Drama;Robert Benton;1979;105;12;8.00
24/10/2020 14:00;All That Jazz;Drama;Bob Fosse;1979;123;12;8.00
24/10/2020 10:30;Mission: Impossible - Fallout;Action;Christopher McQuarrie;2018;147;12;7.00
23/10/2020 12:30;Per un pugno di dollari;Action;Sergio Leone;1964;99;12;7.50
23/10/2020 10:00;The Last of the Mohicans;Action;Michael Mann;1992;112;12;8.50
22/10/2020 14:00;Per un pugno di dollari;Action;Sergio Leone;1964;99;12;6.50
22/10/2020 10:30;Scarface;Crime;Brian De Palma;1983;170;12;6.50
21/10/2020 13:30;"Il buono; il brutto; il cattivo";Western;Sergio Leone;1966;161;12;8.00
21/10/2020 10:00;"Il buono; il brutto; il cattivo";Western;Sergio Leone;1966;161;12;8.50
20/10/2020 10:30;In the Name of the Father;Biography;Jim Sheridan;1993;133;12;7.00
19/10/2020 14:00;Star Wars: Episode VI - Return of the Jedi;Action;Richard Marquand;1983;131;0;6.50
19/10/2020 10:30;The Insider;Biography;Michael Mann;1999;157;12;8.50
18/10/2020 16:00;The Muppet Movie;Adventure;James Frawley;1979;95;0;8.50
18/10/2020 13:30;Kramer vs. Kramer;Drama;Robert Benton;1979;105;12;6.50
18/10/2020 10:00;"Il buono; il brutto; il cattivo";Western;Sergio Leone;1966;161;12;8.50
17/10/2020 16:30;Marriage Story;Comedy;Noah Baumbach;2019;137;0;8.00
17/10/2020 13:30;Glory;Biography;Edward Zwick;1989;122;16;8.50
17/10/2020 10:30;Goodfellas;Biography;Martin Scorsese;1990;146;12;7.00
16/10/2020 13:30;Rushmore;Comedy;Wes Anderson;1998;93;12;8.50
16/10/2020 10:00;The Insider;Biography;Michael Mann;1999;157;12;6.50
15/10/2020 13:30;Fanny och Alexander;Drama;Ingmar Bergman;1982;188;12;7.00
15/10/2020 10:00;"Il buono; il brutto; il cattivo";Western;Sergio Leone;1966;161;12;7.50
14/10/2020 10:00;The Last of the Mohicans;Action;Michael Mann;1992;112;12;7.50
13/10/2020 14:00;Gandhi;Biography;Richard Attenborough;1982;191;0;7.00
13/10/2020 10:00;Fanny och Alexander;Drama;Ingmar Bergman;1982;188;12;8.00
12/10/2020 16:00;Where Eagles Dare;Action;Brian G. Hutton;1968;158;0;8.00
12/10/2020 13:30;Midnight Cowboy;Drama;John Schlesinger;1969;113;12;7.00
12/10/2020 10:30;M - Eine Stadt sucht einen Mörder;Crime;Fritz Lang;1931;117;12;8.00
11/10/2020 21:30;Casino;Crime;Martin Scorsese;1995;178;12;8.50
11/10/2020 18:00;The Bridge on the River Kwai;Adventure;David Lean;1957;161;6;8.50
11/10/2020 14:00;Titanic;Drama;James Cameron;1997;194;12;8.50
11/10/2020 10:00;Spartacus;Adventure;Stanley Kubrick;1960;197;12;7.50
10/10/2020 15:30;Spider-Man: Into the Spider-Verse;Animation;Bob Persichetti;2018;117;0;8.50
10/10/2020 13:00;Rushmore;Comedy;Wes Anderson;1998;93;12;7.00
10/10/2020 10:30;Kramer vs. Kramer;Drama;Robert Benton;1979;105;12;8.50
09/10/2020 13:00;Philadelphia;Drama;Jonathan Demme;1993;125;12;7.50
09/10/2020 10:00;M - Eine Stadt sucht einen Mörder;Crime;Fritz Lang;1931;117;12;8.50
08/10/2020 13:30;Spider-Man: Into the Spider-Verse;Animation;Bob Persichetti;2018;117;0;7.00
08/10/2020 10:30;A Few Good Men;Drama;Rob Reiner;1992;138;0;8.50
07/10/2020 16:30;The Last of the Mohicans;Action;Michael Mann;1992;112;12;8.50
07/10/2020 14:00;The Muppet Movie;Adventure;James Frawley;1979;95;0;8.00
07/10/2020 10:30;Where Eagles Dare;Action;Brian G. Hutton;1968;158;0;7.50
06/10/2020 13:00;A Christmas Story;Comedy;Bob Clark;1983;93;0;7.50
06/10/2020 10:30;Dil Bechara;Comedy;Mukesh Chhabra;2020;101;12;7.00
05/10/2020 10:30;Se7en;Crime;David Fincher;1995;127;12;8.00
04/10/2020 16:30;Dil Bechara;Comedy;Mukesh Chhabra;2020;101;12;7.00
04/10/2020 13:30;A Few Good Men;Drama;Rob Reiner;1992;138;0;7.00
04/10/2020 10:30;In the Name of the Father;Biography;Jim Sheridan;1993;133;12;7.50
03/10/2020 16:30;Kurenai no buta;Animation;Hayao Miyazaki;1992;94;0;7.50
03/10/2020 14:30;The Nightmare Before Christmas;Animation;Henry Selick;1993;76;0;6.50
03/10/2020 12:00;The Muppet Movie;Adventure;James Frawley;1979;95;0;7.00
03/10/2020 10:00;"South Park: Bigger; Longer & Uncut";Animation;Trey Parker;1999;81;12;8.50
02/10/2020 10:00;Blue Velvet;Drama;David Lynch;1986;120;12;6.50
01/10/2020 10:30;Reservoir Dogs;Crime;Quentin Tarantino;1992;99;16;7.50
30/09/2020 10:30;The Graduate;Comedy;Mike Nichols;1967;106;12;8.00
29/09/2020 10:30;Uri: The Surgical Strike;Action;Aditya Dhar;2018;138;12;8.00
28/09/2020 10:00;In the Name of the Father;Biography;Jim Sheridan;1993;133;12;6.50
27/09/2020 14:30;Fargo;Crime;Joel Coen;1996;98;12;7.50
27/09/2020 12:00;The Graduate;Comedy;Mike Nichols;1967;106;12;7.50
27/09/2020 10:00;"South Park: Bigger; Longer & Uncut";Animation;Trey Parker;1999;81;12;6.50
26/09/2020 15:30;The Last of the Mohicans;Action;Michael Mann;1992;112;12;6.50
26/09/2020 13:00;The Muppet Movie;Adventure;James Frawley;1979;95;0;8.50
26/09/2020 10:30;Trois couleurs: Bleu;Drama;Krzysztof Kieslowski;1993;94;0;6.50
25/09/2020 13:00;Trois couleurs: Bleu;Drama;Krzysztof Kieslowski;1993;94;0;8.50
25/09/2020 10:00;Midnight Cowboy;Drama;John Schlesinger;1969;113;12;7.50
24/09/2020 10:30;Dil Bechara;Comedy;Mukesh Chhabra;2020;101;12;8.00
23/09/2020 15:00;Dil Bechara;Comedy;Mukesh Chhabra;2020;101;12;8.00
23/09/2020 12:30;Dil Bechara;Comedy;Mukesh Chhabra;2020;101;12;7.00
23/09/2020 10:00;The Last of the Mohicans;Action;Michael Mann;1992;112;12;6.50
22/09/2020 14:00;In the Name of the Father;Biography;Jim Sheridan;1993;133;12;7.50
22/09/2020 10:30;2001: A Space Odyssey;Adventure;Stanley Kubrick;1968;149;0;6.50
21/09/2020 13:00;A Few Good Men;Drama;Rob Reiner;1992;138;0;7.50
21/09/2020 10:30;Reservoir Dogs;Crime;Quentin Tarantino;1992;99;16;8.00
20/09/2020 15:30;Fargo;Crime;Joel Coen;1996;98;12;6.50
20/09/2020 13:00;Kurenai no buta;Animation;Hayao Miyazaki;1992;94;0;7.50
20/09/2020 10:00;In the Name of the Father;Biography;Jim Sheridan;1993;133;12;8.00
19/09/2020 18:30;In the Name of the Father;Biography;Jim Sheridan;1993;133;12;10.00
19/09/2020 15:30;A Few Good Men;Drama;Rob Reiner;1992;138;0;7.50
19/09/2020 12:30;A Few Good Men;Drama;Rob Reiner;1992;138;0;8.00
19/09/2020 10:00;The Last of the Mohicans;Action;Michael Mann;1992;112;12;7.50
18/09/2020 10:30;Kurenai no buta;Animation;Hayao Miyazaki;1992;94;0;6.50
17/09/2020 12:30;The Graduate;Comedy;Mike Nichols;1967;106;12;7.50
17/09/2020 10:30;"South Park: Bigger; Longer & Uncut";Animation;Trey Parker;1999;81;12;7.50
16/09/2020 10:00;The Graduate;Comedy;Mike Nichols;1967;106;12;7.00
15/09/2020 16:30;Rashômon;Crime;Akira Kurosawa;1950;88;12;6.50
15/09/2020 14:30;The General;Action;Clyde Bruckman;1926;67;12;8.50
15/09/2020 10:30;Magnolia;Drama;Paul Thomas Anderson;1999;188;16;6.50
14/09/2020 15:30;Gandhi;Biography;Richard Attenborough;1982;191;0;8.50
14/09/2020 13:00;Kurenai no buta;Animation;Hayao Miyazaki;1992;94;0;8.00
14/09/2020 10:00;Philadelphia;Drama;Jonathan Demme;1993;125;12;7.00
13/09/2020 19:00;Breakfast at Tiffany's;Comedy;Blake Edwards;1961;115;12;8.50
13/09/2020 16:30;Reservoir Dogs;Crime;Quentin Tarantino;1992;99;16;6.50
13/09/2020 13:00;Goodfellas;Biography;Martin Scorsese;1990;146;12;8.50
13/09/2020 10:00;A Few Good Men;Drama;Rob Reiner;1992;138;0;7.50
12/09/2020 16:30;Magnolia;Drama;Paul Thomas Anderson;1999;188;16;8.00
12/09/2020 13:30;Shadow of a Doubt;Film-Noir;Alfred Hitchcock;1943;108;6;7.00
12/09/2020 10:30;Blue Velvet;Drama;David Lynch;1986;120;12;7.00
11/09/2020 17:30;Sabrina;Comedy;Billy Wilder;1954;113;12;7.50
11/09/2020 13:30;Magnolia;Drama;Paul Thomas Anderson;1999;188;16;7.50
11/09/2020 10:30;The Long Goodbye;Comedy;Robert Altman;1973;112;12;8.50
10/09/2020 10:30;Goodfellas;Biography;Martin Scorsese;1990;146;12;8.50
09/09/2020 17:30;The Graduate;Comedy;Mike Nichols;1967;106;12;7.00
09/09/2020 13:30;Gandhi;Biography;Richard Attenborough;1982;191;0;6.50
09/09/2020 10:00;Where Eagles Dare;Action;Brian G. Hutton;1968;158;0;8.50
08/09/2020 10:00;A Few Good Men;Drama;Rob Reiner;1992;138;0;6.50
07/09/2020 10:00;Midnight Cowboy;Drama;John Schlesinger;1969;113;12;8.00
06/09/2020 17:30;Trois couleurs: Bleu;Drama;Krzysztof Kieslowski;1993;94;0;8.50
06/09/2020 15:00;Reservoir Dogs;Crime;Quentin Tarantino;1992;99;16;8.50
06/09/2020 12:30;Rashômon;Crime;Akira Kurosawa;1950;88;12;8.50
06/09/2020 10:00;Rashômon;Crime;Akira Kurosawa;1950;88;12;7.50
05/09/2020 19:30;Reservoir Dogs;Crime;Quentin Tarantino;1992;99;16;9.50
05/09/2020 16:00;Mission: Impossible - Fallout;Action;Christopher McQuarrie;2018;147;12;8.50
05/09/2020 12:30;Mission: Impossible - Fallout;Action;Christopher McQuarrie;2018;147;12;8.00
05/09/2020 10:30;The General;Action;Clyde Bruckman;1926;67;12;8.50
04/09/2020 13:30;Goodfellas;Biography;Martin Scorsese;1990;146;12;8.50
04/09/2020 10:30;La Strada;Drama;Federico Fellini;1954;108;12;7.00
03/09/2020 14:00;The Graduate;Comedy;Mike Nichols;1967;106;12;8.50
03/09/2020 10:00;Magnolia;Drama;Paul Thomas Anderson;1999;188;16;8.00
02/09/2020 13:00;The Naked Gun: From the Files of Police Squad!;Comedy;David Zucker;1988;85;0;8.00
02/09/2020 10:30;Breakfast at Tiffany's;Comedy;Blake Edwards;1961;115;12;8.00
01/09/2020 10:30;A Few Good Men;Drama;Rob Reiner;1992;138;0;8.00
31/08/2020 15:30;"Crna macka; beli macor";Comedy;Emir Kusturica;1998;127;16;7.50
31/08/2020 13:00;The Naked Gun: From the Files of Police Squad!;Comedy;David Zucker;1988;85;0;7.50
31/08/2020 10:00;Sense and Sensibility;Drama;Ang Lee;1995;136;0;7.00
30/08/2020 18:30;Uri: The Surgical Strike;Action;Aditya Dhar;2018;138;12;9.50
30/08/2020 15:30;Der Himmel über Berlin;Drama;Wim Wenders;1987;128;0;8.00
30/08/2020 12:30;Philadelphia;Drama;Jonathan Demme;1993;125;12;8.00
30/08/2020 10:00;Gattaca;Drama;Andrew Niccol;1997;106;12;6.50
29/08/2020 17:30;Mission: Impossible - Fallout;Action;Christopher McQuarrie;2018;147;12;8.00
29/08/2020 13:30;Barry Lyndon;Adventure;Stanley Kubrick;1975;185;6;8.50
29/08/2020 10:30;A Few Good Men;Drama;Rob Reiner;1992;138;0;8.50
28/08/2020 10:00;Magnolia;Drama;Paul Thomas Anderson;1999;188;16;8.50
27/08/2020 13:30;Shadow of a Doubt;Film-Noir;Alfred Hitchcock;1943;108;6;7.00
27/08/2020 10:30;East of Eden;Drama;Elia Kazan;1955;118;0;7.50
26/08/2020 15:30;Kaze no tani no Naushika;Animation;Hayao Miyazaki;1984;117;0;8.50
26/08/2020 12:30;Philadelphia;Drama;Jonathan Demme;1993;125;12;8.50
26/08/2020 10:00;Shadow of a Doubt;Film-Noir;Alfred Hitchcock;1943;108;6;8.00
25/08/2020 13:00;East of Eden;Drama;Elia Kazan;1955;118;0;8.50
25/08/2020 10:00;Philadelphia;Drama;Jonathan Demme;1993;125;12;8.00
24/08/2020 10:00;Kaze no tani no Naushika;Animation;Hayao Miyazaki;1984;117;0;8.00
23/08/2020 16:00;Love and Death;Comedy;Woody Allen;1975;85;6;8.00
23/08/2020 13:00;The Remains of the Day;Drama;James Ivory;1993;134;0;8.00
23/08/2020 10:00;Sense and Sensibility;Drama;Ang Lee;1995;136;0;7.00
22/08/2020 15:30;Love and Death;Comedy;Woody Allen;1975;85;6;8.50
22/08/2020 13:30;The Naked Gun: From the Files of Police Squad!;Comedy;David Zucker;1988;85;0;8.00
22/08/2020 10:00;A Few Good Men;Drama;Rob Reiner;1992;138;0;7.00
21/08/2020 15:30;L.A. Confidential;Crime;Curtis Hanson;1997;138;12;8.00
21/08/2020 12:30;Der Himmel über Berlin;Drama;Wim Wenders;1987;128;0;7.00
21/08/2020 10:00;East of Eden;Drama;Elia Kazan;1955;118;0;7.50
20/08/2020 13:00;Mission: Impossible - Fallout;Action;Christopher McQuarrie;2018;147;12;8.50
20/08/2020 10:00;Sense and Sensibility;Drama;Ang Lee;1995;136;0;8.50
19/08/2020 12:30;Love and Death;Comedy;Woody Allen;1975;85;6;6.50
19/08/2020 10:00;Scarface: The Shame of the Nation;Action;Howard Hawks;1932;93;6;8.50
18/08/2020 10:30;The Ladykillers;Comedy;Alexander Mackendrick;1955;91;12;8.50
17/08/2020 13:30;The Remains of the Day;Drama;James Ivory;1993;134;0;7.50
17/08/2020 10:30;Dancer in the Dark;Crime;Lars von Trier;2000;140;0;7.00
16/08/2020 16:30;Star Wars;Action;George Lucas;1977;121;12;8.50
16/08/2020 13:30;Bohemian Rhapsody;Biography;Bryan Singer;2018;134;12;8.00
16/08/2020 10:30;Bohemian Rhapsody;Biography;Bryan Singer;2018;134;12;8.50
15/08/2020 16:00;Kaze no tani no Naushika;Animation;Hayao Miyazaki;1984;117;0;7.00
15/08/2020 12:30;Dancer in the Dark;Crime;Lars von Trier;2000;140;0;7.50
15/08/2020 10:00;Nueve reinas;Crime;Fabián Bielinsky;2000;114;16;7.00
14/08/2020 12:30;The Long Goodbye;Comedy;Robert Altman;1973;112;12;8.00
14/08/2020 10:00;La Strada;Drama;Federico Fellini;1954;108;12;8.50
13/08/2020 15:30;The Long Goodbye;Comedy;Robert Altman;1973;112;12;6.50
13/08/2020 12:30;Sense and Sensibility;Drama;Ang Lee;1995;136;0;8.50
13/08/2020 10:00;Taxi Driver;Crime;Martin Scorsese;1976;114;12;7.50
12/08/2020 13:30;Knives Out;Comedy;Rian Johnson;2019;130;12;6.50
12/08/2020 10:30;"Crna macka; beli macor";Comedy;Emir Kusturica;1998;127;16;8.00
11/08/2020 16:00;"Crna macka; beli macor";Comedy;Emir Kusturica;1998;127;16;8.50
11/08/2020 13:00;The Long Goodbye;Comedy;Robert Altman;1973;112;12;7.50
11/08/2020 10:00;Bohemian Rhapsody;Biography;Bryan Singer;2018;134;12;8.50
10/08/2020 16:30;Kaze no tani no Naushika;Animation;Hayao Miyazaki;1984;117;0;8.50
10/08/2020 13:00;The Message;Biography;Moustapha Akkad;1976;177;6;6.50
10/08/2020 10:00;Der Himmel über Berlin;Drama;Wim Wenders;1987;128;0;7.00
09/08/2020 16:00;Tôkyô monogatari;Drama;Yasujirô Ozu;1953;136;0;7.00
09/08/2020 13:00;Taxi Driver;Crime;Martin Scorsese;1976;114;12;7.50
09/08/2020 10:00;Nueve reinas;Crime;Fabián Bielinsky;2000;114;16;6.50
08/08/2020 15:30;L.A. Confidential;Crime;Curtis Hanson;1997;138;12;8.50
08/08/2020 13:00;Taxi Driver;Crime;Martin Scorsese;1976;114;12;7.00
08/08/2020 10:00;The Long Goodbye;Comedy;Robert Altman;1973;112;12;6.50
07/08/2020 16:00;Love and Death;Comedy;Woody Allen;1975;85;6;7.50
07/08/2020 13:30;Scarface: The Shame of the Nation;Action;Howard Hawks;1932;93;6;7.00
07/08/2020 10:30;Sense and Sensibility;Drama;Ang Lee;1995;136;0;7.00
06/08/2020 12:30;Spoorloos;Mystery;George Sluizer;1988;107;12;8.50
06/08/2020 10:30;Love and Death;Comedy;Woody Allen;1975;85;6;8.00
05/08/2020 13:00;The Message;Biography;Moustapha Akkad;1976;177;6;8.00
05/08/2020 10:00;Jurassic Park;Action;Steven Spielberg;1993;127;12;7.50
04/08/2020 10:00;Der Himmel über Berlin;Drama;Wim Wenders;1987;128;0;8.00
03/08/2020 13:30;Der Himmel über Berlin;Drama;Wim Wenders;1987;128;0;7.50
03/08/2020 10:30;Jurassic Park;Action;Steven Spielberg;1993;127;12;8.00
02/08/2020 19:30;Home Alone;Comedy;Chris Columbus;1990;103;0;8.50
02/08/2020 16:30;Dead Man;Adventure;Jim Jarmusch;1995;121;16;8.00
02/08/2020 13:30;The Red Shoes;Drama;Michael Powell;1948;135;12;7.50
02/08/2020 10:30;Citizen Kane;Drama;Orson Welles;1941;119;12;8.00
01/08/2020 16:30;Deadpool 2;Action;David Leitch;2018;119;16;6.50
01/08/2020 13:30;Mary Poppins;Comedy;Robert Stevenson;1964;139;0;7.00
01/08/2020 10:30;Spoorloos;Mystery;George Sluizer;1988;107;12;8.00
31/07/2020 13:30;Kaze no tani no Naushika;Animation;Hayao Miyazaki;1984;117;0;7.00
31/07/2020 10:30;Star Wars;Action;George Lucas;1977;121;12;6.50
30/07/2020 16:00;The Ladykillers;Comedy;Alexander Mackendrick;1955;91;12;7.50
30/07/2020 13:30;Kaze no tani no Naushika;Animation;Hayao Miyazaki;1984;117;0;7.00
30/07/2020 10:30;Citizen Kane;Drama;Orson Welles;1941;119;12;8.50
29/07/2020 10:00;Bohemian Rhapsody;Biography;Bryan Singer;2018;134;12;7.50
28/07/2020 10:30;A Few Good Men;Drama;Rob Reiner;1992;138;0;7.00
27/07/2020 10:00;Scarface: The Shame of the Nation;Action;Howard Hawks;1932;93;6;7.00
26/07/2020 19:00;"Crna macka; beli macor";Comedy;Emir Kusturica;1998;127;16;10.00
26/07/2020 16:00;Tôkyô monogatari;Drama;Yasujirô Ozu;1953;136;0;8.50
26/07/2020 13:00;Tôkyô monogatari;Drama;Yasujirô Ozu;1953;136;0;6.50
26/07/2020 10:30;Kaze no tani no Naushika;Animation;Hayao Miyazaki;1984;117;0;8.00
25/07/2020 19:00;Blood Simple;Crime;Joel Coen;1984;99;12;8.50
25/07/2020 15:30;The Sound of Music;Biography;Robert Wise;1965;172;0;7.50
25/07/2020 13:00;Vampire Hunter D: Bloodlust;Animation;Yoshiaki Kawajiri;2000;103;0;8.00
25/07/2020 10:00;Star Wars;Action;George Lucas;1977;121;12;7.00
24/07/2020 14:30;Taxi Driver;Crime;Martin Scorsese;1976;114;12;8.00
24/07/2020 12:00;Il postino;Biography;Michael Radford;1994;108;0;7.50
24/07/2020 10:00;The Naked Gun: From the Files of Police Squad!;Comedy;David Zucker;1988;85;0;7.00
23/07/2020 16:00;Taxi Driver;Crime;Martin Scorsese;1976;114;12;7.50
23/07/2020 12:00;Barry Lyndon;Adventure;Stanley Kubrick;1975;185;6;6.50
23/07/2020 10:00;Vivre sa vie: Film en douze tableaux;Drama;Jean-Luc Godard;1962;80;12;7.50
22/07/2020 13:00;Barry Lyndon;Adventure;Stanley Kubrick;1975;185;6;6.50
22/07/2020 10:30;Kaze no tani no Naushika;Animation;Hayao Miyazaki;1984;117;0;6.50
21/07/2020 10:30;Mary Poppins;Comedy;Robert Stevenson;1964;139;0;8.50
20/07/2020 10:30;A Few Good Men;Drama;Rob Reiner;1992;138;0;6.50
19/07/2020 15:30;Gandhi;Biography;Richard Attenborough;1982;191;0;6.50
19/07/2020 13:00;Dr. Strangelove or: How I Learned to Stop Worrying and Love the Bomb;Comedy;Stanley Kubrick;1964;95;12;6.50
19/07/2020 10:00;Der Himmel über Berlin;Drama;Wim Wenders;1987;128;0;8.50
18/07/2020 18:30;The Remains of the Day;Drama;James Ivory;1993;134;0;9.00
18/07/2020 15:30;Jurassic Park;Action;Steven Spielberg;1993;127;12;6.50
18/07/2020 13:00;Blood Simple;Crime;Joel Coen;1984;99;12;8.00
18/07/2020 10:00;Knives Out;Comedy;Rian Johnson;2019;130;12;6.50
17/07/2020 10:30;Tôkyô monogatari;Drama;Yasujirô Ozu;1953;136;0;8.50
16/07/2020 13:30;Deadpool 2;Action;David Leitch;2018;119;16;7.00
16/07/2020 10:30;Tôkyô monogatari;Drama;Yasujirô Ozu;1953;136;0;7.50
15/07/2020 13:00;Vampire Hunter D: Bloodlust;Animation;Yoshiaki Kawajiri;2000;103;0;6.50
15/07/2020 10:30;Life of Brian;Comedy;Terry Jones;1979;94;16;7.00
14/07/2020 16:00;Il postino;Biography;Michael Radford;1994;108;0;7.00
14/07/2020 13:00;Mission: Impossible - Fallout;Action;Christopher McQuarrie;2018;147;12;8.00
14/07/2020 10:30;Home Alone;Comedy;Chris Columbus;1990;103;0;6.50
13/07/2020 12:30;Dances with Wolves;Adventure;Kevin Costner;1990;181;0;6.50
13/07/2020 10:00;Vampire Hunter D: Bloodlust;Animation;Yoshiaki Kawajiri;2000;103;0;8.50
12/07/2020 18:00;Life of Brian;Comedy;Terry Jones;1979;94;16;9.00
12/07/2020 15:30;The Gentlemen;Action;Guy Ritchie;2019;113;12;7.50
12/07/2020 13:00;Scarface: The Shame of the Nation;Action;Howard Hawks;1932;93;6;7.50
12/07/2020 10:30;Spoorloos;Mystery;George Sluizer;1988;107;12;7.50
11/07/2020 17:30;Home Alone;Comedy;Chris Columbus;1990;103;0;8.00
11/07/2020 15:00;Harvey;Comedy;Henry Koster;1950;104;12;7.50
11/07/2020 12:30;The Naked Gun: From the Files of Police Squad!;Comedy;David Zucker;1988;85;0;7.50
11/07/2020 10:30;Bride of Frankenstein;Drama;James Whale;1935;75;12;8.00
10/07/2020 15:30;Il postino;Biography;Michael Radford;1994;108;0;7.00
10/07/2020 12:30;Charade;Comedy;Stanley Donen;1963;113;0;8.00
10/07/2020 10:00;Life of Brian;Comedy;Terry Jones;1979;94;16;8.00
09/07/2020 10:00;Harvey;Comedy;Henry Koster;1950;104;12;7.50
08/07/2020 16:00;Vivre sa vie: Film en douze tableaux;Drama;Jean-Luc Godard;1962;80;12;8.50
08/07/2020 13:00;Knives Out;Comedy;Rian Johnson;2019;130;12;8.50
08/07/2020 10:30;Harold and Maude;Comedy;Hal Ashby;1971;91;6;8.50
07/07/2020 10:00;The Day the Earth Stood Still;Drama;Robert Wise;1951;92;0;8.00
06/07/2020 16:00;Gladiator;Action;Ridley Scott;2000;155;12;8.00
06/07/2020 14:00;Bride of Frankenstein;Drama;James Whale;1935;75;12;7.50
06/07/2020 10:00;Dances with Wolves;Adventure;Kevin Costner;1990;181;0;8.50
05/07/2020 18:00;Home Alone;Comedy;Chris Columbus;1990;103;0;10.00
05/07/2020 15:30;Ferris Bueller's Day Off;Comedy;John Hughes;1986;103;0;7.00
05/07/2020 13:00;October Sky;Biography;Joe Johnston;1999;108;6;8.00
05/07/2020 10:30;Home Alone;Comedy;Chris Columbus;1990;103;0;7.50
04/07/2020 19:00;October Sky;Biography;Joe Johnston;1999;108;6;8.50
04/07/2020 16:30;October Sky;Biography;Joe Johnston;1999;108;6;7.50
04/07/2020 13:30;Jurassic Park;Action;Steven Spielberg;1993;127;12;7.50
04/07/2020 10:30;Der Name der Rose;Crime;Jean-Jacques Annaud;1986;130;16;7.00
03/07/2020 13:00;Arsenic and Old Lace;Comedy;Frank Capra;1942;118;12;7.00
03/07/2020 10:30;Harold and Maude;Comedy;Hal Ashby;1971;91;6;7.50
02/07/2020 13:00;Harvey;Comedy;Henry Koster;1950;104;12;7.50
02/07/2020 10:30;The Gentlemen;Action;Guy Ritchie;2019;113;12;8.00
01/07/2020 14:00;The Matrix;Action;Lana Wachowski;1999;136;12;7.50
01/07/2020 10:00;Ba wang bie ji;Drama;Kaige Chen;1993;171;16;6.50
30/06/2020 13:00;Home Alone;Comedy;Chris Columbus;1990;103;0;8.50
30/06/2020 10:30;Bringing Up Baby;Comedy;Howard Hawks;1938;102;12;6.50
29/06/2020 10:30;Gladiator;Action;Ridley Scott;2000;155;12;6.50
28/06/2020 17:00;October Sky;Biography;Joe Johnston;1999;108;6;8.00
28/06/2020 14:30;October Sky;Biography;Joe Johnston;1999;108;6;7.50
28/06/2020 12:00;Life of Brian;Comedy;Terry Jones;1979;94;16;7.50
28/06/2020 10:00;Freaks;Drama;Tod Browning;1932;64;12;7.00
27/06/2020 16:30;Gandhi;Biography;Richard Attenborough;1982;191;0;8.50
27/06/2020 13:30;Billy Elliot;Drama;Stephen Daldry;2000;110;16;7.50
27/06/2020 10:30;Jurassic Park;Action;Steven Spielberg;1993;127;12;8.00
26/06/2020 13:30;Bringing Up Baby;Comedy;Howard Hawks;1938;102;12;8.00
26/06/2020 10:30;The Red Shoes;Drama;Michael Powell;1948;135;12;6.50
25/06/2020 10:00;Bride of Frankenstein;Drama;James Whale;1935;75;12;8.00
24/06/2020 10:30;Jurassic Park;Action;Steven Spielberg;1993;127;12;7.00
23/06/2020 16:30;Jurassic Park;Action;Steven Spielberg;1993;127;12;6.50
23/06/2020 13:00;Gladiator;Action;Ridley Scott;2000;155;12;8.50
23/06/2020 10:30;Ferris Bueller's Day Off;Comedy;John Hughes;1986;103;0;6.50
22/06/2020 14:00;Green Book;Biography;Peter Farrelly;2018;130;12;7.50
22/06/2020 10:30;Hera Pheri;Action;Priyadarshan;2000;156;0;7.50
21/06/2020 15:30;The Thin Red Line;Drama;Terrence Malick;1998;170;12;8.00
21/06/2020 13:00;October Sky;Biography;Joe Johnston;1999;108;6;6.50
21/06/2020 10:00;Inherit the Wind;Biography;Stanley Kramer;1960;128;12;8.00
20/06/2020 15:30;Green Book;Biography;Peter Farrelly;2018;130;12;7.00
20/06/2020 12:30;The Matrix;Action;Lana Wachowski;1999;136;12;7.00
20/06/2020 10:00;Dil Bechara;Comedy;Mukesh Chhabra;2020;101;12;6.50
19/06/2020 10:00;Andhadhun;Crime;Sriram Raghavan;2018;139;12;7.00
18/06/2020 10:00;Who Framed Roger Rabbit;Animation;Robert Zemeckis;1988;104;0;8.50
17/06/2020 15:00;Titanic;Drama;James Cameron;1997;194;12;8.00
17/06/2020 13:00;Bride of Frankenstein;Drama;James Whale;1935;75;12;8.50
17/06/2020 10:30;Life of Brian;Comedy;Terry Jones;1979;94;16;7.50
16/06/2020 15:00;Ed Wood;Biography;Tim Burton;1994;127;0;7.00
16/06/2020 12:30;Charade;Comedy;Stanley Donen;1963;113;0;7.50
16/06/2020 10:00;Billy Elliot;Drama;Stephen Daldry;2000;110;16;7.50
15/06/2020 16:30;Gandhi;Biography;Richard Attenborough;1982;191;0;6.50
15/06/2020 14:00;The Gentlemen;Action;Guy Ritchie;2019;113;12;8.00
15/06/2020 10:30;Gladiator;Action;Ridley Scott;2000;155;12;8.00
14/06/2020 16:30;Life of Brian;Comedy;Terry Jones;1979;94;16;7.50
14/06/2020 14:30;Bride of Frankenstein;Drama;James Whale;1935;75;12;8.50
14/06/2020 10:30;Gandhi;Biography;Richard Attenborough;1982;191;0;8.00
13/06/2020 16:00;Billy Elliot;Drama;Stephen Daldry;2000;110;16;8.00
13/06/2020 13:00;Der Name der Rose;Crime;Jean-Jacques Annaud;1986;130;16;6.50
13/06/2020 10:30;Bringing Up Baby;Comedy;Howard Hawks;1938;102;12;8.50
12/06/2020 10:30;Breakfast at Tiffany's;Comedy;Blake Edwards;1961;115;12;6.50
11/06/2020 14:30;Andhadhun;Crime;Sriram Raghavan;2018;139;12;6.50
11/06/2020 12:30;Freaks;Drama;Tod Browning;1932;64;12;8.50
11/06/2020 10:00;Bringing Up Baby;Comedy;Howard Hawks;1938;102;12;7.50
10/06/2020 12:30;Dances with Wolves;Adventure;Kevin Costner;1990;181;0;8.00
10/06/2020 10:00;Bringing Up Baby;Comedy;Howard Hawks;1938;102;12;8.00
09/06/2020 13:00;Titanic;Drama;James Cameron;1997;194;12;8.50
09/06/2020 10:30;Life of Brian;Comedy;Terry Jones;1979;94;16;8.50
08/06/2020 10:30;The Matrix;Action;Lana Wachowski;1999;136;12;7.00
07/06/2020 19:00;City Lights;Comedy;Charles Chaplin;1931;87;0;8.50
07/06/2020 16:00;Breakfast at Tiffany's;Comedy;Blake Edwards;1961;115;12;7.00
07/06/2020 13:00;Der Name der Rose;Crime;Jean-Jacques Annaud;1986;130;16;7.50
07/06/2020 10:00;Inherit the Wind;Biography;Stanley Kramer;1960;128;12;6.50
06/06/2020 16:00;Freaks;Drama;Tod Browning;1932;64;12;7.00
06/06/2020 13:30;Life of Brian;Comedy;Terry Jones;1979;94;16;6.50
06/06/2020 10:30;Inherit the Wind;Biography;Stanley Kramer;1960;128;12;8.50
05/06/2020 16:30;Ferris Bueller's Day Off;Comedy;John Hughes;1986;103;0;7.50
05/06/2020 13:30;Der Name der Rose;Crime;Jean-Jacques Annaud;1986;130;16;7.50
05/06/2020 10:30;Inherit the Wind;Biography;Stanley Kramer;1960;128;12;7.50
04/06/2020 13:00;Breakfast at Tiffany's;Comedy;Blake Edwards;1961;115;12;7.50
04/06/2020 10:30;American History X;Drama;Tony Kaye;1998;119;16;7.50
03/06/2020 15:30;American History X;Drama;Tony Kaye;1998;119;16;6.50
03/06/2020 13:00;Who Framed Roger Rabbit;Animation;Robert Zemeckis;1988;104;0;6.50
03/06/2020 10:00;The Matrix;Action;Lana Wachowski;1999;136;12;8.50
02/06/2020 10:00;Inherit the Wind;Biography;Stanley Kramer;1960;128;12;6.50
01/06/2020 13:00;Hera Pheri;Action;Priyadarshan;2000;156;0;7.00
01/06/2020 10:00;Ed Wood;Biography;Tim Burton;1994;127;0;6.50
31/05/2020 16:00;"O Brother; Where Art Thou?";Adventure;Joel Coen;2000;107;0;7.00
31/05/2020 13:00;The Matrix;Action;Lana Wachowski;1999;136;12;6.50
31/05/2020 10:30;"O Brother; Where Art Thou?";Adventure;Joel Coen;2000;107;0;7.50
30/05/2020 17:00;Who Framed Roger Rabbit;Animation;Robert Zemeckis;1988;104;0;7.50
30/05/2020 13:30;The Thin Red Line;Drama;Terrence Malick;1998;170;12;7.50
30/05/2020 10:30;Andhadhun;Crime;Sriram Raghavan;2018;139;12;7.00
29/05/2020 17:00;Portrait de la jeune fille en feu;Drama;Céline Sciamma;2019;122;16;7.50
29/05/2020 14:30;Sanjuro;Action;Akira Kurosawa;1962;96;0;8.50
29/05/2020 10:30;Fanny och Alexander;Drama;Ingmar Bergman;1982;188;12;8.00
28/05/2020 10:30;Ferris Bueller's Day Off;Comedy;John Hughes;1986;103;0;7.00
27/05/2020 16:00;American History X;Drama;Tony Kaye;1998;119;16;7.00
27/05/2020 13:30;City Lights;Comedy;Charles Chaplin;1931;87;0;6.50
27/05/2020 10:30;Arsenic and Old Lace;Comedy;Frank Capra;1942;118;12;8.00
26/05/2020 15:00;Titanic;Drama;James Cameron;1997;194;12;8.00
26/05/2020 12:30;Ferris Bueller's Day Off;Comedy;John Hughes;1986;103;0;7.00
26/05/2020 10:00;American History X;Drama;Tony Kaye;1998;119;16;8.00
25/05/2020 10:00;Rosemary's Baby;Drama;Roman Polanski;1968;137;12;8.50
24/05/2020 19:00;Fanny och Alexander;Drama;Ingmar Bergman;1982;188;12;8.50
24/05/2020 16:30;Modern Times;Comedy;Charles Chaplin;1936;87;0;7.50
24/05/2020 13:30;Rosemary's Baby;Drama;Roman Polanski;1968;137;12;7.50
24/05/2020 10:30;Portrait de la jeune fille en feu;Drama;Céline Sciamma;2019;122;16;6.50
23/05/2020 17:00;Titanic;Drama;James Cameron;1997;194;12;8.50
23/05/2020 14:00;Der Name der Rose;Crime;Jean-Jacques Annaud;1986;130;16;8.00
23/05/2020 10:30;Hera Pheri;Action;Priyadarshan;2000;156;0;8.50
22/05/2020 13:00;Sanjuro;Action;Akira Kurosawa;1962;96;0;8.00
22/05/2020 10:30;Double Indemnity;Crime;Billy Wilder;1944;107;12;7.00
21/05/2020 18:00;Rosemary's Baby;Drama;Roman Polanski;1968;137;12;9.50
21/05/2020 14:30;Hera Pheri;Action;Priyadarshan;2000;156;0;8.50
21/05/2020 10:00;The Ten Commandments;Adventure;Cecil B. DeMille;1956;220;0;8.50
20/05/2020 14:00;Ferris Bueller's Day Off;Comedy;John Hughes;1986;103;0;8.50
20/05/2020 10:30;Breaking the Waves;Drama;Lars von Trier;1996;159;16;8.50
19/05/2020 16:00;The Manchurian Candidate;Drama;John Frankenheimer;1962;126;12;6.50
19/05/2020 13:30;La double vie de Véronique;Drama;Krzysztof Kieslowski;1991;98;16;7.50
19/05/2020 10:00;Breaking the Waves;Drama;Lars von Trier;1996;159;16;8.50
18/05/2020 10:00;The French Connection;Action;William Friedkin;1971;104;12;7.00
17/05/2020 16:30;La règle du jeu;Comedy;Jean Renoir;1939;110;12;7.00
17/05/2020 13:30;American History X;Drama;Tony Kaye;1998;119;16;7.00
17/05/2020 10:00;Breaking the Waves;Drama;Lars von Trier;1996;159;16;7.50
16/05/2020 14:30;Young Frankenstein;Comedy;Mel Brooks;1974;106;12;8.00
16/05/2020 12:30;Le dîner de cons;Comedy;Francis Veber;1998;80;12;8.00
16/05/2020 10:00;Dil Bechara;Comedy;Mukesh Chhabra;2020;101;12;7.50
15/05/2020 13:00;Double Indemnity;Crime;Billy Wilder;1944;107;12;8.00
15/05/2020 10:30;La double vie de Véronique;Drama;Krzysztof Kieslowski;1991;98;16;7.50
14/05/2020 16:00;Rosemary's Baby;Drama;Roman Polanski;1968;137;12;6.50
14/05/2020 13:00;American History X;Drama;Tony Kaye;1998;119;16;7.00
14/05/2020 10:30;Dil Bechara;Comedy;Mukesh Chhabra;2020;101;12;8.50
13/05/2020 15:30;Modern Times;Comedy;Charles Chaplin;1936;87;0;8.50
13/05/2020 13:00;Who Framed Roger Rabbit;Animation;Robert Zemeckis;1988;104;0;7.50
13/05/2020 10:30;Ferris Bueller's Day Off;Comedy;John Hughes;1986;103;0;8.00
12/05/2020 10:30;Fanny och Alexander;Drama;Ingmar Bergman;1982;188;12;8.00
11/05/2020 10:00;Sanjuro;Action;Akira Kurosawa;1962;96;0;8.00
10/05/2020 20:00;The Invisible Man;Horror;James Whale;1933;71;12;8.50
10/05/2020 16:00;Titanic;Drama;James Cameron;1997;194;12;7.00
10/05/2020 12:30;Metropolis;Drama;Fritz Lang;1927;153;12;8.50
10/05/2020 10:00;Sanjuro;Action;Akira Kurosawa;1962;96;0;8.50
09/05/2020 18:00;Freaks;Drama;Tod Browning;1932;64;12;9.50
09/05/2020 16:00;Modern Times;Comedy;Charles Chaplin;1936;87;0;8.50
09/05/2020 13:00;Die Hard: With a Vengeance;Action;John McTiernan;1995;128;12;8.00
09/05/2020 10:00;Rosemary's Baby;Drama;Roman Polanski;1968;137;12;8.50
08/05/2020 13:30;Rosemary's Baby;Drama;Roman Polanski;1968;137;12;8.50
08/05/2020 10:30;The Manchurian Candidate;Drama;John Frankenheimer;1962;126;12;6.50
07/05/2020 12:30;The Ten Commandments;Adventure;Cecil B. DeMille;1956;220;0;7.00
07/05/2020 10:00;Crimes and Misdemeanors;Comedy;Woody Allen;1989;104;12;6.50
06/05/2020 10:30;Fanny och Alexander;Drama;Ingmar Bergman;1982;188;12;6.50
05/05/2020 13:00;La double vie de Véronique;Drama;Krzysztof Kieslowski;1991;98;16;8.00
05/05/2020 10:30;Home Alone;Comedy;Chris Columbus;1990;103;0;7.50
04/05/2020 10:00;Die Hard: With a Vengeance;Action;John McTiernan;1995;128;12;7.50
03/05/2020 15:30;Metropolis;Drama;Fritz Lang;1927;153;12;7.00
03/05/2020 13:00;Rupan sansei: Kariosutoro no shiro;Animation;Hayao Miyazaki;1979;100;0;8.50
03/05/2020 10:30;Annie Hall;Comedy;Woody Allen;1977;93;12;6.50
02/05/2020 15:30;Home Alone;Comedy;Chris Columbus;1990;103;0;8.50
02/05/2020 12:30;"O Brother; Where Art Thou?";Adventure;Joel Coen;2000;107;0;7.50
02/05/2020 10:00;"O Brother; Where Art Thou?";Adventure;Joel Coen;2000;107;0;7.50
01/05/2020 15:00;La double vie de Véronique;Drama;Krzysztof Kieslowski;1991;98;16;8.00
01/05/2020 13:00;Freaks;Drama;Tod Browning;1932;64;12;8.00
01/05/2020 10:30;Double Indemnity;Crime;Billy Wilder;1944;107;12;8.50
30/04/2020 13:00;Breaking the Waves;Drama;Lars von Trier;1996;159;16;7.50
30/04/2020 10:00;Die Hard: With a Vengeance;Action;John McTiernan;1995;128;12;7.00
29/04/2020 10:00;Rosemary's Baby;Drama;Roman Polanski;1968;137;12;8.00
28/04/2020 10:30;Festen;Drama;Thomas Vinterberg;1998;105;16;8.50
27/04/2020 16:00;Double Indemnity;Crime;Billy Wilder;1944;107;12;8.00
27/04/2020 13:00;Rosemary's Baby;Drama;Roman Polanski;1968;137;12;7.50
27/04/2020 10:00;Die Hard: With a Vengeance;Action;John McTiernan;1995;128;12;6.50
26/04/2020 15:30;Breaking the Waves;Drama;Lars von Trier;1996;159;16;7.00
26/04/2020 12:30;The Man Who Shot Liberty Valance;Drama;John Ford;1962;123;12;6.50
26/04/2020 10:00;Home Alone;Comedy;Chris Columbus;1990;103;0;8.00
25/04/2020 17:30;"O Brother; Where Art Thou?";Adventure;Joel Coen;2000;107;0;8.50
25/04/2020 14:30;The Manchurian Candidate;Drama;John Frankenheimer;1962;126;12;6.50
25/04/2020 12:00;Toy Story;Animation;John Lasseter;1995;81;0;7.00
25/04/2020 10:00;Freaks;Drama;Tod Browning;1932;64;12;8.50
24/04/2020 10:00;Rupan sansei: Kariosutoro no shiro;Animation;Hayao Miyazaki;1979;100;0;7.50
23/04/2020 13:30;Solaris;Drama;Andrei Tarkovsky;1972;167;6;6.50
23/04/2020 10:30;Die Hard: With a Vengeance;Action;John McTiernan;1995;128;12;7.50
22/04/2020 10:30;Manbiki kazoku;Crime;Hirokazu Koreeda;2018;121;12;7.50
21/04/2020 15:30;Stagecoach;Adventure;John Ford;1939;96;12;8.00
21/04/2020 13:30;Freaks;Drama;Tod Browning;1932;64;12;7.00
21/04/2020 10:30;The Man Who Shot Liberty Valance;Drama;John Ford;1962;123;12;7.50
20/04/2020 17:00;Festen;Drama;Thomas Vinterberg;1998;105;16;6.50
20/04/2020 13:00;JFK;Drama;Oliver Stone;1991;189;12;7.50
20/04/2020 10:30;Crimes and Misdemeanors;Comedy;Woody Allen;1989;104;12;8.50
19/04/2020 18:00;Metropolis;Drama;Fritz Lang;1927;153;12;10.00
19/04/2020 15:00;The Man Who Shot Liberty Valance;Drama;John Ford;1962;123;12;8.00
19/04/2020 12:30;Double Indemnity;Crime;Billy Wilder;1944;107;12;8.50
19/04/2020 10:00;The French Connection;Action;William Friedkin;1971;104;12;7.00
18/04/2020 17:30;Double Indemnity;Crime;Billy Wilder;1944;107;12;7.00
18/04/2020 15:30;Freaks;Drama;Tod Browning;1932;64;12;8.50
18/04/2020 13:00;Home Alone;Comedy;Chris Columbus;1990;103;0;6.50
18/04/2020 10:00;The Manchurian Candidate;Drama;John Frankenheimer;1962;126;12;8.50
17/04/2020 10:30;Blade Runner;Action;Ridley Scott;1982;117;12;7.50
16/04/2020 13:30;The Manchurian Candidate;Drama;John Frankenheimer;1962;126;12;6.50
16/04/2020 10:30;Dead Man;Adventure;Jim Jarmusch;1995;121;16;8.50
15/04/2020 17:30;Dead Man;Adventure;Jim Jarmusch;1995;121;16;8.50
15/04/2020 15:00;Crimes and Misdemeanors;Comedy;Woody Allen;1989;104;12;8.50
15/04/2020 10:30;The Ten Commandments;Adventure;Cecil B. DeMille;1956;220;0;7.00
14/04/2020 10:00;Kagemusha;Drama;Akira Kurosawa;1980;180;0;8.50
13/04/2020 13:30;The French Connection;Action;William Friedkin;1971;104;12;7.50
13/04/2020 10:30;Manbiki kazoku;Crime;Hirokazu Koreeda;2018;121;12;8.50
12/04/2020 18:30;Blade Runner;Action;Ridley Scott;1982;117;12;8.50
12/04/2020 15:30;The Man Who Shot Liberty Valance;Drama;John Ford;1962;123;12;6.50
12/04/2020 12:30;Batoru rowaiaru;Action;Kinji Fukasaku;2000;114;12;8.50
12/04/2020 10:00;Rupan sansei: Kariosutoro no shiro;Animation;Hayao Miyazaki;1979;100;0;7.00
11/04/2020 16:00;Annie Hall;Comedy;Woody Allen;1977;93;12;7.50
11/04/2020 13:00;Dead Man;Adventure;Jim Jarmusch;1995;121;16;7.50
11/04/2020 10:30;Double Indemnity;Crime;Billy Wilder;1944;107;12;6.50
10/04/2020 17:00;Double Indemnity;Crime;Billy Wilder;1944;107;12;7.50
10/04/2020 13:30;Metropolis;Drama;Fritz Lang;1927;153;12;7.50
10/04/2020 10:30;Amarcord;Comedy;Federico Fellini;1973;123;16;8.00
09/04/2020 16:30;Double Indemnity;Crime;Billy Wilder;1944;107;12;7.00
09/04/2020 13:00;Metropolis;Drama;Fritz Lang;1927;153;12;8.50
09/04/2020 10:00;Amarcord;Comedy;Federico Fellini;1973;123;16;7.00
08/04/2020 10:30;Mr. Smith Goes to Washington;Comedy;Frank Capra;1939;129;12;8.00
07/04/2020 10:00;Festen;Drama;Thomas Vinterberg;1998;105;16;8.50
06/04/2020 12:30;Annie Hall;Comedy;Woody Allen;1977;93;12;7.00
06/04/2020 10:00;Festen;Drama;Thomas Vinterberg;1998;105;16;8.50
05/04/2020 18:30;Home Alone;Comedy;Chris Columbus;1990;103;0;9.50
05/04/2020 15:30;Batoru rowaiaru;Action;Kinji Fukasaku;2000;114;12;7.00
05/04/2020 13:00;Trois couleurs: Rouge;Drama;Krzysztof Kieslowski;1994;99;0;6.50
05/04/2020 10:30;The French Connection;Action;William Friedkin;1971;104;12;6.50
04/04/2020 19:30;The Ten Commandments;Adventure;Cecil B. DeMille;1956;220;0;10.00
04/04/2020 16:30;White Heat;Action;Raoul Walsh;1949;114;12;7.50
04/04/2020 13:00;Solaris;Drama;Andrei Tarkovsky;1972;167;6;6.50
04/04/2020 10:00;Double Indemnity;Crime;Billy Wilder;1944;107;12;7.50
03/04/2020 17:00;JFK;Drama;Oliver Stone;1991;189;12;6.50
03/04/2020 13:00;JFK;Drama;Oliver Stone;1991;189;12;8.00
03/04/2020 10:00;The Man Who Shot Liberty Valance;Drama;John Ford;1962;123;12;8.00
02/04/2020 13:30;Freaks;Drama;Tod Browning;1932;64;12;6.50
02/04/2020 10:30;The Lion in Winter;Biography;Anthony Harvey;1968;134;6;7.00
01/04/2020 10:00;Stagecoach;Adventure;John Ford;1939;96;12;6.50
31/03/2020 15:00;The Manchurian Candidate;Drama;John Frankenheimer;1962;126;12;6.50
31/03/2020 13:00;Freaks;Drama;Tod Browning;1932;64;12;8.00
31/03/2020 10:00;Sling Blade;Drama;Billy Bob Thornton;1996;135;16;6.50
30/03/2020 10:30;La vita è bella;Comedy;Roberto Benigni;1997;116;0;7.00
29/03/2020 18:00;Festen;Drama;Thomas Vinterberg;1998;105;16;10.00
29/03/2020 15:30;Annie Hall;Comedy;Woody Allen;1977;93;12;8.00
29/03/2020 13:00;Crimes and Misdemeanors;Comedy;Woody Allen;1989;104;12;7.00
29/03/2020 10:30;Blade Runner;Action;Ridley Scott;1982;117;12;8.50
28/03/2020 19:30;The Sixth Sense;Drama;M. Night Shyamalan;1999;107;12;9.50
28/03/2020 17:00;Blade Runner;Action;Ridley Scott;1982;117;12;7.00
28/03/2020 14:00;The Lion in Winter;Biography;Anthony Harvey;1968;134;6;8.00
28/03/2020 10:00;JFK;Drama;Oliver Stone;1991;189;12;8.00
27/03/2020 10:00;White Heat;Action;Raoul Walsh;1949;114;12;7.00
26/03/2020 13:00;Toy Story;Animation;John Lasseter;1995;81;0;8.00
26/03/2020 10:30;The Shop Around the Corner;Comedy;Ernst Lubitsch;1940;99;12;8.50
25/03/2020 15:30;Sling Blade;Drama;Billy Bob Thornton;1996;135;16;7.00
25/03/2020 13:00;Stagecoach;Adventure;John Ford;1939;96;12;7.50
25/03/2020 10:30;The Sixth Sense;Drama;M. Night Shyamalan;1999;107;12;8.50
24/03/2020 18:00;The Sixth Sense;Drama;M. Night Shyamalan;1999;107;12;10.00
24/03/2020 14:00;JFK;Drama;Oliver Stone;1991;189;12;8.00
24/03/2020 10:00;Kagemusha;Drama;Akira Kurosawa;1980;180;0;6.50
23/03/2020 13:30;Mr. Smith Goes to Washington;Comedy;Frank Capra;1939;129;12;7.50
23/03/2020 10:30;Batoru rowaiaru;Action;Kinji Fukasaku;2000;114;12;8.50
22/03/2020 15:00;Glengarry Glen Ross;Crime;James Foley;1992;100;16;8.50
22/03/2020 12:30;Blade Runner;Action;Ridley Scott;1982;117;12;7.00
22/03/2020 10:00;Sweet Smell of Success;Drama;Alexander Mackendrick;1957;96;12;8.00
21/03/2020 20:00;Groundhog Day;Comedy;Harold Ramis;1993;101;0;10.00
21/03/2020 17:30;White Heat;Action;Raoul Walsh;1949;114;12;8.50
21/03/2020 14:30;Sling Blade;Drama;Billy Bob Thornton;1996;135;16;8.00
21/03/2020 10:30;JFK;Drama;Oliver Stone;1991;189;12;8.00
20/03/2020 10:30;A Bronx Tale;Crime;Robert De Niro;1993;121;16;8.00
19/03/2020 13:30;White Heat;Action;Raoul Walsh;1949;114;12;6.50
19/03/2020 10:30;The Lion in Winter;Biography;Anthony Harvey;1968;134;6;7.50
18/03/2020 15:30;Mr. Smith Goes to Washington;Comedy;Frank Capra;1939;129;12;7.50
18/03/2020 13:00;Festen;Drama;Thomas Vinterberg;1998;105;16;7.50
18/03/2020 10:00;Sling Blade;Drama;Billy Bob Thornton;1996;135;16;7.00
17/03/2020 15:30;The Shop Around the Corner;Comedy;Ernst Lubitsch;1940;99;12;7.00
17/03/2020 12:30;Sling Blade;Drama;Billy Bob Thornton;1996;135;16;7.50
17/03/2020 10:00;Groundhog Day;Comedy;Harold Ramis;1993;101;0;8.00
16/03/2020 10:00;White Heat;Action;Raoul Walsh;1949;114;12;8.00
15/03/2020 18:30;Sweet Smell of Success;Drama;Alexander Mackendrick;1957;96;12;9.50
15/03/2020 16:00;Festen;Drama;Thomas Vinterberg;1998;105;16;7.00
15/03/2020 13:00;La battaglia di Algeri;Drama;Gillo Pontecorvo;1966;121;12;6.50
15/03/2020 10:30;The Adventures of Robin Hood;Action;Michael Curtiz;1938;102;6;7.00
14/03/2020 16:00;Sling Blade;Drama;Billy Bob Thornton;1996;135;16;8.00
14/03/2020 13:30;Festen;Drama;Thomas Vinterberg;1998;105;16;7.50
14/03/2020 10:30;Blade Runner;Action;Ridley Scott;1982;117;12;7.50
13/03/2020 13:00;Blade Runner;Action;Ridley Scott;1982;117;12;7.50
13/03/2020 10:00;Batoru rowaiaru;Action;Kinji Fukasaku;2000;114;12;7.50
12/03/2020 17:00;La battaglia di Algeri;Drama;Gillo Pontecorvo;1966;121;12;6.50
12/03/2020 13:00;JFK;Drama;Oliver Stone;1991;189;12;8.00
12/03/2020 10:30;Sweet Smell of Success;Drama;Alexander Mackendrick;1957;96;12;7.00
11/03/2020 16:00;L.A. Confidential;Crime;Curtis Hanson;1997;138;12;7.50
11/03/2020 13:00;Blade Runner;Action;Ridley Scott;1982;117;12;7.50
11/03/2020 10:30;Kurenai no buta;Animation;Hayao Miyazaki;1992;94;0;7.50
10/03/2020 17:00;Mr. Smith Goes to Washington;Comedy;Frank Capra;1939;129;12;8.00
10/03/2020 13:00;JFK;Drama;Oliver Stone;1991;189;12;6.50
10/03/2020 10:30;The Sixth Sense;Drama;M. Night Shyamalan;1999;107;12;7.00
09/03/2020 17:00;Manbiki kazoku;Crime;Hirokazu Koreeda;2018;121;12;6.50
09/03/2020 14:30;The Shop Around the Corner;Comedy;Ernst Lubitsch;1940;99;12;8.50
09/03/2020 10:30;Kagemusha;Drama;Akira Kurosawa;1980;180;0;7.00
08/03/2020 20:00;La battaglia di Algeri;Drama;Gillo Pontecorvo;1966;121;12;8.50
08/03/2020 17:30;Sweet Smell of Success;Drama;Alexander Mackendrick;1957;96;12;8.00
08/03/2020 13:30;JFK;Drama;Oliver Stone;1991;189;12;6.50
08/03/2020 10:30;L.A. Confidential;Crime;Curtis Hanson;1997;138;12;7.00
07/03/2020 15:30;La battaglia di Algeri;Drama;Gillo Pontecorvo;1966;121;12;6.50
07/03/2020 13:00;Festen;Drama;Thomas Vinterberg;1998;105;16;7.00
07/03/2020 10:00;Batoru rowaiaru;Action;Kinji Fukasaku;2000;114;12;7.50
06/03/2020 17:00;The Lion in Winter;Biography;Anthony Harvey;1968;134;6;7.50
06/03/2020 13:00;JFK;Drama;Oliver Stone;1991;189;12;7.00
06/03/2020 10:00;La battaglia di Algeri;Drama;Gillo Pontecorvo;1966;121;12;6.50
05/03/2020 10:30;Braveheart;Biography;Mel Gibson;1995;178;12;8.00
04/03/2020 13:00;JFK;Drama;Oliver Stone;1991;189;12;8.00
04/03/2020 10:00;Mr. Smith Goes to Washington;Comedy;Frank Capra;1939;129;12;7.50
03/03/2020 12:00;A Clockwork Orange;Crime;Stanley Kubrick;1971;136;12;7.50
03/03/2020 10:00;Vivre sa vie: Film en douze tableaux;Drama;Jean-Luc Godard;1962;80;12;7.00
02/03/2020 15:00;Sweet Smell of Success;Drama;Alexander Mackendrick;1957;96;12;8.00
02/03/2020 12:30;Crimes and Misdemeanors;Comedy;Woody Allen;1989;104;12;8.00
02/03/2020 10:00;Crimes and Misdemeanors;Comedy;Woody Allen;1989;104;12;8.50
01/03/2020 19:30;A Bronx Tale;Crime;Robert De Niro;1993;121;16;10.00
01/03/2020 16:00;Once Upon a Time... in Hollywood;Comedy;Quentin Tarantino;2019;161;12;7.00
01/03/2020 13:00;The Manchurian Candidate;Drama;John Frankenheimer;1962;126;12;6.50
01/03/2020 10:30;Sweet Smell of Success;Drama;Alexander Mackendrick;1957;96;12;7.50
29/02/2020 20:00;Kagemusha;Drama;Akira Kurosawa;1980;180;0;9.00
29/02/2020 17:00;Dancer in the Dark;Crime;Lars von Trier;2000;140;0;8.50
29/02/2020 13:00;Kagemusha;Drama;Akira Kurosawa;1980;180;0;8.50
29/02/2020 10:00;A Clockwork Orange;Crime;Stanley Kubrick;1971;136;12;8.00
28/02/2020 15:00;La vita è bella;Comedy;Roberto Benigni;1997;116;0;8.00
28/02/2020 12:30;Groundhog Day;Comedy;Harold Ramis;1993;101;0;7.50
28/02/2020 10:00;Bonnie and Clyde;Action;Arthur Penn;1967;111;12;7.00
27/02/2020 10:30;Batoru rowaiaru;Action;Kinji Fukasaku;2000;114;12;6.50
26/02/2020 16:00;Les quatre cents coups;Crime;François Truffaut;1959;99;12;7.00
26/02/2020 13:00;The Lion in Winter;Biography;Anthony Harvey;1968;134;6;7.50
26/02/2020 10:30;La vita è bella;Comedy;Roberto Benigni;1997;116;0;7.50
25/02/2020 14:30;Il conformista;Drama;Bernardo Bertolucci;1970;113;12;8.50
25/02/2020 10:30;Braveheart;Biography;Mel Gibson;1995;178;12;7.50
24/02/2020 10:00;Manbiki kazoku;Crime;Hirokazu Koreeda;2018;121;12;7.50
23/02/2020 16:30;Il conformista;Drama;Bernardo Bertolucci;1970;113;12;7.50
23/02/2020 12:30;Braveheart;Biography;Mel Gibson;1995;178;12;7.50
23/02/2020 10:00;La vita è bella;Comedy;Roberto Benigni;1997;116;0;7.50
22/02/2020 17:00;L.A. Confidential;Crime;Curtis Hanson;1997;138;12;6.50
22/02/2020 13:00;Braveheart;Biography;Mel Gibson;1995;178;12;8.00
22/02/2020 10:00;White Heat;Action;Raoul Walsh;1949;114;12;8.00
21/02/2020 15:30;Les quatre cents coups;Crime;François Truffaut;1959;99;12;7.50
21/02/2020 13:00;Groundhog Day;Comedy;Harold Ramis;1993;101;0;6.50
21/02/2020 10:00;A Bronx Tale;Crime;Robert De Niro;1993;121;16;6.50
20/02/2020 12:30;Lost Highway;Mystery;David Lynch;1997;134;12;6.50
20/02/2020 10:00;Kurenai no buta;Animation;Hayao Miyazaki;1992;94;0;7.00
19/02/2020 10:30;The Godfather: Part II;Crime;Francis Ford Coppola;1974;202;12;8.00
18/02/2020 13:00;Les quatre cents coups;Crime;François Truffaut;1959;99;12;8.00
18/02/2020 10:00;Il conformista;Drama;Bernardo Bertolucci;1970;113;12;7.50
17/02/2020 16:00;"Planes; Trains & Automobiles";Comedy;John Hughes;1987;93;0;7.00
17/02/2020 13:00;A Bronx Tale;Crime;Robert De Niro;1993;121;16;8.00
17/02/2020 10:30;Sweet Smell of Success;Drama;Alexander Mackendrick;1957;96;12;7.50
16/02/2020 16:30;Kurenai no buta;Animation;Hayao Miyazaki;1992;94;0;7.00
16/02/2020 13:30;A Clockwork Orange;Crime;Stanley Kubrick;1971;136;12;8.50
16/02/2020 10:30;Lost Highway;Mystery;David Lynch;1997;134;12;7.00
15/02/2020 18:00;Lost Highway;Mystery;David Lynch;1997;134;12;9.00
15/02/2020 14:30;La dolce vita;Comedy;Federico Fellini;1960;174;12;8.50
15/02/2020 10:00;The Godfather: Part II;Crime;Francis Ford Coppola;1974;202;12;7.00
14/02/2020 13:30;The Matrix;Action;Lana Wachowski;1999;136;12;7.50
14/02/2020 10:00;Once Upon a Time... in Hollywood;Comedy;Quentin Tarantino;2019;161;12;6.50
13/02/2020 10:30;Il conformista;Drama;Bernardo Bertolucci;1970;113;12;6.50
12/02/2020 15:30;Bonnie and Clyde;Action;Arthur Penn;1967;111;12;8.50
12/02/2020 13:00;The Adventures of Robin Hood;Action;Michael Curtiz;1938;102;6;8.50
12/02/2020 10:30;Badlands;Action;Terrence Malick;1973;94;6;8.00
11/02/2020 14:00;The Little Mermaid;Animation;Ron Clements;1989;83;0;6.50
11/02/2020 10:30;Once Upon a Time... in Hollywood;Comedy;Quentin Tarantino;2019;161;12;7.00
10/02/2020 15:30;Lawrence of Arabia;Adventure;David Lean;1962;228;0;7.50
10/02/2020 13:00;Bringing Up Baby;Comedy;Howard Hawks;1938;102;12;7.00
10/02/2020 10:00;The Game;Action;David Fincher;1997;129;12;7.50
09/02/2020 17:30;Kurenai no buta;Animation;Hayao Miyazaki;1992;94;0;8.50
09/02/2020 13:00;Lawrence of Arabia;Adventure;David Lean;1962;228;0;7.00
09/02/2020 10:30;"Lock; Stock and Two Smoking Barrels";Action;Guy Ritchie;1998;107;12;7.00
08/02/2020 17:00;Kurenai no buta;Animation;Hayao Miyazaki;1992;94;0;8.50
08/02/2020 13:30;Once Upon a Time... in Hollywood;Comedy;Quentin Tarantino;2019;161;12;6.50
08/02/2020 10:30;The Matrix;Action;Lana Wachowski;1999;136;12;6.50
07/02/2020 16:00;Frankenstein;Drama;James Whale;1931;70;12;8.00
07/02/2020 13:30;Cat on a Hot Tin Roof;Drama;Richard Brooks;1958;108;12;8.00
07/02/2020 10:30;A Clockwork Orange;Crime;Stanley Kubrick;1971;136;12;7.00
06/02/2020 13:00;Bonnie and Clyde;Action;Arthur Penn;1967;111;12;8.00
06/02/2020 10:00;Green Book;Biography;Peter Farrelly;2018;130;12;7.50
05/02/2020 13:30;A Clockwork Orange;Crime;Stanley Kubrick;1971;136;12;7.50
05/02/2020 10:00;La dolce vita;Comedy;Federico Fellini;1960;174;12;8.00
04/02/2020 10:00;"Lock; Stock and Two Smoking Barrels";Action;Guy Ritchie;1998;107;12;7.00
03/02/2020 17:30;The Matrix;Action;Lana Wachowski;1999;136;12;6.50
03/02/2020 13:00;Lawrence of Arabia;Adventure;David Lean;1962;228;0;8.00
03/02/2020 10:30;"Lock; Stock and Two Smoking Barrels";Action;Guy Ritchie;1998;107;12;8.50
02/02/2020 19:30;Il conformista;Drama;Bernardo Bertolucci;1970;113;12;9.50
02/02/2020 15:00;Lawrence of Arabia;Adventure;David Lean;1962;228;0;7.00
02/02/2020 12:30;Kurenai no buta;Animation;Hayao Miyazaki;1992;94;0;7.00
02/02/2020 10:00;Bringing Up Baby;Comedy;Howard Hawks;1938;102;12;8.50
01/02/2020 15:00;The Matrix;Action;Lana Wachowski;1999;136;12;6.50
01/02/2020 12:30;Bonnie and Clyde;Action;Arthur Penn;1967;111;12;8.00
01/02/2020 10:00;"Lock; Stock and Two Smoking Barrels";Action;Guy Ritchie;1998;107;12;7.50
31/01/2020 13:00;Bonnie and Clyde;Action;Arthur Penn;1967;111;12;7.50
31/01/2020 10:00;Dom za vesanje;Comedy;Emir Kusturica;1988;142;16;6.50
30/01/2020 14:30;Les quatre cents coups;Crime;François Truffaut;1959;99;12;7.50
30/01/2020 12:00;Cat on a Hot Tin Roof;Drama;Richard Brooks;1958;108;12;8.00
30/01/2020 10:00;Frankenstein;Drama;James Whale;1931;70;12;8.00
29/01/2020 15:00;Ford v Ferrari;Action;James Mangold;2019;152;12;7.50
29/01/2020 12:00;The Matrix;Action;Lana Wachowski;1999;136;12;6.50
29/01/2020 10:00;Vivre sa vie: Film en douze tableaux;Drama;Jean-Luc Godard;1962;80;12;7.00
28/01/2020 15:00;Green Book;Biography;Peter Farrelly;2018;130;12;6.50
28/01/2020 13:00;Frankenstein;Drama;James Whale;1931;70;12;7.50
28/01/2020 10:00;The Matrix;Action;Lana Wachowski;1999;136;12;8.00
27/01/2020 10:00;The Little Mermaid;Animation;Ron Clements;1989;83;0;6.50
26/01/2020 16:30;Ford v Ferrari;Action;James Mangold;2019;152;12;8.00
26/01/2020 13:00;Ran;Action;Akira Kurosawa;1985;162;0;7.00
26/01/2020 10:00;The Matrix;Action;Lana Wachowski;1999;136;12;8.00
25/01/2020 16:00;The Matrix;Action;Lana Wachowski;1999;136;12;7.00
25/01/2020 13:30;Kurenai no buta;Animation;Hayao Miyazaki;1992;94;0;8.50
25/01/2020 10:00;Dom za vesanje;Comedy;Emir Kusturica;1988;142;16;7.00
24/01/2020 10:00;Bonnie and Clyde;Action;Arthur Penn;1967;111;12;8.00
23/01/2020 18:30;Bonnie and Clyde;Action;Arthur Penn;1967;111;12;9.00
23/01/2020 14:00;Lawrence of Arabia;Adventure;David Lean;1962;228;0;8.50
23/01/2020 10:00;Casino;Crime;Martin Scorsese;1995;178;12;8.50
22/01/2020 10:00;Mad Max 2;Action;George Miller;1981;96;12;8.50
21/01/2020 14:30;The Little Mermaid;Animation;Ron Clements;1989;83;0;7.50
21/01/2020 12:30;The Little Mermaid;Animation;Ron Clements;1989;83;0;6.50
21/01/2020 10:00;"Lock; Stock and Two Smoking Barrels";Action;Guy Ritchie;1998;107;12;6.50
20/01/2020 10:00;A Few Good Men;Drama;Rob Reiner;1992;138;0;7.50
19/01/2020 16:00;To Kill a Mockingbird;Crime;Robert Mulligan;1962;129;0;7.00
19/01/2020 13:00;Green Book;Biography;Peter Farrelly;2018;130;12;8.00
19/01/2020 10:00;Zulu;Drama;Cy Endfield;1964;138;0;8.00
18/01/2020 20:00;The Matrix;Action;Lana Wachowski;1999;136;12;8.50
18/01/2020 16:30;Ford v Ferrari;Action;James Mangold;2019;152;12;6.50
18/01/2020 13:30;The Matrix;Action;Lana Wachowski;1999;136;12;6.50
18/01/2020 10:30;Mary Poppins;Comedy;Robert Stevenson;1964;139;0;6.50
17/01/2020 10:00;Secrets & Lies;Comedy;Mike Leigh;1996;136;0;8.50
16/01/2020 10:00;Avengers: Infinity War;Action;Anthony Russo;2018;149;12;8.50
15/01/2020 17:00;The Longest Day;Action;Ken Annakin;1962;178;0;8.50
15/01/2020 14:00;Bonnie and Clyde;Action;Arthur Penn;1967;111;12;8.50
15/01/2020 10:00;The Longest Day;Action;Ken Annakin;1962;178;0;6.50
14/01/2020 13:00;Home Alone;Comedy;Chris Columbus;1990;103;0;8.00
14/01/2020 10:30;Mad Max 2;Action;George Miller;1981;96;12;7.00
13/01/2020 17:00;Secrets & Lies;Comedy;Mike Leigh;1996;136;0;8.50
13/01/2020 14:30;"Lock; Stock and Two Smoking Barrels";Action;Guy Ritchie;1998;107;12;8.00
13/01/2020 10:30;The Longest Day;Action;Ken Annakin;1962;178;0;6.50
12/01/2020 17:30;The Nightmare Before Christmas;Animation;Henry Selick;1993;76;0;8.00
12/01/2020 14:00;Ford v Ferrari;Action;James Mangold;2019;152;12;8.50
12/01/2020 10:30;Ran;Action;Akira Kurosawa;1985;162;0;7.50
11/01/2020 19:30;Mary Poppins;Comedy;Robert Stevenson;1964;139;0;9.50
11/01/2020 16:30;October Sky;Biography;Joe Johnston;1999;108;6;6.50
11/01/2020 14:00;Mad Max 2;Action;George Miller;1981;96;12;6.50
11/01/2020 10:30;Zulu;Drama;Cy Endfield;1964;138;0;8.00
10/01/2020 14:00;Bringing Up Baby;Comedy;Howard Hawks;1938;102;12;7.50
10/01/2020 10:00;Casino;Crime;Martin Scorsese;1995;178;12;8.50
09/01/2020 16:30;Casino;Crime;Martin Scorsese;1995;178;12;7.50
09/01/2020 14:00;Mad Max 2;Action;George Miller;1981;96;12;6.50
09/01/2020 10:30;Ford v Ferrari;Action;James Mangold;2019;152;12;7.00
08/01/2020 12:30;Cat on a Hot Tin Roof;Drama;Richard Brooks;1958;108;12;6.50
08/01/2020 10:30;Frankenstein;Drama;James Whale;1931;70;12;8.50
07/01/2020 16:30;To Kill a Mockingbird;Crime;Robert Mulligan;1962;129;0;7.00
07/01/2020 13:30;A Few Good Men;Drama;Rob Reiner;1992;138;0;8.00
07/01/2020 10:30;Avengers: Infinity War;Action;Anthony Russo;2018;149;12;7.50
06/01/2020 13:00;Avengers: Infinity War;Action;Anthony Russo;2018;149;12;8.00
06/01/2020 10:30;Home Alone;Comedy;Chris Columbus;1990;103;0;8.00
05/01/2020 20:00;Bringing Up Baby;Comedy;Howard Hawks;1938;102;12;10.00
05/01/2020 17:00;Withnail & I;Comedy;Bruce Robinson;1987;107;16;8.50
05/01/2020 13:30;Ran;Action;Akira Kurosawa;1985;162;0;7.50
05/01/2020 10:00;Ran;Action;Akira Kurosawa;1985;162;0;8.50
04/01/2020 16:00;Lola rennt;Crime;Tom Tykwer;1998;81;12;6.50
04/01/2020 13:30;Lola rennt;Crime;Tom Tykwer;1998;81;12;8.50
04/01/2020 10:30;The Outlaw Josey Wales;Western;Clint Eastwood;1976;135;12;8.00
03/01/2020 10:30;Ran;Action;Akira Kurosawa;1985;162;0;7.50
02/01/2020 13:00;American History X;Drama;Tony Kaye;1998;119;16;8.00
02/01/2020 10:30;Gattaca;Drama;Andrew Niccol;1997;106;12;7.00
01/01/2020 13:30;To Kill a Mockingbird;Crime;Robert Mulligan;1962;129;0;6.50
01/01/2020 10:00;Zulu;Drama;Cy Endfield;1964;138;0;7.00
31/12/2019 14:00;Lola rennt;Crime;Tom Tykwer;1998;81;12;6.50
31/12/2019 10:00;The Longest Day;Action;Ken Annakin;1962;178;0;8.50
30/12/2019 17:00;Bonnie and Clyde;Action;Arthur Penn;1967;111;12;6.50
30/12/2019 13:30;Ran;Action;Akira Kurosawa;1985;162;0;8.50
30/12/2019 10:30;A Few Good Men;Drama;Rob Reiner;1992;138;0;6.50
29/12/2019 19:30;To Kill a Mockingbird;Crime;Robert Mulligan;1962;129;0;9.50
29/12/2019 16:00;Ran;Action;Akira Kurosawa;1985;162;0;6.50
29/12/2019 13:00;Zulu;Drama;Cy Endfield;1964;138;0;7.00
29/12/2019 10:00;Tombstone;Action;George P. Cosmatos;1993;130;16;8.50
28/12/2019 19:00;Bonnie and Clyde;Action;Arthur Penn;1967;111;12;9.50
28/12/2019 16:00;A Few Good Men;Drama;Rob Reiner;1992;138;0;8.00
28/12/2019 13:30;A Night at the Opera;Comedy;Sam Wood;1935;96;12;8.00
28/12/2019 10:30;Tombstone;Action;George P. Cosmatos;1993;130;16;7.50
27/12/2019 12:30;To Kill a Mockingbird;Crime;Robert Mulligan;1962;129;0;8.00
27/12/2019 10:00;Gattaca;Drama;Andrew Niccol;1997;106;12;8.50
26/12/2019 13:30;Tombstone;Action;George P. Cosmatos;1993;130;16;6.50
26/12/2019 10:00;Dom za vesanje;Comedy;Emir Kusturica;1988;142;16;7.50
25/12/2019 10:00;Green Book;Biography;Peter Farrelly;2018;130;12;7.00
24/12/2019 15:00;The Sixth Sense;Drama;M. Night Shyamalan;1999;107;12;8.00
24/12/2019 13:00;Lola rennt;Crime;Tom Tykwer;1998;81;12;8.00
24/12/2019 10:00;Green Book;Biography;Peter Farrelly;2018;130;12;7.50
23/12/2019 10:30;The Longest Day;Action;Ken Annakin;1962;178;0;8.00
22/12/2019 20:30;Green Book;Biography;Peter Farrelly;2018;130;12;9.50
22/12/2019 17:30;Tombstone;Action;George P. Cosmatos;1993;130;16;7.00
22/12/2019 14:00;Secrets & Lies;Comedy;Mike Leigh;1996;136;0;7.00
22/12/2019 10:30;Secrets & Lies;Comedy;Mike Leigh;1996;136;0;7.50
21/12/2019 20:30;Home Alone;Comedy;Chris Columbus;1990;103;0;9.50
21/12/2019 16:30;Casino;Crime;Martin Scorsese;1995;178;12;8.50
21/12/2019 12:30;Casino;Crime;Martin Scorsese;1995;178;12;8.50
21/12/2019 10:00;Bringing Up Baby;Comedy;Howard Hawks;1938;102;12;8.50
20/12/2019 10:00;The Longest Day;Action;Ken Annakin;1962;178;0;7.50
19/12/2019 13:00;The Princess Bride;Adventure;Rob Reiner;1987;98;0;7.50
19/12/2019 10:00;Tombstone;Action;George P. Cosmatos;1993;130;16;7.00
18/12/2019 13:30;Mad Max 2;Action;George Miller;1981;96;12;7.00
18/12/2019 10:30;Green Book;Biography;Peter Farrelly;2018;130;12;7.50
17/12/2019 13:30;Secrets & Lies;Comedy;Mike Leigh;1996;136;0;8.50
17/12/2019 10:30;The Magnificent Seven;Action;John Sturges;1960;128;12;7.50
16/12/2019 16:00;Breaking the Waves;Drama;Lars von Trier;1996;159;16;7.50
16/12/2019 13:00;American History X;Drama;Tony Kaye;1998;119;16;7.00
16/12/2019 10:00;A Few Good Men;Drama;Rob Reiner;1992;138;0;8.50
15/12/2019 16:30;The Longest Day;Action;Ken Annakin;1962;178;0;8.00
15/12/2019 13:00;Avengers: Infinity War;Action;Anthony Russo;2018;149;12;6.50
15/12/2019 10:00;American History X;Drama;Tony Kaye;1998;119;16;7.00
14/12/2019 19:30;Zulu;Drama;Cy Endfield;1964;138;0;9.00
14/12/2019 16:30;Secrets & Lies;Comedy;Mike Leigh;1996;136;0;6.50
14/12/2019 13:00;Avengers: Infinity War;Action;Anthony Russo;2018;149;12;8.50
14/12/2019 10:00;Fear and Loathing in Las Vegas;Adventure;Terry Gilliam;1998;118;16;6.50
13/12/2019 15:30;The Outlaw Josey Wales;Western;Clint Eastwood;1976;135;12;6.50
13/12/2019 13:30;The Nightmare Before Christmas;Animation;Henry Selick;1993;76;0;6.50
13/12/2019 10:30;Fear and Loathing in Las Vegas;Adventure;Terry Gilliam;1998;118;16;7.50
12/12/2019 16:30;Trois couleurs: Rouge;Drama;Krzysztof Kieslowski;1994;99;0;6.50
12/12/2019 13:30;The Boondock Saints;Action;Troy Duffy;1999;108;16;8.50
12/12/2019 10:30;The Sixth Sense;Drama;M. Night Shyamalan;1999;107;12;8.00
11/12/2019 10:30;Home Alone;Comedy;Chris Columbus;1990;103;0;8.00
10/12/2019 10:30;Miller's Crossing;Crime;Joel Coen;1990;115;16;6.50
09/12/2019 16:30;Breaking the Waves;Drama;Lars von Trier;1996;159;16;8.00
09/12/2019 13:00;Zulu;Drama;Cy Endfield;1964;138;0;7.00
09/12/2019 10:00;Anand;Drama;Hrishikesh Mukherjee;1971;122;0;7.00
08/12/2019 16:00;La passion de Jeanne d'Arc;Biography;Carl Theodor Dreyer;1928;110;12;8.50
08/12/2019 13:00;Anand;Drama;Hrishikesh Mukherjee;1971;122;0;8.00
08/12/2019 10:30;Trois couleurs: Rouge;Drama;Krzysztof Kieslowski;1994;99;0;7.00
07/12/2019 18:30;Gattaca;Drama;Andrew Niccol;1997;106;12;9.50
07/12/2019 15:30;The Outlaw Josey Wales;Western;Clint Eastwood;1976;135;12;8.50
07/12/2019 13:30;The Nightmare Before Christmas;Animation;Henry Selick;1993;76;0;7.50
07/12/2019 10:00;The Message;Biography;Moustapha Akkad;1976;177;6;7.50
06/12/2019 10:30;Bonnie and Clyde;Action;Arthur Penn;1967;111;12;8.00
05/12/2019 13:30;The Sixth Sense;Drama;M. Night Shyamalan;1999;107;12;7.50
05/12/2019 10:30;American History X;Drama;Tony Kaye;1998;119;16;6.50
04/12/2019 16:00;The Longest Day;Action;Ken Annakin;1962;178;0;8.00
04/12/2019 12:30;Avengers: Infinity War;Action;Anthony Russo;2018;149;12;7.00
04/12/2019 10:00;Home Alone;Comedy;Chris Columbus;1990;103;0;8.00
03/12/2019 15:30;Gattaca;Drama;Andrew Niccol;1997;106;12;7.50
03/12/2019 13:00;Gattaca;Drama;Andrew Niccol;1997;106;12;8.50
03/12/2019 10:00;The Sixth Sense;Drama;M. Night Shyamalan;1999;107;12;7.00
02/12/2019 10:30;Fight Club;Drama;David Fincher;1999;139;12;7.00
01/12/2019 15:30;Trois couleurs: Rouge;Drama;Krzysztof Kieslowski;1994;99;0;7.00
01/12/2019 13:00;La passion de Jeanne d'Arc;Biography;Carl Theodor Dreyer;1928;110;12;6.50
01/12/2019 10:30;La passion de Jeanne d'Arc;Biography;Carl Theodor Dreyer;1928;110;12;6.50
30/11/2019 18:00;Tombstone;Action;George P. Cosmatos;1993;130;16;9.00
30/11/2019 15:30;A Night at the Opera;Comedy;Sam Wood;1935;96;12;6.50
30/11/2019 13:00;The Ladykillers;Comedy;Alexander Mackendrick;1955;91;12;8.00
30/11/2019 10:00;Tombstone;Action;George P. Cosmatos;1993;130;16;7.00
29/11/2019 17:30;The Nightmare Before Christmas;Animation;Henry Selick;1993;76;0;7.50
29/11/2019 14:00;Mary Poppins;Comedy;Robert Stevenson;1964;139;0;7.50
29/11/2019 10:30;Breaking the Waves;Drama;Lars von Trier;1996;159;16;7.50
28/11/2019 16:00;The Nightmare Before Christmas;Animation;Henry Selick;1993;76;0;7.50
28/11/2019 13:30;Home Alone;Comedy;Chris Columbus;1990;103;0;7.00
28/11/2019 10:30;Fight Club;Drama;David Fincher;1999;139;12;6.50
27/11/2019 14:00;Mary Poppins;Comedy;Robert Stevenson;1964;139;0;7.50
27/11/2019 10:30;Breaking the Waves;Drama;Lars von Trier;1996;159;16;7.50
26/11/2019 10:00;Gattaca;Drama;Andrew Niccol;1997;106;12;7.50
25/11/2019 16:00;Bonnie and Clyde;Action;Arthur Penn;1967;111;12;8.00
25/11/2019 13:30;Sweet Smell of Success;Drama;Alexander Mackendrick;1957;96;12;6.50
25/11/2019 10:00;Avengers: Infinity War;Action;Anthony Russo;2018;149;12;7.00
24/11/2019 15:00;Gattaca;Drama;Andrew Niccol;1997;106;12;7.00
24/11/2019 12:30;The Princess Bride;Adventure;Rob Reiner;1987;98;0;7.00
24/11/2019 10:00;The Princess Bride;Adventure;Rob Reiner;1987;98;0;7.00
23/11/2019 18:30;Ben-Hur;Adventure;William Wyler;1959;212;0;9.50
23/11/2019 16:00;La passion de Jeanne d'Arc;Biography;Carl Theodor Dreyer;1928;110;12;7.00
23/11/2019 13:00;The Boondock Saints;Action;Troy Duffy;1999;108;16;6.50
23/11/2019 10:00;Mary Poppins;Comedy;Robert Stevenson;1964;139;0;6.50
22/11/2019 16:00;The Nightmare Before Christmas;Animation;Henry Selick;1993;76;0;8.00
22/11/2019 13:30;Kumonosu-jô;Drama;Akira Kurosawa;1957;110;12;7.50
22/11/2019 10:30;Fight Club;Drama;David Fincher;1999;139;12;6.50
21/11/2019 10:30;La passion de Jeanne d'Arc;Biography;Carl Theodor Dreyer;1928;110;12;8.00
20/11/2019 13:30;Sweet Smell of Success;Drama;Alexander Mackendrick;1957;96;12;7.50
20/11/2019 10:30;Fight Club;Drama;David Fincher;1999;139;12;7.50
19/11/2019 10:00;The Thin Man;Comedy;W.S. Van Dyke;1934;91;12;7.00
18/11/2019 13:00;Kumonosu-jô;Drama;Akira Kurosawa;1957;110;12;6.50
18/11/2019 10:30;The Princess Bride;Adventure;Rob Reiner;1987;98;0;7.00
17/11/2019 17:30;Naked;Comedy;Mike Leigh;1993;132;12;7.00
17/11/2019 15:30;Batman: Mask of the Phantasm;Animation;Kevin Altieri;1993;76;6;8.50
17/11/2019 13:00;Il conformista;Drama;Bernardo Bertolucci;1970;113;12;7.00
17/11/2019 10:30;On the Waterfront;Crime;Elia Kazan;1954;108;12;8.00
16/11/2019 16:00;Fight Club;Drama;David Fincher;1999;139;12;6.50
16/11/2019 13:30;The Thin Man;Comedy;W.S. Van Dyke;1934;91;12;7.00
16/11/2019 10:00;Breaking the Waves;Drama;Lars von Trier;1996;159;16;6.50
15/11/2019 16:00;La passion de Jeanne d'Arc;Biography;Carl Theodor Dreyer;1928;110;12;8.50
15/11/2019 12:30;Breaking the Waves;Drama;Lars von Trier;1996;159;16;8.00
15/11/2019 10:00;Before Sunrise;Drama;Richard Linklater;1995;101;16;8.50
14/11/2019 16:00;Sound of Metal;Drama;Darius Marder;2019;120;16;8.50
14/11/2019 12:30;Avengers: Infinity War;Action;Anthony Russo;2018;149;12;8.00
14/11/2019 10:00;City Lights;Comedy;Charles Chaplin;1931;87;0;8.00
13/11/2019 13:00;The Princess Bride;Adventure;Rob Reiner;1987;98;0;6.50
13/11/2019 10:30;Butch Cassidy and the Sundance Kid;Biography;George Roy Hill;1969;110;6;7.50
12/11/2019 10:30;Anand;Drama;Hrishikesh Mukherjee;1971;122;0;8.00
11/11/2019 10:30;Before Sunrise;Drama;Richard Linklater;1995;101;16;6.50
10/11/2019 17:00;A Night at the Opera;Comedy;Sam Wood;1935;96;12;6.50
10/11/2019 14:30;La double vie de Véronique;Drama;Krzysztof Kieslowski;1991;98;16;7.50
10/11/2019 10:30;Casino;Crime;Martin Scorsese;1995;178;12;8.00
09/11/2019 19:30;Butch Cassidy and the Sundance Kid;Biography;George Roy Hill;1969;110;6;8.50
09/11/2019 17:00;La double vie de Véronique;Drama;Krzysztof Kieslowski;1991;98;16;7.50
09/11/2019 14:30;Sound of Metal;Drama;Darius Marder;2019;120;16;7.50
09/11/2019 10:00;Ben-Hur;Adventure;William Wyler;1959;212;0;7.00
08/11/2019 10:30;The Game;Action;David Fincher;1997;129;12;7.00
07/11/2019 10:00;Butch Cassidy and the Sundance Kid;Biography;George Roy Hill;1969;110;6;7.50
06/11/2019 13:30;Naked;Comedy;Mike Leigh;1993;132;12;7.50
06/11/2019 10:30;Anand;Drama;Hrishikesh Mukherjee;1971;122;0;8.50
05/11/2019 13:00;First Blood;Action;Ted Kotcheff;1982;93;12;8.00
05/11/2019 10:00;On the Waterfront;Crime;Elia Kazan;1954;108;12;7.50
04/11/2019 10:30;Chung Hing sam lam;Comedy;Kar-Wai Wong;1994;102;0;6.50
03/11/2019 19:30;To Be or Not to Be;Comedy;Ernst Lubitsch;1942;99;12;10.00
03/11/2019 17:00;First Blood;Action;Ted Kotcheff;1982;93;12;6.50
03/11/2019 14:30;Sweet Smell of Success;Drama;Alexander Mackendrick;1957;96;12;8.50
03/11/2019 10:00;Ben-Hur;Adventure;William Wyler;1959;212;0;6.50
02/11/2019 20:30;Casino;Crime;Martin Scorsese;1995;178;12;9.50
02/11/2019 17:30;Sound of Metal;Drama;Darius Marder;2019;120;16;6.50
02/11/2019 13:00;Ben-Hur;Adventure;William Wyler;1959;212;0;8.50
02/11/2019 10:30;Before Sunrise;Drama;Richard Linklater;1995;101;16;8.50
01/11/2019 10:00;Before Sunrise;Drama;Richard Linklater;1995;101;16;8.50
31/10/2019 16:00;Bound by Honor;Crime;Taylor Hackford;1993;180;16;6.50
31/10/2019 13:30;La double vie de Véronique;Drama;Krzysztof Kieslowski;1991;98;16;8.00
31/10/2019 10:30;Il conformista;Drama;Bernardo Bertolucci;1970;113;12;7.50
30/10/2019 16:00;Manbiki kazoku;Crime;Hirokazu Koreeda;2018;121;12;6.50
30/10/2019 13:00;Naked;Comedy;Mike Leigh;1993;132;12;7.00
30/10/2019 10:00;Sound of Metal;Drama;Darius Marder;2019;120;16;6.50
29/10/2019 10:00;Chung Hing sam lam;Comedy;Kar-Wai Wong;1994;102;0;7.50
28/10/2019 13:30;The Thin Man;Comedy;W.S. Van Dyke;1934;91;12;7.00
28/10/2019 10:30;Naked;Comedy;Mike Leigh;1993;132;12;7.00
27/10/2019 15:30;Magnolia;Drama;Paul Thomas Anderson;1999;188;16;8.50
27/10/2019 12:30;Eskiya;Crime;Yavuz Turgul;1996;128;12;7.00
27/10/2019 10:00;La double vie de Véronique;Drama;Krzysztof Kieslowski;1991;98;16;7.50
26/10/2019 22:00;The Thin Man;Comedy;W.S. Van Dyke;1934;91;12;9.00
26/10/2019 17:30;Ben-Hur;Adventure;William Wyler;1959;212;0;7.50
26/10/2019 14:30;Eskiya;Crime;Yavuz Turgul;1996;128;12;8.00
26/10/2019 10:30;Casino;Crime;Martin Scorsese;1995;178;12;8.50
25/10/2019 10:00;Ben-Hur;Adventure;William Wyler;1959;212;0;8.00
24/10/2019 10:00;Bound by Honor;Crime;Taylor Hackford;1993;180;16;7.00
23/10/2019 13:00;Casino;Crime;Martin Scorsese;1995;178;12;7.00
23/10/2019 10:30;Il conformista;Drama;Bernardo Bertolucci;1970;113;12;6.50
22/10/2019 12:30;First Blood;Action;Ted Kotcheff;1982;93;12;8.00
22/10/2019 10:00;First Blood;Action;Ted Kotcheff;1982;93;12;7.00
21/10/2019 13:00;Inherit the Wind;Biography;Stanley Kramer;1960;128;12;6.50
21/10/2019 10:30;Before Sunrise;Drama;Richard Linklater;1995;101;16;7.00
20/10/2019 18:30;Ben-Hur;Adventure;William Wyler;1959;212;0;8.50
20/10/2019 15:30;The Game;Action;David Fincher;1997;129;12;7.50
20/10/2019 13:00;The Thin Man;Comedy;W.S. Van Dyke;1934;91;12;7.50
20/10/2019 10:00;Eskiya;Crime;Yavuz Turgul;1996;128;12;6.50
19/10/2019 18:30;The Thin Man;Comedy;W.S. Van Dyke;1934;91;12;9.00
19/10/2019 15:30;Eskiya;Crime;Yavuz Turgul;1996;128;12;8.00
19/10/2019 13:00;Before Sunrise;Drama;Richard Linklater;1995;101;16;8.00
19/10/2019 10:00;Naked;Comedy;Mike Leigh;1993;132;12;7.50
18/10/2019 10:00;Il conformista;Drama;Bernardo Bertolucci;1970;113;12;7.00
17/10/2019 14:00;La planète sauvage;Animation;René Laloux;1973;72;0;8.50
17/10/2019 10:00;Bound by Honor;Crime;Taylor Hackford;1993;180;16;6.50
16/10/2019 13:00;Ben-Hur;Adventure;William Wyler;1959;212;0;7.50
16/10/2019 10:30;Il conformista;Drama;Bernardo Bertolucci;1970;113;12;7.50
15/10/2019 15:30;Casino;Crime;Martin Scorsese;1995;178;12;8.00
15/10/2019 12:30;The Manchurian Candidate;Drama;John Frankenheimer;1962;126;12;8.50
15/10/2019 10:30;La planète sauvage;Animation;René Laloux;1973;72;0;7.00
14/10/2019 14:00;Casino;Crime;Martin Scorsese;1995;178;12;6.50
14/10/2019 10:00;Magnolia;Drama;Paul Thomas Anderson;1999;188;16;8.00
13/10/2019 16:00;La planète sauvage;Animation;René Laloux;1973;72;0;7.50
13/10/2019 13:30;First Blood;Action;Ted Kotcheff;1982;93;12;6.50
13/10/2019 10:30;The Manchurian Candidate;Drama;John Frankenheimer;1962;126;12;7.50
12/10/2019 17:00;The Fifth Element;Action;Luc Besson;1997;126;12;7.50
12/10/2019 15:00;The Circus;Comedy;Charles Chaplin;1928;72;12;8.50
12/10/2019 12:30;First Blood;Action;Ted Kotcheff;1982;93;12;6.50
12/10/2019 10:00;The Ladykillers;Comedy;Alexander Mackendrick;1955;91;12;8.00
11/10/2019 15:30;First Blood;Action;Ted Kotcheff;1982;93;12;7.00
11/10/2019 13:00;First Blood;Action;Ted Kotcheff;1982;93;12;6.50
11/10/2019 10:30;The Ladykillers;Comedy;Alexander Mackendrick;1955;91;12;6.50
10/10/2019 13:30;Clerks;Comedy;Kevin Smith;1994;92;16;8.50
10/10/2019 10:30;Inherit the Wind;Biography;Stanley Kramer;1960;128;12;6.50
09/10/2019 15:00;On the Waterfront;Crime;Elia Kazan;1954;108;12;8.00
09/10/2019 10:30;Ben-Hur;Adventure;William Wyler;1959;212;0;8.00
08/10/2019 15:30;Casino;Crime;Martin Scorsese;1995;178;12;6.50
08/10/2019 13:00;La double vie de Véronique;Drama;Krzysztof Kieslowski;1991;98;16;7.50
08/10/2019 10:30;La double vie de Véronique;Drama;Krzysztof Kieslowski;1991;98;16;8.00
07/10/2019 10:00;Donnie Brasco;Biography;Mike Newell;1997;127;12;8.00
06/10/2019 14:30;Magnolia;Drama;Paul Thomas Anderson;1999;188;16;6.50
06/10/2019 12:30;The Circus;Comedy;Charles Chaplin;1928;72;12;8.50
06/10/2019 10:30;La planète sauvage;Animation;René Laloux;1973;72;0;7.00
05/10/2019 16:30;Clerks;Comedy;Kevin Smith;1994;92;16;7.00
05/10/2019 12:30;Magnolia;Drama;Paul Thomas Anderson;1999;188;16;7.00
05/10/2019 10:30;La planète sauvage;Animation;René Laloux;1973;72;0;6.50
04/10/2019 10:00;Stalker;Drama;Andrei Tarkovsky;1979;162;0;7.00
03/10/2019 10:00;Stalker;Drama;Andrei Tarkovsky;1979;162;0;6.50
02/10/2019 13:00;Clerks;Comedy;Kevin Smith;1994;92;16;8.50
02/10/2019 10:30;Reservoir Dogs;Crime;Quentin Tarantino;1992;99;16;7.00
01/10/2019 14:00;The Manchurian Candidate;Drama;John Frankenheimer;1962;126;12;6.50
01/10/2019 10:30;2001: A Space Odyssey;Adventure;Stanley Kubrick;1968;149;0;7.50
30/09/2019 10:00;2001: A Space Odyssey;Adventure;Stanley Kubrick;1968;149;0;6.50
29/09/2019 16:30;Gone with the Wind;Drama;Victor Fleming;1939;238;0;6.50
29/09/2019 13:30;La Strada;Drama;Federico Fellini;1954;108;12;7.00
29/09/2019 10:00;2001: A Space Odyssey;Adventure;Stanley Kubrick;1968;149;0;6.50
28/09/2019 18:30;Lethal Weapon;Action;Richard Donner;1987;109;12;8.50
28/09/2019 15:30;The Manchurian Candidate;Drama;John Frankenheimer;1962;126;12;8.50
28/09/2019 13:00;Loving Vincent;Animation;Dorota Kobiela;2017;94;12;6.50
28/09/2019 10:00;The Manchurian Candidate;Drama;John Frankenheimer;1962;126;12;7.00
27/09/2019 13:30;Dead Poets Society;Comedy;Peter Weir;1989;128;0;8.50
27/09/2019 10:30;The Manchurian Candidate;Drama;John Frankenheimer;1962;126;12;8.50
26/09/2019 10:00;Donnie Brasco;Biography;Mike Newell;1997;127;12;8.50
25/09/2019 10:00;Unforgiven;Drama;Clint Eastwood;1992;130;12;8.00
24/09/2019 10:00;Unforgiven;Drama;Clint Eastwood;1992;130;12;8.50
23/09/2019 16:00;Only the Brave;Action;Joseph Kosinski;2017;134;12;7.00
23/09/2019 13:00;Lethal Weapon;Action;Richard Donner;1987;109;12;8.00
23/09/2019 10:00;Only the Brave;Action;Joseph Kosinski;2017;134;12;8.00
22/09/2019 16:00;Gone with the Wind;Drama;Victor Fleming;1939;238;0;6.50
22/09/2019 13:30;Lethal Weapon;Action;Richard Donner;1987;109;12;7.50
22/09/2019 10:30;Dead Poets Society;Comedy;Peter Weir;1989;128;0;7.00
21/09/2019 16:30;Le notti di Cabiria;Drama;Federico Fellini;1957;110;12;8.50
21/09/2019 13:30;Donnie Brasco;Biography;Mike Newell;1997;127;12;8.00
21/09/2019 10:30;Donnie Brasco;Biography;Mike Newell;1997;127;12;7.50
20/09/2019 10:00;Unforgiven;Drama;Clint Eastwood;1992;130;12;7.50
19/09/2019 15:00;La Strada;Drama;Federico Fellini;1954;108;12;8.00
19/09/2019 13:00;The Circus;Comedy;Charles Chaplin;1928;72;12;8.00
19/09/2019 10:00;Donnie Brasco;Biography;Mike Newell;1997;127;12;7.50
18/09/2019 13:00;Watership Down;Animation;Martin Rosen;1978;91;0;7.50
18/09/2019 10:30;Clerks;Comedy;Kevin Smith;1994;92;16;7.00
17/09/2019 16:30;Donnie Brasco;Biography;Mike Newell;1997;127;12;6.50
17/09/2019 14:30;The Little Mermaid;Animation;Ron Clements;1989;83;0;8.00
17/09/2019 10:30;Magnolia;Drama;Paul Thomas Anderson;1999;188;16;7.00
16/09/2019 16:00;Donnie Brasco;Biography;Mike Newell;1997;127;12;6.50
16/09/2019 13:30;Le notti di Cabiria;Drama;Federico Fellini;1957;110;12;6.50
16/09/2019 10:30;Dead Poets Society;Comedy;Peter Weir;1989;128;0;7.00
15/09/2019 16:00;Donnie Brasco;Biography;Mike Newell;1997;127;12;8.50
15/09/2019 13:30;Lethal Weapon;Action;Richard Donner;1987;109;12;7.00
15/09/2019 10:30;The Remains of the Day;Drama;James Ivory;1993;134;0;6.50
14/09/2019 19:00;Lethal Weapon;Action;Richard Donner;1987;109;12;9.50
14/09/2019 16:00;La Strada;Drama;Federico Fellini;1954;108;12;8.00
14/09/2019 13:00;The Exorcist;Horror;William Friedkin;1973;122;12;6.50
14/09/2019 10:00;Dead Poets Society;Comedy;Peter Weir;1989;128;0;8.50
13/09/2019 15:30;The Manchurian Candidate;Drama;John Frankenheimer;1962;126;12;7.50
13/09/2019 13:00;La Strada;Drama;Federico Fellini;1954;108;12;6.50
13/09/2019 10:30;Lethal Weapon;Action;Richard Donner;1987;109;12;7.00
12/09/2019 15:30;Escape from Alcatraz;Action;Don Siegel;1979;112;12;7.50
12/09/2019 13:00;La Strada;Drama;Federico Fellini;1954;108;12;7.00
12/09/2019 10:00;Dead Poets Society;Comedy;Peter Weir;1989;128;0;8.50
11/09/2019 13:00;God's Own Country;Drama;Francis Lee;2017;104;12;7.50
11/09/2019 10:00;Donnie Brasco;Biography;Mike Newell;1997;127;12;8.00
10/09/2019 16:00;On the Waterfront;Crime;Elia Kazan;1954;108;12;6.50
10/09/2019 13:00;Unforgiven;Drama;Clint Eastwood;1992;130;12;8.00
10/09/2019 10:30;Watership Down;Animation;Martin Rosen;1978;91;0;7.00
09/09/2019 10:00;Lethal Weapon;Action;Richard Donner;1987;109;12;7.50
08/09/2019 18:00;The Gold Rush;Adventure;Charles Chaplin;1925;95;12;9.50
08/09/2019 15:30;Escape from Alcatraz;Action;Don Siegel;1979;112;12;7.00
08/09/2019 10:30;Gone with the Wind;Drama;Victor Fleming;1939;238;0;7.50
07/09/2019 18:30;The Manchurian Candidate;Drama;John Frankenheimer;1962;126;12;8.50
07/09/2019 15:30;Only the Brave;Action;Joseph Kosinski;2017;134;12;7.50
07/09/2019 13:00;Watership Down;Animation;Martin Rosen;1978;91;0;7.00
07/09/2019 10:00;Night on Earth;Comedy;Jim Jarmusch;1991;129;16;7.00
06/09/2019 16:00;The Gold Rush;Adventure;Charles Chaplin;1925;95;12;8.50
06/09/2019 13:00;The Remains of the Day;Drama;James Ivory;1993;134;0;6.50
06/09/2019 10:30;Gifted;Drama;Marc Webb;2017;101;12;6.50
05/09/2019 10:00;God's Own Country;Drama;Francis Lee;2017;104;12;7.00
04/09/2019 12:30;The Little Mermaid;Animation;Ron Clements;1989;83;0;6.50
04/09/2019 10:00;Gifted;Drama;Marc Webb;2017;101;12;8.00
03/09/2019 10:00;Donnie Brasco;Biography;Mike Newell;1997;127;12;8.00
02/09/2019 10:30;On the Waterfront;Crime;Elia Kazan;1954;108;12;6.50
01/09/2019 16:00;Good Will Hunting;Drama;Gus Van Sant;1997;126;0;8.50
01/09/2019 13:00;Only the Brave;Action;Joseph Kosinski;2017;134;12;7.50
01/09/2019 10:30;God's Own Country;Drama;Francis Lee;2017;104;12;7.00
31/08/2019 16:00;Watership Down;Animation;Martin Rosen;1978;91;0;8.50
31/08/2019 13:30;Dark City;Mystery;Alex Proyas;1998;100;12;6.50
31/08/2019 10:30;Night on Earth;Comedy;Jim Jarmusch;1991;129;16;6.50
30/08/2019 16:30;Donnie Brasco;Biography;Mike Newell;1997;127;12;7.00
30/08/2019 14:30;The Little Mermaid;Animation;Ron Clements;1989;83;0;7.50
30/08/2019 10:30;Heat;Crime;Michael Mann;1995;170;12;6.50
29/08/2019 17:00;The Little Mermaid;Animation;Ron Clements;1989;83;0;8.00
29/08/2019 13:30;Breaking the Waves;Drama;Lars von Trier;1996;159;16;8.00
29/08/2019 10:30;1917;Drama;Sam Mendes;2019;119;16;7.00
28/08/2019 13:00;Stalker;Drama;Andrei Tarkovsky;1979;162;0;8.00
28/08/2019 10:30;Escape from Alcatraz;Action;Don Siegel;1979;112;12;6.50
27/08/2019 16:00;The Exorcist;Horror;William Friedkin;1973;122;12;6.50
27/08/2019 13:30;Escape from Alcatraz;Action;Don Siegel;1979;112;12;8.50
27/08/2019 10:30;Donnie Brasco;Biography;Mike Newell;1997;127;12;7.00
26/08/2019 13:00;Good Will Hunting;Drama;Gus Van Sant;1997;126;0;6.50
26/08/2019 10:30;Gifted;Drama;Marc Webb;2017;101;12;8.00
25/08/2019 19:00;1917;Drama;Sam Mendes;2019;119;16;9.00
25/08/2019 16:00;Chinatown;Drama;Roman Polanski;1974;130;12;7.00
25/08/2019 13:30;Dark City;Mystery;Alex Proyas;1998;100;12;6.50
25/08/2019 10:30;Escape from Alcatraz;Action;Don Siegel;1979;112;12;8.00
24/08/2019 16:00;Dead Poets Society;Comedy;Peter Weir;1989;128;0;6.50
24/08/2019 13:00;Only the Brave;Action;Joseph Kosinski;2017;134;12;7.00
24/08/2019 10:00;Good Will Hunting;Drama;Gus Van Sant;1997;126;0;7.50
23/08/2019 10:30;Good Will Hunting;Drama;Gus Van Sant;1997;126;0;6.50
22/08/2019 16:00;Night on Earth;Comedy;Jim Jarmusch;1991;129;16;8.00
22/08/2019 13:30;1917;Drama;Sam Mendes;2019;119;16;7.50
22/08/2019 10:30;Dead Poets Society;Comedy;Peter Weir;1989;128;0;8.50
21/08/2019 10:30;Donnie Brasco;Biography;Mike Newell;1997;127;12;8.50
20/08/2019 10:30;The Exorcist;Horror;William Friedkin;1973;122;12;8.50
19/08/2019 13:00;God's Own Country;Drama;Francis Lee;2017;104;12;6.50
19/08/2019 10:30;The Gold Rush;Adventure;Charles Chaplin;1925;95;12;8.00
18/08/2019 15:30;On the Waterfront;Crime;Elia Kazan;1954;108;12;7.00
18/08/2019 13:00;The Purple Rose of Cairo;Comedy;Woody Allen;1985;82;0;6.50
18/08/2019 10:30;Watership Down;Animation;Martin Rosen;1978;91;0;7.00
17/08/2019 16:00;Night on Earth;Comedy;Jim Jarmusch;1991;129;16;7.50
17/08/2019 13:30;Gifted;Drama;Marc Webb;2017;101;12;7.00
17/08/2019 10:30;Dead Poets Society;Comedy;Peter Weir;1989;128;0;8.00
16/08/2019 16:00;Once Upon a Time in America;Crime;Sergio Leone;1984;229;12;6.50
16/08/2019 13:30;The Little Mermaid;Animation;Ron Clements;1989;83;0;7.50
16/08/2019 10:30;Donnie Brasco;Biography;Mike Newell;1997;127;12;6.50
15/08/2019 10:00;The Exorcist;Horror;William Friedkin;1973;122;12;7.00
14/08/2019 10:00;Breaking the Waves;Drama;Lars von Trier;1996;159;16;8.50
13/08/2019 15:30;Dark City;Mystery;Alex Proyas;1998;100;12;7.00
13/08/2019 13:30;The Purple Rose of Cairo;Comedy;Woody Allen;1985;82;0;6.50
13/08/2019 10:00;Heat;Crime;Michael Mann;1995;170;12;8.00
12/08/2019 10:00;God's Own Country;Drama;Francis Lee;2017;104;12;6.50
11/08/2019 18:00;La passion de Jeanne d'Arc;Biography;Carl Theodor Dreyer;1928;110;12;8.50
11/08/2019 15:30;Dunkirk;Action;Christopher Nolan;2017;106;12;7.50
11/08/2019 12:30;Rebecca;Drama;Alfred Hitchcock;1940;130;12;8.50
11/08/2019 10:00;Gifted;Drama;Marc Webb;2017;101;12;7.00
10/08/2019 20:00;Baahubali 2: The Conclusion;Action;S.S. Rajamouli;2017;167;12;10.00
10/08/2019 16:00;Baahubali 2: The Conclusion;Action;S.S. Rajamouli;2017;167;12;8.50
10/08/2019 13:00;Chinatown;Drama;Roman Polanski;1974;130;12;7.00
10/08/2019 10:00;Chinatown;Drama;Roman Polanski;1974;130;12;8.50
09/08/2019 14:30;The Exorcist;Horror;William Friedkin;1973;122;12;7.00
09/08/2019 10:30;Heat;Crime;Michael Mann;1995;170;12;8.00
08/08/2019 17:00;The Godfather: Part III;Crime;Francis Ford Coppola;1990;162;12;7.50
08/08/2019 12:30;Once Upon a Time in America;Crime;Sergio Leone;1984;229;12;8.50
08/08/2019 10:00;The Naked Gun: From the Files of Police Squad!;Comedy;David Zucker;1988;85;0;7.00
07/08/2019 15:00;Goldfinger;Action;Guy Hamilton;1964;110;12;6.50
07/08/2019 12:30;On the Waterfront;Crime;Elia Kazan;1954;108;12;8.00
07/08/2019 10:00;Gifted;Drama;Marc Webb;2017;101;12;8.00
06/08/2019 14:00;On the Waterfront;Crime;Elia Kazan;1954;108;12;8.50
06/08/2019 10:30;Baahubali 2: The Conclusion;Action;S.S. Rajamouli;2017;167;12;7.50
05/08/2019 15:00;Baahubali 2: The Conclusion;Action;S.S. Rajamouli;2017;167;12;8.00
05/08/2019 10:30;Sholay;Action;Ramesh Sippy;1975;204;0;6.50
04/08/2019 20:30;The Exorcist;Horror;William Friedkin;1973;122;12;9.00
04/08/2019 18:00;La double vie de Véronique;Drama;Krzysztof Kieslowski;1991;98;16;9.00
04/08/2019 15:00;Rebecca;Drama;Alfred Hitchcock;1940;130;12;8.50
04/08/2019 10:30;Once Upon a Time in America;Crime;Sergio Leone;1984;229;12;8.00
03/08/2019 15:30;Goldfinger;Action;Guy Hamilton;1964;110;12;7.50
03/08/2019 13:00;Gifted;Drama;Marc Webb;2017;101;12;6.50
03/08/2019 10:30;La passion de Jeanne d'Arc;Biography;Carl Theodor Dreyer;1928;110;12;8.00
02/08/2019 16:00;Donnie Brasco;Biography;Mike Newell;1997;127;12;6.50
02/08/2019 13:00;Nelyubov;Drama;Andrey Zvyagintsev;2017;127;16;7.00
02/08/2019 10:00;Chinatown;Drama;Roman Polanski;1974;130;12;7.00
01/08/2019 12:30;La passion de Jeanne d'Arc;Biography;Carl Theodor Dreyer;1928;110;12;8.00
01/08/2019 10:00;La double vie de Véronique;Drama;Krzysztof Kieslowski;1991;98;16;7.50
31/07/2019 10:30;Malcolm X;Biography;Spike Lee;1992;202;0;8.50
30/07/2019 10:00;Fried Green Tomatoes;Drama;Jon Avnet;1991;130;12;8.50
29/07/2019 17:30;The Purple Rose of Cairo;Comedy;Woody Allen;1985;82;0;7.50
29/07/2019 14:30;Rebecca;Drama;Alfred Hitchcock;1940;130;12;7.50
29/07/2019 10:00;Once Upon a Time in America;Crime;Sergio Leone;1984;229;12;8.00
28/07/2019 19:00;La passion de Jeanne d'Arc;Biography;Carl Theodor Dreyer;1928;110;12;10.00
28/07/2019 15:30;The Godfather: Part III;Crime;Francis Ford Coppola;1990;162;12;7.50
28/07/2019 12:30;Donnie Brasco;Biography;Mike Newell;1997;127;12;8.00
28/07/2019 10:00;Dunkirk;Action;Christopher Nolan;2017;106;12;6.50
27/07/2019 16:00;Sabrina;Comedy;Billy Wilder;1954;113;12;6.50
27/07/2019 13:00;Taxi Driver;Crime;Martin Scorsese;1976;114;12;7.00
27/07/2019 10:30;The Naked Gun: From the Files of Police Squad!;Comedy;David Zucker;1988;85;0;7.50
26/07/2019 17:00;The Godfather: Part III;Crime;Francis Ford Coppola;1990;162;12;7.00
26/07/2019 12:30;Once Upon a Time in America;Crime;Sergio Leone;1984;229;12;7.50
26/07/2019 10:00;Gifted;Drama;Marc Webb;2017;101;12;8.00
25/07/2019 16:00;La double vie de Véronique;Drama;Krzysztof Kieslowski;1991;98;16;8.50
25/07/2019 13:00;Fried Green Tomatoes;Drama;Jon Avnet;1991;130;12;8.00
25/07/2019 10:00;Chinatown;Drama;Roman Polanski;1974;130;12;7.00
24/07/2019 13:00;Rebecca;Drama;Alfred Hitchcock;1940;130;12;8.00
24/07/2019 10:30;Sabrina;Comedy;Billy Wilder;1954;113;12;6.50
23/07/2019 16:00;Rebecca;Drama;Alfred Hitchcock;1940;130;12;7.50
23/07/2019 13:30;Sabrina;Comedy;Billy Wilder;1954;113;12;7.00
23/07/2019 10:30;Sabrina;Comedy;Billy Wilder;1954;113;12;7.00
22/07/2019 12:30;Fried Green Tomatoes;Drama;Jon Avnet;1991;130;12;8.00
22/07/2019 10:00;Dunkirk;Action;Christopher Nolan;2017;106;12;6.50
21/07/2019 19:30;The Naked Gun: From the Files of Police Squad!;Comedy;David Zucker;1988;85;0;9.00
21/07/2019 17:00;Trois couleurs: Rouge;Drama;Krzysztof Kieslowski;1994;99;0;8.50
21/07/2019 14:30;La passion de Jeanne d'Arc;Biography;Carl Theodor Dreyer;1928;110;12;6.50
21/07/2019 10:00;Sholay;Action;Ramesh Sippy;1975;204;0;7.00
20/07/2019 19:30;Once Upon a Time in America;Crime;Sergio Leone;1984;229;12;9.00
20/07/2019 16:30;The Long Goodbye;Comedy;Robert Altman;1973;112;12;7.00
20/07/2019 13:00;The Godfather: Part III;Crime;Francis Ford Coppola;1990;162;12;6.50
20/07/2019 10:00;Sabrina;Comedy;Billy Wilder;1954;113;12;6.50
19/07/2019 10:00;Nelyubov;Drama;Andrey Zvyagintsev;2017;127;16;6.50
18/07/2019 10:00;Malcolm X;Biography;Spike Lee;1992;202;0;8.00
17/07/2019 12:30;Malcolm X;Biography;Spike Lee;1992;202;0;6.50
17/07/2019 10:00;Viskningar och rop;Drama;Ingmar Bergman;1972;91;12;7.00
16/07/2019 10:00;Gifted;Drama;Marc Webb;2017;101;12;8.50
15/07/2019 16:00;Nelyubov;Drama;Andrey Zvyagintsev;2017;127;16;7.50
15/07/2019 13:30;Trois couleurs: Blanc;Comedy;Krzysztof Kieslowski;1994;92;0;8.50
15/07/2019 10:30;The Quiet Man;Comedy;John Ford;1952;129;12;8.50
14/07/2019 18:00;Sabrina;Comedy;Billy Wilder;1954;113;12;9.00
14/07/2019 15:30;The Long Goodbye;Comedy;Robert Altman;1973;112;12;6.50
14/07/2019 13:00;La double vie de Véronique;Drama;Krzysztof Kieslowski;1991;98;16;8.00
14/07/2019 10:00;La passion de Jeanne d'Arc;Biography;Carl Theodor Dreyer;1928;110;12;7.50
13/07/2019 20:30;Wind River;Crime;Taylor Sheridan;2017;107;16;10.00
13/07/2019 16:00;Once Upon a Time in America;Crime;Sergio Leone;1984;229;12;7.00
13/07/2019 13:00;The Long Goodbye;Comedy;Robert Altman;1973;112;12;6.50
13/07/2019 10:00;The Long Goodbye;Comedy;Robert Altman;1973;112;12;6.50
12/07/2019 10:00;La Strada;Drama;Federico Fellini;1954;108;12;6.50
11/07/2019 18:30;The Dirty Dozen;Action;Robert Aldrich;1967;150;12;8.50
11/07/2019 14:00;Sholay;Action;Ramesh Sippy;1975;204;0;8.50
11/07/2019 10:00;Malcolm X;Biography;Spike Lee;1992;202;0;7.50
10/07/2019 10:30;Sabrina;Comedy;Billy Wilder;1954;113;12;7.50
09/07/2019 10:00;Malcolm X;Biography;Spike Lee;1992;202;0;7.50
08/07/2019 18:00;The Naked Gun: From the Files of Police Squad!;Comedy;David Zucker;1988;85;0;9.50
08/07/2019 15:00;Fried Green Tomatoes;Drama;Jon Avnet;1991;130;12;7.50
08/07/2019 10:30;Once Upon a Time in America;Crime;Sergio Leone;1984;229;12;7.50
07/07/2019 19:00;Singin' in the Rain;Comedy;Stanley Donen;1952;103;0;9.50
07/07/2019 16:30;Wind River;Crime;Taylor Sheridan;2017;107;16;8.00
07/07/2019 14:00;"Lock; Stock and Two Smoking Barrels";Action;Guy Ritchie;1998;107;12;6.50
07/07/2019 10:00;Sholay;Action;Ramesh Sippy;1975;204;0;7.00
06/07/2019 20:30;The Quiet Man;Comedy;John Ford;1952;129;12;10.00
06/07/2019 16:00;Malcolm X;Biography;Spike Lee;1992;202;0;7.50
06/07/2019 13:00;Fried Green Tomatoes;Drama;Jon Avnet;1991;130;12;6.50
06/07/2019 10:30;Sabrina;Comedy;Billy Wilder;1954;113;12;7.50
05/07/2019 13:30;The Dirty Dozen;Action;Robert Aldrich;1967;150;12;7.50
05/07/2019 10:30;As Good as It Gets;Comedy;James L. Brooks;1997;139;12;8.50
04/07/2019 16:30;The Wizard of Oz;Adventure;Victor Fleming;1939;102;0;7.00
04/07/2019 14:00;Trois couleurs: Blanc;Comedy;Krzysztof Kieslowski;1994;92;0;7.50
04/07/2019 10:00;Titanic;Drama;James Cameron;1997;194;12;6.50
03/07/2019 15:00;Malcolm X;Biography;Spike Lee;1992;202;0;7.50
03/07/2019 12:30;Trois couleurs: Blanc;Comedy;Krzysztof Kieslowski;1994;92;0;8.50
03/07/2019 10:00;"Lock; Stock and Two Smoking Barrels";Action;Guy Ritchie;1998;107;12;6.50
02/07/2019 16:00;The Philadelphia Story;Comedy;George Cukor;1940;112;12;8.50
02/07/2019 12:30;The Dirty Dozen;Action;Robert Aldrich;1967;150;12;8.50
02/07/2019 10:00;Dirty Harry;Action;Don Siegel;1971;102;12;8.00
01/07/2019 10:30;The Philadelphia Story;Comedy;George Cukor;1940;112;12;6.50
30/06/2019 18:30;Le samouraï;Crime;Jean-Pierre Melville;1967;105;12;9.00
30/06/2019 16:00;The Wizard of Oz;Adventure;Victor Fleming;1939;102;0;8.50
30/06/2019 13:30;Notorious;Drama;Alfred Hitchcock;1946;102;0;8.50
30/06/2019 10:30;The Quiet Man;Comedy;John Ford;1952;129;12;7.50
29/06/2019 22:30;Once Upon a Time in America;Crime;Sergio Leone;1984;229;12;10.00
29/06/2019 18:00;Shichinin no samurai;Action;Akira Kurosawa;1954;207;0;8.50
29/06/2019 13:30;Shichinin no samurai;Action;Akira Kurosawa;1954;207;0;7.00
29/06/2019 10:30;The Quiet Man;Comedy;John Ford;1952;129;12;8.00
28/06/2019 13:00;The Outlaw Josey Wales;Western;Clint Eastwood;1976;135;12;6.50
28/06/2019 10:30;La double vie de Véronique;Drama;Krzysztof Kieslowski;1991;98;16;6.50
27/06/2019 10:30;La Strada;Drama;Federico Fellini;1954;108;12;6.50
26/06/2019 10:00;Once Upon a Time in America;Crime;Sergio Leone;1984;229;12;8.50
25/06/2019 17:00;Fried Green Tomatoes;Drama;Jon Avnet;1991;130;12;7.50
25/06/2019 14:30;Le samouraï;Crime;Jean-Pierre Melville;1967;105;12;7.00
25/06/2019 10:00;Shichinin no samurai;Action;Akira Kurosawa;1954;207;0;8.00
24/06/2019 17:00;Wind River;Crime;Taylor Sheridan;2017;107;16;8.50
24/06/2019 14:00;Donnie Brasco;Biography;Mike Newell;1997;127;12;8.00
24/06/2019 10:30;The Dirty Dozen;Action;Robert Aldrich;1967;150;12;6.50
23/06/2019 19:00;Fried Green Tomatoes;Drama;Jon Avnet;1991;130;12;8.50
23/06/2019 16:00;Night on Earth;Comedy;Jim Jarmusch;1991;129;16;8.50
23/06/2019 13:00;Donnie Brasco;Biography;Mike Newell;1997;127;12;6.50
23/06/2019 10:30;Wind River;Crime;Taylor Sheridan;2017;107;16;7.00
22/06/2019 18:00;Shichinin no samurai;Action;Akira Kurosawa;1954;207;0;8.50
22/06/2019 15:30;Trois couleurs: Blanc;Comedy;Krzysztof Kieslowski;1994;92;0;8.00
22/06/2019 13:00;La Strada;Drama;Federico Fellini;1954;108;12;8.50
22/06/2019 10:30;Le samouraï;Crime;Jean-Pierre Melville;1967;105;12;7.00
21/06/2019 14:30;As Good as It Gets;Comedy;James L. Brooks;1997;139;12;7.50
21/06/2019 10:30;Titanic;Drama;James Cameron;1997;194;12;8.50
20/06/2019 13:00;Trois couleurs: Rouge;Drama;Krzysztof Kieslowski;1994;99;0;8.00
20/06/2019 10:30;Trois couleurs: Rouge;Drama;Krzysztof Kieslowski;1994;99;0;8.00
19/06/2019 13:00;Se7en;Crime;David Fincher;1995;127;12;7.50
19/06/2019 10:30;Jules et Jim;Drama;François Truffaut;1962;105;12;8.00
18/06/2019 16:00;Jules et Jim;Drama;François Truffaut;1962;105;12;7.50
18/06/2019 13:00;Raging Bull;Biography;Martin Scorsese;1980;129;12;6.50
18/06/2019 10:30;Young Frankenstein;Comedy;Mel Brooks;1974;106;12;8.50
17/06/2019 12:30;As Good as It Gets;Comedy;James L. Brooks;1997;139;12;6.50
17/06/2019 10:00;The Wizard of Oz;Adventure;Victor Fleming;1939;102;0;6.50
16/06/2019 15:30;Jules et Jim;Drama;François Truffaut;1962;105;12;6.50
16/06/2019 13:00;Goldfinger;Action;Guy Hamilton;1964;110;12;7.00
16/06/2019 10:30;The Wizard of Oz;Adventure;Victor Fleming;1939;102;0;7.00
15/06/2019 19:30;Shichinin no samurai;Action;Akira Kurosawa;1954;207;0;9.00
15/06/2019 15:00;Shichinin no samurai;Action;Akira Kurosawa;1954;207;0;6.50
15/06/2019 12:30;Jules et Jim;Drama;François Truffaut;1962;105;12;7.00
15/06/2019 10:00;The Wizard of Oz;Adventure;Victor Fleming;1939;102;0;8.50
14/06/2019 15:30;Trois couleurs: Rouge;Drama;Krzysztof Kieslowski;1994;99;0;6.50
14/06/2019 13:00;Wind River;Crime;Taylor Sheridan;2017;107;16;8.50
14/06/2019 10:30;Wind River;Crime;Taylor Sheridan;2017;107;16;7.50
13/06/2019 13:00;As Good as It Gets;Comedy;James L. Brooks;1997;139;12;7.00
13/06/2019 10:30;Viskningar och rop;Drama;Ingmar Bergman;1972;91;12;8.00
12/06/2019 13:00;Jules et Jim;Drama;François Truffaut;1962;105;12;7.00
12/06/2019 10:30;Young Frankenstein;Comedy;Mel Brooks;1974;106;12;6.50
11/06/2019 16:00;Shichinin no samurai;Action;Akira Kurosawa;1954;207;0;8.00
11/06/2019 13:30;Notorious;Drama;Alfred Hitchcock;1946;102;0;8.50
11/06/2019 10:30;Night on Earth;Comedy;Jim Jarmusch;1991;129;16;7.00
10/06/2019 14:30;The Last of the Mohicans;Action;Michael Mann;1992;112;12;8.00
10/06/2019 10:00;Shichinin no samurai;Action;Akira Kurosawa;1954;207;0;7.50
09/06/2019 18:30;Young Frankenstein;Comedy;Mel Brooks;1974;106;12;9.50
09/06/2019 16:00;The Last of the Mohicans;Action;Michael Mann;1992;112;12;6.50
09/06/2019 13:00;Les diaboliques;Crime;Henri-Georges Clouzot;1955;117;12;8.50
09/06/2019 10:00;Raging Bull;Biography;Martin Scorsese;1980;129;12;6.50
08/06/2019 18:30;The Dirty Dozen;Action;Robert Aldrich;1967;150;12;8.50
08/06/2019 16:00;"South Park: Bigger; Longer & Uncut";Animation;Trey Parker;1999;81;12;8.50
08/06/2019 13:00;The Blues Brothers;Action;John Landis;1980;133;0;7.50
08/06/2019 10:30;Trois couleurs: Rouge;Drama;Krzysztof Kieslowski;1994;99;0;7.00
07/06/2019 12:30;Dirty Harry;Action;Don Siegel;1971;102;12;8.50
07/06/2019 10:00;Once Were Warriors;Crime;Lee Tamahori;1994;102;12;8.50
06/06/2019 16:00;Malcolm X;Biography;Spike Lee;1992;202;0;7.00
06/06/2019 13:30;Notorious;Drama;Alfred Hitchcock;1946;102;0;7.00
06/06/2019 10:30;Stalag 17;Comedy;Billy Wilder;1953;120;12;8.00
05/06/2019 16:30;Trois couleurs: Rouge;Drama;Krzysztof Kieslowski;1994;99;0;8.00
05/06/2019 13:30;Rebel Without a Cause;Drama;Nicholas Ray;1955;111;12;7.50
05/06/2019 10:30;The Outlaw Josey Wales;Western;Clint Eastwood;1976;135;12;7.00
04/06/2019 10:00;Le samouraï;Crime;Jean-Pierre Melville;1967;105;12;7.50
03/06/2019 10:30;Dirty Harry;Action;Don Siegel;1971;102;12;8.50
02/06/2019 15:30;Titanic;Drama;James Cameron;1997;194;12;7.00
02/06/2019 13:00;Jules et Jim;Drama;François Truffaut;1962;105;12;7.50
02/06/2019 10:30;Notorious;Drama;Alfred Hitchcock;1946;102;0;8.50
01/06/2019 16:00;The Outlaw Josey Wales;Western;Clint Eastwood;1976;135;12;8.00
01/06/2019 13:00;Les diaboliques;Crime;Henri-Georges Clouzot;1955;117;12;8.50
01/06/2019 10:00;The Outlaw Josey Wales;Western;Clint Eastwood;1976;135;12;8.50
31/05/2019 10:00;Les yeux sans visage;Drama;Georges Franju;1960;90;12;6.50
30/05/2019 10:00;The Wizard of Oz;Adventure;Victor Fleming;1939;102;0;7.50
29/05/2019 12:30;Les diaboliques;Crime;Henri-Georges Clouzot;1955;117;12;8.50
29/05/2019 10:00;The Wizard of Oz;Adventure;Victor Fleming;1939;102;0;7.00
28/05/2019 15:30;"South Park: Bigger; Longer & Uncut";Animation;Trey Parker;1999;81;12;8.00
28/05/2019 12:30;Raging Bull;Biography;Martin Scorsese;1980;129;12;7.50
28/05/2019 10:00;Le samouraï;Crime;Jean-Pierre Melville;1967;105;12;6.50
27/05/2019 13:30;Les diaboliques;Crime;Henri-Georges Clouzot;1955;117;12;6.50
27/05/2019 10:30;Dog Day Afternoon;Biography;Sidney Lumet;1975;125;0;6.50
26/05/2019 16:00;Goldfinger;Action;Guy Hamilton;1964;110;12;7.00
26/05/2019 13:00;Der Name der Rose;Crime;Jean-Jacques Annaud;1986;130;16;7.00
26/05/2019 10:00;Se7en;Crime;David Fincher;1995;127;12;7.50
25/05/2019 15:30;Stalag 17;Comedy;Billy Wilder;1953;120;12;8.50
25/05/2019 12:30;The Sting;Comedy;George Roy Hill;1973;129;0;8.00
25/05/2019 10:00;"South Park: Bigger; Longer & Uncut";Animation;Trey Parker;1999;81;12;6.50
24/05/2019 15:30;Dazed and Confused;Comedy;Richard Linklater;1993;102;0;7.00
24/05/2019 12:30;Stalag 17;Comedy;Billy Wilder;1953;120;12;6.50
24/05/2019 10:00;Viskningar och rop;Drama;Ingmar Bergman;1972;91;12;8.50
23/05/2019 10:30;Malcolm X;Biography;Spike Lee;1992;202;0;8.00
22/05/2019 10:30;Dirty Harry;Action;Don Siegel;1971;102;12;6.50
21/05/2019 10:00;Once Were Warriors;Crime;Lee Tamahori;1994;102;12;7.00
20/05/2019 13:00;Titanic;Drama;James Cameron;1997;194;12;8.50
20/05/2019 10:00;Se7en;Crime;David Fincher;1995;127;12;8.50
19/05/2019 17:00;Dog Day Afternoon;Biography;Sidney Lumet;1975;125;0;7.00
19/05/2019 12:30;Malcolm X;Biography;Spike Lee;1992;202;0;6.50
19/05/2019 10:00;Gifted;Drama;Marc Webb;2017;101;12;8.50
18/05/2019 17:30;Se7en;Crime;David Fincher;1995;127;12;7.00
18/05/2019 15:00;Blowup;Drama;Michelangelo Antonioni;1966;111;12;7.50
18/05/2019 12:30;Harvey;Comedy;Henry Koster;1950;104;12;6.50
18/05/2019 10:00;Jules et Jim;Drama;François Truffaut;1962;105;12;6.50
17/05/2019 13:00;Misery;Drama;Rob Reiner;1990;107;16;7.00
17/05/2019 10:30;Dark City;Mystery;Alex Proyas;1998;100;12;7.00
16/05/2019 10:00;Stalag 17;Comedy;Billy Wilder;1953;120;12;6.50
15/05/2019 15:30;Kaze no tani no Naushika;Animation;Hayao Miyazaki;1984;117;0;8.00
15/05/2019 13:00;Viskningar och rop;Drama;Ingmar Bergman;1972;91;12;6.50
15/05/2019 10:30;Gifted;Drama;Marc Webb;2017;101;12;7.00
14/05/2019 15:30;The Blues Brothers;Action;John Landis;1980;133;0;7.00
14/05/2019 13:00;Once Were Warriors;Crime;Lee Tamahori;1994;102;12;7.00
14/05/2019 10:30;Stalag 17;Comedy;Billy Wilder;1953;120;12;7.50
13/05/2019 15:00;Stalag 17;Comedy;Billy Wilder;1953;120;12;8.00
13/05/2019 12:30;Dirty Harry;Action;Don Siegel;1971;102;12;7.00
13/05/2019 10:00;Viskningar och rop;Drama;Ingmar Bergman;1972;91;12;7.00
12/05/2019 21:00;Tengoku to jigoku;Crime;Akira Kurosawa;1963;143;12;9.50
12/05/2019 16:30;Malcolm X;Biography;Spike Lee;1992;202;0;7.00
12/05/2019 13:30;Dog Day Afternoon;Biography;Sidney Lumet;1975;125;0;8.50
12/05/2019 10:30;Kaze no tani no Naushika;Animation;Hayao Miyazaki;1984;117;0;6.50
11/05/2019 17:00;Malcolm X;Biography;Spike Lee;1992;202;0;8.00
11/05/2019 14:00;Stalag 17;Comedy;Billy Wilder;1953;120;12;7.50
11/05/2019 10:00;Bound by Honor;Crime;Taylor Hackford;1993;180;16;8.50
10/05/2019 15:30;Der Name der Rose;Crime;Jean-Jacques Annaud;1986;130;16;7.00
10/05/2019 12:30;A Few Good Men;Drama;Rob Reiner;1992;138;0;8.50
10/05/2019 10:00;Viskningar och rop;Drama;Ingmar Bergman;1972;91;12;7.00
09/05/2019 10:00;Only the Brave;Action;Joseph Kosinski;2017;134;12;7.50
08/05/2019 15:00;Dazed and Confused;Comedy;Richard Linklater;1993;102;0;7.50
08/05/2019 12:30;Ferris Bueller's Day Off;Comedy;John Hughes;1986;103;0;8.50
08/05/2019 10:00;Once Were Warriors;Crime;Lee Tamahori;1994;102;12;7.50
07/05/2019 13:30;Les yeux sans visage;Drama;Georges Franju;1960;90;12;7.00
07/05/2019 10:30;Se7en;Crime;David Fincher;1995;127;12;8.00
06/05/2019 12:30;Dazed and Confused;Comedy;Richard Linklater;1993;102;0;8.50
06/05/2019 10:00;Dazed and Confused;Comedy;Richard Linklater;1993;102;0;8.00
05/05/2019 17:30;Misery;Drama;Rob Reiner;1990;107;16;7.00
05/05/2019 15:30;The Kid;Comedy;Charles Chaplin;1921;68;12;7.50
05/05/2019 12:30;Raging Bull;Biography;Martin Scorsese;1980;129;12;7.50
05/05/2019 10:00;Ferris Bueller's Day Off;Comedy;John Hughes;1986;103;0;7.50
04/05/2019 19:30;Dazed and Confused;Comedy;Richard Linklater;1993;102;0;10.00
04/05/2019 16:00;The Last Emperor;Biography;Bernardo Bertolucci;1987;163;0;8.00
04/05/2019 13:00;The Sting;Comedy;George Roy Hill;1973;129;0;8.00
04/05/2019 10:00;Se7en;Crime;David Fincher;1995;127;12;8.50
03/05/2019 10:30;Viskningar och rop;Drama;Ingmar Bergman;1972;91;12;6.50
02/05/2019 16:00;Raging Bull;Biography;Martin Scorsese;1980;129;12;8.00
02/05/2019 13:00;Red River;Action;Howard Hawks;1948;133;12;7.00
02/05/2019 10:00;A Few Good Men;Drama;Rob Reiner;1992;138;0;7.50
01/05/2019 10:00;Yôjinbô;Action;Akira Kurosawa;1961;110;12;8.50
30/04/2019 17:30;The Kid;Comedy;Charles Chaplin;1921;68;12;7.50
30/04/2019 13:30;Bound by Honor;Crime;Taylor Hackford;1993;180;16;7.50
30/04/2019 10:00;A Few Good Men;Drama;Rob Reiner;1992;138;0;8.00
29/04/2019 10:30;Amadeus;Biography;Milos Forman;1984;160;16;7.00
28/04/2019 17:00;Red River;Action;Howard Hawks;1948;133;12;7.50
28/04/2019 14:00;The Sting;Comedy;George Roy Hill;1973;129;0;7.00
28/04/2019 10:30;The Last Emperor;Biography;Bernardo Bertolucci;1987;163;0;7.00
27/04/2019 21:00;Nosferatu;Fantasy;F.W. Murnau;1922;94;12;9.00
27/04/2019 17:00;The Deer Hunter;Drama;Michael Cimino;1978;183;12;8.00
27/04/2019 13:00;The Deer Hunter;Drama;Michael Cimino;1978;183;12;6.50
27/04/2019 10:30;Nosferatu;Fantasy;F.W. Murnau;1922;94;12;8.50
26/04/2019 14:00;Gifted;Drama;Marc Webb;2017;101;12;6.50
26/04/2019 10:00;Bound by Honor;Crime;Taylor Hackford;1993;180;16;8.50
25/04/2019 16:00;Viskningar och rop;Drama;Ingmar Bergman;1972;91;12;8.00
25/04/2019 13:00;Dog Day Afternoon;Biography;Sidney Lumet;1975;125;0;6.50
25/04/2019 10:00;A Few Good Men;Drama;Rob Reiner;1992;138;0;7.50
24/04/2019 16:30;The Long Goodbye;Comedy;Robert Altman;1973;112;12;7.50
24/04/2019 13:30;The Sting;Comedy;George Roy Hill;1973;129;0;7.50
24/04/2019 10:30;Citizen Kane;Drama;Orson Welles;1941;119;12;7.50
23/04/2019 13:00;Die Hard: With a Vengeance;Action;John McTiernan;1995;128;12;8.50
23/04/2019 10:00;Tengoku to jigoku;Crime;Akira Kurosawa;1963;143;12;6.50
22/04/2019 16:30;Blowup;Drama;Michelangelo Antonioni;1966;111;12;7.50
22/04/2019 13:30;Die Hard: With a Vengeance;Action;John McTiernan;1995;128;12;8.50
22/04/2019 10:30;A Few Good Men;Drama;Rob Reiner;1992;138;0;7.50
21/04/2019 18:30;Paths of Glory;Drama;Stanley Kubrick;1957;88;12;10.00
21/04/2019 15:30;Ikiru;Drama;Akira Kurosawa;1952;143;12;7.50
21/04/2019 12:30;The Straight Story;Biography;David Lynch;1999;112;0;7.00
21/04/2019 10:00;The Killing;Crime;Stanley Kubrick;1956;84;12;7.50
20/04/2019 16:00;Dark City;Mystery;Alex Proyas;1998;100;12;7.00
20/04/2019 13:00;Cabaret;Drama;Bob Fosse;1972;124;12;6.50
20/04/2019 10:00;Cabaret;Drama;Bob Fosse;1972;124;12;8.50
19/04/2019 13:30;Der Name der Rose;Crime;Jean-Jacques Annaud;1986;130;16;6.50
19/04/2019 10:30;Ikiru;Drama;Akira Kurosawa;1952;143;12;8.00
18/04/2019 16:30;The Kid;Comedy;Charles Chaplin;1921;68;12;8.00
18/04/2019 13:00;Ikiru;Drama;Akira Kurosawa;1952;143;12;7.50
18/04/2019 10:30;La double vie de Véronique;Drama;Krzysztof Kieslowski;1991;98;16;6.50
17/04/2019 10:00;Kaze no tani no Naushika;Animation;Hayao Miyazaki;1984;117;0;8.00
16/04/2019 15:30;Die Hard: With a Vengeance;Action;John McTiernan;1995;128;12;7.50
16/04/2019 13:00;Ferris Bueller's Day Off;Comedy;John Hughes;1986;103;0;6.50
16/04/2019 10:30;Yôjinbô;Action;Akira Kurosawa;1961;110;12;8.50
15/04/2019 17:00;On Golden Pond;Drama;Mark Rydell;1981;109;12;6.50
15/04/2019 13:30;Scarface;Crime;Brian De Palma;1983;170;12;7.50
15/04/2019 10:30;Ikiru;Drama;Akira Kurosawa;1952;143;12;8.00
14/04/2019 15:00;Harvey;Comedy;Henry Koster;1950;104;12;6.50
14/04/2019 13:00;The Kid;Comedy;Charles Chaplin;1921;68;12;8.00
14/04/2019 10:00;Yôjinbô;Action;Akira Kurosawa;1961;110;12;8.50
13/04/2019 17:30;On Golden Pond;Drama;Mark Rydell;1981;109;12;8.00
13/04/2019 15:30;The Kid;Comedy;Charles Chaplin;1921;68;12;7.00
13/04/2019 13:00;Nosferatu;Fantasy;F.W. Murnau;1922;94;12;6.50
13/04/2019 10:30;Les yeux sans visage;Drama;Georges Franju;1960;90;12;7.00
12/04/2019 10:30;Terminator 2: Judgment Day;Action;James Cameron;1991;137;0;8.00
11/04/2019 10:30;Harvey;Comedy;Henry Koster;1950;104;12;7.50
10/04/2019 16:30;Nosferatu;Fantasy;F.W. Murnau;1922;94;12;7.00
10/04/2019 13:30;Terminator 2: Judgment Day;Action;James Cameron;1991;137;0;6.50
10/04/2019 10:00;Scarface;Crime;Brian De Palma;1983;170;12;7.50
09/04/2019 10:00;Scarface;Crime;Brian De Palma;1983;170;12;8.50
08/04/2019 12:30;Nosferatu;Fantasy;F.W. Murnau;1922;94;12;7.50
08/04/2019 10:00;Rushmore;Comedy;Wes Anderson;1998;93;12;7.50
07/04/2019 16:00;The Kid;Comedy;Charles Chaplin;1921;68;12;8.50
07/04/2019 13:30;Les quatre cents coups;Crime;François Truffaut;1959;99;12;7.00
07/04/2019 10:30;"Crna macka; beli macor";Comedy;Emir Kusturica;1998;127;16;7.00
06/04/2019 18:30;American History X;Drama;Tony Kaye;1998;119;16;8.50
06/04/2019 16:30;The Kid;Comedy;Charles Chaplin;1921;68;12;8.00
06/04/2019 13:00;Scarface;Crime;Brian De Palma;1983;170;12;7.50
06/04/2019 10:00;Blowup;Drama;Michelangelo Antonioni;1966;111;12;7.50
05/04/2019 10:00;The Killing;Crime;Stanley Kubrick;1956;84;12;8.00
04/04/2019 16:00;Todo sobre mi madre;Drama;Pedro Almodóvar;1999;101;16;7.00
04/04/2019 13:30;Paper Moon;Comedy;Peter Bogdanovich;1973;102;0;8.00
04/04/2019 10:30;American History X;Drama;Tony Kaye;1998;119;16;8.00
03/04/2019 10:00;"Crna macka; beli macor";Comedy;Emir Kusturica;1998;127;16;8.00
02/04/2019 15:00;K.G.F: Chapter 1;Action;Prashanth Neel;2018;156;12;7.00
02/04/2019 12:30;Nosferatu;Fantasy;F.W. Murnau;1922;94;12;8.50
02/04/2019 10:00;The Long Goodbye;Comedy;Robert Altman;1973;112;12;8.50
01/04/2019 10:00;Nosferatu;Fantasy;F.W. Murnau;1922;94;12;7.00
31/03/2019 19:00;K.G.F: Chapter 1;Action;Prashanth Neel;2018;156;12;8.50
31/03/2019 16:30;Citizen Kane;Drama;Orson Welles;1941;119;12;8.50
31/03/2019 14:00;Nosferatu;Fantasy;F.W. Murnau;1922;94;12;6.50
31/03/2019 10:30;Terminator 2: Judgment Day;Action;James Cameron;1991;137;0;7.50
30/03/2019 18:30;Tengoku to jigoku;Crime;Akira Kurosawa;1963;143;12;9.00
30/03/2019 16:00;Harvey;Comedy;Henry Koster;1950;104;12;8.00
30/03/2019 13:00;Citizen Kane;Drama;Orson Welles;1941;119;12;7.00
30/03/2019 10:00;Raging Bull;Biography;Martin Scorsese;1980;129;12;7.50
29/03/2019 10:00;Cabaret;Drama;Bob Fosse;1972;124;12;7.50
28/03/2019 13:00;Being John Malkovich;Comedy;Spike Jonze;1999;113;16;8.00
28/03/2019 10:30;Harvey;Comedy;Henry Koster;1950;104;12;8.00
27/03/2019 16:00;The Killing;Crime;Stanley Kubrick;1956;84;12;7.50
27/03/2019 13:00;The Long Goodbye;Comedy;Robert Altman;1973;112;12;6.50
27/03/2019 10:30;Miracle on 34th Street;Comedy;George Seaton;1947;96;12;7.00
26/03/2019 16:30;A Star Is Born;Drama;Bradley Cooper;2018;136;12;7.50
26/03/2019 14:00;Miracle on 34th Street;Comedy;George Seaton;1947;96;12;7.00
26/03/2019 10:30;K.G.F: Chapter 1;Action;Prashanth Neel;2018;156;12;8.50
25/03/2019 15:30;Cool Hand Luke;Crime;Stuart Rosenberg;1967;127;12;7.50
25/03/2019 12:30;"Crna macka; beli macor";Comedy;Emir Kusturica;1998;127;16;6.50
25/03/2019 10:00;Nosferatu;Fantasy;F.W. Murnau;1922;94;12;8.50
24/03/2019 17:30;Rushmore;Comedy;Wes Anderson;1998;93;12;6.50
24/03/2019 15:30;The Killing;Crime;Stanley Kubrick;1956;84;12;7.50
24/03/2019 13:00;Laura;Drama;Otto Preminger;1944;88;12;7.50
24/03/2019 10:30;Laura;Drama;Otto Preminger;1944;88;12;6.50
23/03/2019 16:00;Rushmore;Comedy;Wes Anderson;1998;93;12;6.50
23/03/2019 13:00;Citizen Kane;Drama;Orson Welles;1941;119;12;6.50
23/03/2019 10:00;Cabaret;Drama;Bob Fosse;1972;124;12;8.50
22/03/2019 13:00;Cabaret;Drama;Bob Fosse;1972;124;12;8.50
22/03/2019 10:30;On Golden Pond;Drama;Mark Rydell;1981;109;12;7.50
21/03/2019 12:30;The Deer Hunter;Drama;Michael Cimino;1978;183;12;6.50
21/03/2019 10:00;Laura;Drama;Otto Preminger;1944;88;12;8.00
20/03/2019 15:30;La Strada;Drama;Federico Fellini;1954;108;12;8.00
20/03/2019 13:00;The Birds;Drama;Alfred Hitchcock;1963;119;12;8.00
20/03/2019 10:00;Terminator 2: Judgment Day;Action;James Cameron;1991;137;0;7.50
19/03/2019 10:30;The Killing;Crime;Stanley Kubrick;1956;84;12;6.50
18/03/2019 10:00;Deadpool 2;Action;David Leitch;2018;119;16;8.00
17/03/2019 17:00;On Golden Pond;Drama;Mark Rydell;1981;109;12;8.50
17/03/2019 13:00;Titanic;Drama;James Cameron;1997;194;12;7.00
17/03/2019 10:30;Laura;Drama;Otto Preminger;1944;88;12;8.50
16/03/2019 18:00;Uri: The Surgical Strike;Action;Aditya Dhar;2018;138;12;9.00
16/03/2019 15:30;The Sandlot;Comedy;David Mickey Evans;1993;101;0;6.50
16/03/2019 13:00;Rushmore;Comedy;Wes Anderson;1998;93;12;6.50
16/03/2019 10:00;Uri: The Surgical Strike;Action;Aditya Dhar;2018;138;12;7.50
15/03/2019 16:00;The Sandlot;Comedy;David Mickey Evans;1993;101;0;8.50
15/03/2019 13:00;Eskiya;Crime;Yavuz Turgul;1996;128;12;7.50
15/03/2019 10:00;"Crna macka; beli macor";Comedy;Emir Kusturica;1998;127;16;6.50
14/03/2019 13:30;Citizen Kane;Drama;Orson Welles;1941;119;12;7.50
14/03/2019 10:30;"Crna macka; beli macor";Comedy;Emir Kusturica;1998;127;16;7.00
13/03/2019 16:00;La Strada;Drama;Federico Fellini;1954;108;12;6.50
13/03/2019 13:30;Rear Window;Mystery;Alfred Hitchcock;1954;112;0;8.50
13/03/2019 10:30;Raging Bull;Biography;Martin Scorsese;1980;129;12;7.50
12/03/2019 12:30;On Golden Pond;Drama;Mark Rydell;1981;109;12;8.50
12/03/2019 10:00;On Golden Pond;Drama;Mark Rydell;1981;109;12;6.50
11/03/2019 10:30;"Crna macka; beli macor";Comedy;Emir Kusturica;1998;127;16;7.50
10/03/2019 20:00;Rushmore;Comedy;Wes Anderson;1998;93;12;10.00
10/03/2019 16:30;Uri: The Surgical Strike;Action;Aditya Dhar;2018;138;12;8.00
10/03/2019 13:30;"Crna macka; beli macor";Comedy;Emir Kusturica;1998;127;16;7.50
10/03/2019 10:30;Die Hard: With a Vengeance;Action;John McTiernan;1995;128;12;8.00
09/03/2019 18:30;A Star Is Born;Drama;Bradley Cooper;2018;136;12;9.00
09/03/2019 15:30;Terminator 2: Judgment Day;Action;James Cameron;1991;137;0;8.00
09/03/2019 12:30;Cool Hand Luke;Crime;Stuart Rosenberg;1967;127;12;7.50
09/03/2019 10:30;Beauty and the Beast;Animation;Gary Trousdale;1991;84;0;7.00
08/03/2019 13:00;Terminator 2: Judgment Day;Action;James Cameron;1991;137;0;7.50
08/03/2019 10:00;A Star Is Born;Drama;Bradley Cooper;2018;136;12;6.50
07/03/2019 10:30;Terminator 2: Judgment Day;Action;James Cameron;1991;137;0;6.50
06/03/2019 17:00;Deadpool 2;Action;David Leitch;2018;119;16;7.00
06/03/2019 14:00;La Strada;Drama;Federico Fellini;1954;108;12;6.50
06/03/2019 10:30;Terminator 2: Judgment Day;Action;James Cameron;1991;137;0;7.00
05/03/2019 10:30;Once Upon a Time... in Hollywood;Comedy;Quentin Tarantino;2019;161;12;8.00
04/03/2019 10:00;All About Eve;Drama;Joseph L. Mankiewicz;1950;138;12;7.00
03/03/2019 15:30;Rear Window;Mystery;Alfred Hitchcock;1954;112;0;8.50
03/03/2019 13:00;Being John Malkovich;Comedy;Spike Jonze;1999;113;16;8.00
03/03/2019 10:00;Eskiya;Crime;Yavuz Turgul;1996;128;12;8.50
02/03/2019 19:30;The Maltese Falcon;Film-Noir;John Huston;1941;100;12;10.00
02/03/2019 16:30;American History X;Drama;Tony Kaye;1998;119;16;8.50
02/03/2019 13:30;The Searchers;Adventure;John Ford;1956;119;12;7.00
02/03/2019 10:30;La Strada;Drama;Federico Fellini;1954;108;12;8.50
01/03/2019 10:30;Laura;Drama;Otto Preminger;1944;88;12;8.00
28/02/2019 10:00;Beauty and the Beast;Animation;Gary Trousdale;1991;84;0;6.50
27/02/2019 13:00;Todo sobre mi madre;Drama;Pedro Almodóvar;1999;101;16;8.50
27/02/2019 10:00;Being John Malkovich;Comedy;Spike Jonze;1999;113;16;6.50
26/02/2019 13:00;Titanic;Drama;James Cameron;1997;194;12;6.50
26/02/2019 10:00;Deadpool 2;Action;David Leitch;2018;119;16;7.00
25/02/2019 13:30;Citizen Kane;Drama;Orson Welles;1941;119;12;7.50
25/02/2019 10:30;Le locataire;Drama;Roman Polanski;1976;126;16;8.00
24/02/2019 18:00;Roma;Drama;Alfonso Cuarón;2018;135;16;9.00
24/02/2019 15:30;The Maltese Falcon;Film-Noir;John Huston;1941;100;12;8.00
24/02/2019 13:00;Todo sobre mi madre;Drama;Pedro Almodóvar;1999;101;16;6.50
24/02/2019 10:30;Shadow of a Doubt;Film-Noir;Alfred Hitchcock;1943;108;6;8.50
23/02/2019 16:00;American History X;Drama;Tony Kaye;1998;119;16;8.50
23/02/2019 13:00;All About Eve;Drama;Joseph L. Mankiewicz;1950;138;12;6.50
23/02/2019 10:30;Dirty Harry;Action;Don Siegel;1971;102;12;8.00
22/02/2019 10:30;Witness for the Prosecution;Crime;Billy Wilder;1957;116;0;8.50
21/02/2019 14:30;Todo sobre mi madre;Drama;Pedro Almodóvar;1999;101;16;6.50
21/02/2019 12:30;Bronenosets Potemkin;Drama;Sergei M. Eisenstein;1925;75;12;7.50
21/02/2019 10:00;Beauty and the Beast;Animation;Gary Trousdale;1991;84;0;6.50
20/02/2019 13:00;"Il buono; il brutto; il cattivo";Western;Sergio Leone;1966;161;12;8.00
20/02/2019 10:30;American History X;Drama;Tony Kaye;1998;119;16;8.00
19/02/2019 13:30;Eskiya;Crime;Yavuz Turgul;1996;128;12;6.50
19/02/2019 10:30;All About Eve;Drama;Joseph L. Mankiewicz;1950;138;12;7.50
18/02/2019 13:00;Dead Poets Society;Comedy;Peter Weir;1989;128;0;6.50
18/02/2019 10:30;Dirty Harry;Action;Don Siegel;1971;102;12;7.50
17/02/2019 18:00;All About Eve;Drama;Joseph L. Mankiewicz;1950;138;12;9.00
17/02/2019 15:30;The Adventures of Robin Hood;Action;Michael Curtiz;1938;102;6;6.50
17/02/2019 13:30;Bronenosets Potemkin;Drama;Sergei M. Eisenstein;1925;75;12;8.50
17/02/2019 10:30;A Star Is Born;Drama;Bradley Cooper;2018;136;12;7.50
16/02/2019 17:00;Deadpool 2;Action;David Leitch;2018;119;16;7.00
16/02/2019 13:00;Titanic;Drama;James Cameron;1997;194;12;8.50
16/02/2019 10:00;Sleuth;Mystery;Joseph L. Mankiewicz;1972;138;6;8.00
15/02/2019 14:00;Shadow of a Doubt;Film-Noir;Alfred Hitchcock;1943;108;6;6.50
15/02/2019 10:00;Titanic;Drama;James Cameron;1997;194;12;7.50
14/02/2019 10:00;Bronenosets Potemkin;Drama;Sergei M. Eisenstein;1925;75;12;7.50
13/02/2019 15:30;"Il buono; il brutto; il cattivo";Western;Sergio Leone;1966;161;12;6.50
13/02/2019 12:30;The Grapes of Wrath;Drama;John Ford;1940;129;12;7.50
13/02/2019 10:00;The Adventures of Robin Hood;Action;Michael Curtiz;1938;102;6;6.50
12/02/2019 16:00;Dead Poets Society;Comedy;Peter Weir;1989;128;0;7.50
12/02/2019 13:00;All About Eve;Drama;Joseph L. Mankiewicz;1950;138;12;6.50
12/02/2019 10:00;Shadow of a Doubt;Film-Noir;Alfred Hitchcock;1943;108;6;7.00
11/02/2019 14:00;The Grapes of Wrath;Drama;John Ford;1940;129;12;8.50
11/02/2019 10:00;Titanic;Drama;James Cameron;1997;194;12;6.50
10/02/2019 19:30;Sleuth;Mystery;Joseph L. Mankiewicz;1972;138;6;8.50
10/02/2019 16:30;Primal Fear;Crime;Gregory Hoblit;1996;129;12;8.50
10/02/2019 13:30;All About Eve;Drama;Joseph L. Mankiewicz;1950;138;12;8.50
10/02/2019 10:30;Le locataire;Drama;Roman Polanski;1976;126;16;8.00
09/02/2019 19:00;Witness for the Prosecution;Crime;Billy Wilder;1957;116;0;9.00
09/02/2019 16:00;Citizen Kane;Drama;Orson Welles;1941;119;12;6.50
09/02/2019 13:30;La Strada;Drama;Federico Fellini;1954;108;12;7.50
09/02/2019 10:30;Primal Fear;Crime;Gregory Hoblit;1996;129;12;8.00
08/02/2019 16:30;Citizen Kane;Drama;Orson Welles;1941;119;12;6.50
08/02/2019 13:30;Sleuth;Mystery;Joseph L. Mankiewicz;1972;138;6;7.00
08/02/2019 10:30;The Grapes of Wrath;Drama;John Ford;1940;129;12;7.50
07/02/2019 10:30;Shine;Biography;Scott Hicks;1996;105;0;8.50
06/02/2019 10:00;The Blues Brothers;Action;John Landis;1980;133;0;7.00
05/02/2019 10:00;Citizen Kane;Drama;Orson Welles;1941;119;12;8.50
04/02/2019 16:00;The Lion in Winter;Biography;Anthony Harvey;1968;134;6;8.50
04/02/2019 13:00;The Lion in Winter;Biography;Anthony Harvey;1968;134;6;7.50
04/02/2019 10:00;Le locataire;Drama;Roman Polanski;1976;126;16;7.00
03/02/2019 15:30;Primal Fear;Crime;Gregory Hoblit;1996;129;12;8.50
03/02/2019 13:00;Shine;Biography;Scott Hicks;1996;105;0;6.50
03/02/2019 10:30;Shine;Biography;Scott Hicks;1996;105;0;7.00
02/02/2019 20:00;Once Upon a Time... in Hollywood;Comedy;Quentin Tarantino;2019;161;12;10.00
02/02/2019 17:00;Dead Poets Society;Comedy;Peter Weir;1989;128;0;8.50
02/02/2019 14:00;The Blues Brothers;Action;John Landis;1980;133;0;8.50
02/02/2019 10:30;Once Upon a Time... in Hollywood;Comedy;Quentin Tarantino;2019;161;12;7.00
01/02/2019 10:00;The Lion in Winter;Biography;Anthony Harvey;1968;134;6;7.50
31/01/2019 16:00;Ayla: The Daughter of War;Biography;Can Ulkay;2017;125;12;6.50
31/01/2019 13:00;Roma;Drama;Alfonso Cuarón;2018;135;16;8.00
31/01/2019 10:00;Dead Poets Society;Comedy;Peter Weir;1989;128;0;7.50
30/01/2019 10:00;Boyz n the Hood;Crime;John Singleton;1991;112;12;8.50
29/01/2019 10:00;The Adventures of Robin Hood;Action;Michael Curtiz;1938;102;6;8.00
28/01/2019 16:00;Roma;Drama;Alfonso Cuarón;2018;135;16;7.00
28/01/2019 13:00;Witness for the Prosecution;Crime;Billy Wilder;1957;116;0;7.00
28/01/2019 10:00;Dead Poets Society;Comedy;Peter Weir;1989;128;0;6.50
27/01/2019 18:30;Shadow of a Doubt;Film-Noir;Alfred Hitchcock;1943;108;6;10.00
27/01/2019 15:30;Boyz n the Hood;Crime;John Singleton;1991;112;12;8.50
27/01/2019 12:30;The Grapes of Wrath;Drama;John Ford;1940;129;12;7.00
27/01/2019 10:00;The Adventures of Robin Hood;Action;Michael Curtiz;1938;102;6;7.00
26/01/2019 15:00;Rear Window;Mystery;Alfred Hitchcock;1954;112;0;8.00
26/01/2019 12:30;Shadow of a Doubt;Film-Noir;Alfred Hitchcock;1943;108;6;6.50
26/01/2019 10:00;The Adventures of Robin Hood;Action;Michael Curtiz;1938;102;6;7.50
25/01/2019 10:30;Shine;Biography;Scott Hicks;1996;105;0;8.00
24/01/2019 16:00;In the Heat of the Night;Crime;Norman Jewison;1967;110;0;6.50
24/01/2019 13:30;In the Heat of the Night;Crime;Norman Jewison;1967;110;0;7.50
24/01/2019 10:00;Sleuth;Mystery;Joseph L. Mankiewicz;1972;138;6;8.00
23/01/2019 10:30;Witness for the Prosecution;Crime;Billy Wilder;1957;116;0;7.50
22/01/2019 12:30;Sleuth;Mystery;Joseph L. Mankiewicz;1972;138;6;7.50
22/01/2019 10:00;Boyz n the Hood;Crime;John Singleton;1991;112;12;8.50
21/01/2019 16:30;In the Heat of the Night;Crime;Norman Jewison;1967;110;0;8.50
21/01/2019 13:30;The Matrix;Action;Lana Wachowski;1999;136;12;8.00
21/01/2019 10:30;The Grapes of Wrath;Drama;John Ford;1940;129;12;7.00
20/01/2019 19:30;The Grapes of Wrath;Drama;John Ford;1940;129;12;10.00
20/01/2019 16:30;Primal Fear;Crime;Gregory Hoblit;1996;129;12;8.50
20/01/2019 13:30;Vertigo;Mystery;Alfred Hitchcock;1958;128;12;7.50
20/01/2019 10:30;Sleuth;Mystery;Joseph L. Mankiewicz;1972;138;6;6.50
19/01/2019 19:00;Apocalypse Now;Drama;Francis Ford Coppola;1979;147;16;8.50
19/01/2019 16:00;The Lion in Winter;Biography;Anthony Harvey;1968;134;6;6.50
19/01/2019 13:30;Shadow of a Doubt;Film-Noir;Alfred Hitchcock;1943;108;6;8.50
19/01/2019 10:30;Roma;Drama;Alfonso Cuarón;2018;135;16;8.50
18/01/2019 12:30;Primal Fear;Crime;Gregory Hoblit;1996;129;12;7.00
18/01/2019 10:00;The Adventures of Robin Hood;Action;Michael Curtiz;1938;102;6;8.00
17/01/2019 16:00;Citizen Kane;Drama;Orson Welles;1941;119;12;8.00
17/01/2019 13:30;Shine;Biography;Scott Hicks;1996;105;0;7.00
17/01/2019 10:30;Primal Fear;Crime;Gregory Hoblit;1996;129;12;8.50
16/01/2019 10:30;Carlito's Way;Crime;Brian De Palma;1993;144;12;6.50
15/01/2019 12:00;The Fugitive;Action;Andrew Davis;1993;130;0;7.50
15/01/2019 10:00;Bronenosets Potemkin;Drama;Sergei M. Eisenstein;1925;75;12;7.00
14/01/2019 13:00;The Grapes of Wrath;Drama;John Ford;1940;129;12;8.00
14/01/2019 10:30;Shine;Biography;Scott Hicks;1996;105;0;7.00
13/01/2019 18:30;"Il buono; il brutto; il cattivo";Western;Sergio Leone;1966;161;12;10.00
13/01/2019 16:00;Boyz n the Hood;Crime;John Singleton;1991;112;12;7.50
13/01/2019 13:30;In the Heat of the Night;Crime;Norman Jewison;1967;110;0;7.50
13/01/2019 10:00;Apocalypse Now;Drama;Francis Ford Coppola;1979;147;16;7.50
12/01/2019 15:30;Sleuth;Mystery;Joseph L. Mankiewicz;1972;138;6;8.00
12/01/2019 13:00;The Adventures of Robin Hood;Action;Michael Curtiz;1938;102;6;7.50
12/01/2019 10:00;Roma;Drama;Alfonso Cuarón;2018;135;16;7.00
11/01/2019 10:30;Primal Fear;Crime;Gregory Hoblit;1996;129;12;6.50
10/01/2019 10:00;Do the Right Thing;Comedy;Spike Lee;1989;120;16;8.00
09/01/2019 10:00;The Searchers;Adventure;John Ford;1956;119;12;7.50
08/01/2019 10:30;A Little Princess;Drama;Alfonso Cuarón;1995;97;0;6.50
07/01/2019 10:30;Sleuth;Mystery;Joseph L. Mankiewicz;1972;138;6;8.50
06/01/2019 19:00;The Lion in Winter;Biography;Anthony Harvey;1968;134;6;9.00
06/01/2019 16:30;Shine;Biography;Scott Hicks;1996;105;0;7.00
06/01/2019 13:00;Apocalypse Now;Drama;Francis Ford Coppola;1979;147;16;8.00
06/01/2019 10:00;The Fugitive;Action;Andrew Davis;1993;130;0;6.50
05/01/2019 19:00;Apocalypse Now;Drama;Francis Ford Coppola;1979;147;16;8.50
05/01/2019 16:00;Mononoke-hime;Animation;Hayao Miyazaki;1997;134;0;8.00
05/01/2019 13:00;The Killing Fields;Biography;Roland Joffé;1984;141;12;8.00
05/01/2019 10:30;El ángel exterminador;Drama;Luis Buñuel;1962;95;12;8.00
04/01/2019 16:30;Mononoke-hime;Animation;Hayao Miyazaki;1997;134;0;6.50
04/01/2019 13:30;Sleuth;Mystery;Joseph L. Mankiewicz;1972;138;6;7.50
04/01/2019 10:30;The Last Picture Show;Drama;Peter Bogdanovich;1971;118;16;8.00
03/01/2019 12:30;The Lion in Winter;Biography;Anthony Harvey;1968;134;6;8.00
03/01/2019 10:00;Shine;Biography;Scott Hicks;1996;105;0;8.50
02/01/2019 13:30;Apocalypse Now;Drama;Francis Ford Coppola;1979;147;16;7.00
02/01/2019 10:30;Ayla: The Daughter of War;Biography;Can Ulkay;2017;125;12;7.50
01/01/2019 10:30;The Adventures of Robin Hood;Action;Michael Curtiz;1938;102;6;8.00
31/12/2018 15:30;In the Heat of the Night;Crime;Norman Jewison;1967;110;0;6.50
31/12/2018 13:00;The Taking of Pelham One Two Three;Action;Joseph Sargent;1974;104;0;8.00
31/12/2018 10:00;Do the Right Thing;Comedy;Spike Lee;1989;120;16;8.00
30/12/2018 19:30;The Taking of Pelham One Two Three;Action;Joseph Sargent;1974;104;0;10.00
30/12/2018 16:30;Rebel Without a Cause;Drama;Nicholas Ray;1955;111;12;8.50
30/12/2018 13:00;Carlito's Way;Crime;Brian De Palma;1993;144;12;7.50
30/12/2018 10:30;Shine;Biography;Scott Hicks;1996;105;0;7.00
29/12/2018 17:00;Dangal;Action;Nitesh Tiwari;2016;161;0;6.50
29/12/2018 13:00;Schindler's List;Biography;Steven Spielberg;1993;195;12;7.50
29/12/2018 10:30;Rebel Without a Cause;Drama;Nicholas Ray;1955;111;12;7.00
28/12/2018 13:00;A Star Is Born;Drama;Bradley Cooper;2018;136;12;8.00
28/12/2018 10:30;Shine;Biography;Scott Hicks;1996;105;0;7.50
27/12/2018 10:30;God's Own Country;Drama;Francis Lee;2017;104;12;6.50
26/12/2018 16:00;Léon;Action;Luc Besson;1994;110;12;8.00
26/12/2018 13:30;A Little Princess;Drama;Alfonso Cuarón;1995;97;0;8.50
26/12/2018 10:00;Apocalypse Now;Drama;Francis Ford Coppola;1979;147;16;8.50
25/12/2018 12:30;Avengers: Infinity War;Action;Anthony Russo;2018;149;12;8.00
25/12/2018 10:00;The Last Picture Show;Drama;Peter Bogdanovich;1971;118;16;6.50
24/12/2018 10:30;The Killing Fields;Biography;Roland Joffé;1984;141;12;7.50
23/12/2018 16:30;Carlito's Way;Crime;Brian De Palma;1993;144;12;6.50
23/12/2018 13:30;The Killing Fields;Biography;Roland Joffé;1984;141;12;7.00
23/12/2018 10:30;The Untouchables;Crime;Brian De Palma;1987;119;12;7.00
22/12/2018 19:30;Vertigo;Mystery;Alfred Hitchcock;1958;128;12;8.50
22/12/2018 16:30;Vertigo;Mystery;Alfred Hitchcock;1958;128;12;8.50
22/12/2018 13:30;Ayla: The Daughter of War;Biography;Can Ulkay;2017;125;12;8.00
22/12/2018 10:30;The Untouchables;Crime;Brian De Palma;1987;119;12;8.50
21/12/2018 13:00;Rebel Without a Cause;Drama;Nicholas Ray;1955;111;12;6.50
21/12/2018 10:00;Ayla: The Daughter of War;Biography;Can Ulkay;2017;125;12;8.50
20/12/2018 16:00;The Fugitive;Action;Andrew Davis;1993;130;0;8.00
20/12/2018 13:30;Rebel Without a Cause;Drama;Nicholas Ray;1955;111;12;7.00
20/12/2018 10:30;The Last Picture Show;Drama;Peter Bogdanovich;1971;118;16;8.50
19/12/2018 12:30;Ayla: The Daughter of War;Biography;Can Ulkay;2017;125;12;8.00
19/12/2018 10:00;El ángel exterminador;Drama;Luis Buñuel;1962;95;12;8.50
18/12/2018 17:00;Schindler's List;Biography;Steven Spielberg;1993;195;12;7.50
18/12/2018 14:30;La haine;Crime;Mathieu Kassovitz;1995;98;12;7.50
18/12/2018 10:30;Schindler's List;Biography;Steven Spielberg;1993;195;12;6.50
17/12/2018 10:00;Carlito's Way;Crime;Brian De Palma;1993;144;12;8.00
16/12/2018 17:00;Knockin' on Heaven's Door;Action;Thomas Jahn;1997;87;12;7.50
16/12/2018 13:00;Schindler's List;Biography;Steven Spielberg;1993;195;12;8.00
16/12/2018 10:30;Stand by Me;Adventure;Rob Reiner;1986;89;0;8.00
15/12/2018 18:30;The Last Picture Show;Drama;Peter Bogdanovich;1971;118;16;8.50
15/12/2018 15:30;Night on Earth;Comedy;Jim Jarmusch;1991;129;16;8.00
15/12/2018 12:30;A Star Is Born;Drama;Bradley Cooper;2018;136;12;7.00
15/12/2018 10:00;A Little Princess;Drama;Alfonso Cuarón;1995;97;0;6.50
14/12/2018 10:30;Stand by Me;Adventure;Rob Reiner;1986;89;0;6.50
13/12/2018 16:00;Vertigo;Mystery;Alfred Hitchcock;1958;128;12;7.00
13/12/2018 13:30;La haine;Crime;Mathieu Kassovitz;1995;98;12;7.50
13/12/2018 10:30;The Last Picture Show;Drama;Peter Bogdanovich;1971;118;16;8.00
12/12/2018 14:00;Avengers: Infinity War;Action;Anthony Russo;2018;149;12;7.00
12/12/2018 10:30;Apocalypse Now;Drama;Francis Ford Coppola;1979;147;16;7.00
11/12/2018 16:00;The Untouchables;Crime;Brian De Palma;1987;119;12;8.50
11/12/2018 13:00;The Fugitive;Action;Andrew Davis;1993;130;0;7.50
11/12/2018 10:30;Knockin' on Heaven's Door;Action;Thomas Jahn;1997;87;12;8.50
10/12/2018 10:30;The Fugitive;Action;Andrew Davis;1993;130;0;7.50
09/12/2018 18:30;God's Own Country;Drama;Francis Lee;2017;104;12;9.50
09/12/2018 16:00;God's Own Country;Drama;Francis Lee;2017;104;12;6.50
09/12/2018 13:30;Dip huet seung hung;Action;John Woo;1989;111;16;8.50
09/12/2018 10:30;A Star Is Born;Drama;Bradley Cooper;2018;136;12;6.50
08/12/2018 19:00;Spoorloos;Mystery;George Sluizer;1988;107;12;10.00
08/12/2018 16:30;Hana-bi;Crime;Takeshi Kitano;1997;103;12;7.00
08/12/2018 13:00;Carlito's Way;Crime;Brian De Palma;1993;144;12;8.50
08/12/2018 10:30;Dip huet seung hung;Action;John Woo;1989;111;16;8.50
07/12/2018 10:30;Stand by Me;Adventure;Rob Reiner;1986;89;0;6.50
06/12/2018 15:30;God's Own Country;Drama;Francis Lee;2017;104;12;6.50
06/12/2018 12:30;Night on Earth;Comedy;Jim Jarmusch;1991;129;16;8.50
06/12/2018 10:00;Dip huet seung hung;Action;John Woo;1989;111;16;7.00
05/12/2018 13:00;Spoorloos;Mystery;George Sluizer;1988;107;12;8.50
05/12/2018 10:00;The Last Picture Show;Drama;Peter Bogdanovich;1971;118;16;7.00
04/12/2018 13:00;The Last Picture Show;Drama;Peter Bogdanovich;1971;118;16;6.50
04/12/2018 10:30;Rebel Without a Cause;Drama;Nicholas Ray;1955;111;12;6.50
03/12/2018 10:00;The Last Picture Show;Drama;Peter Bogdanovich;1971;118;16;8.50
02/12/2018 19:30;Knockin' on Heaven's Door;Action;Thomas Jahn;1997;87;12;9.50
02/12/2018 16:30;The Untouchables;Crime;Brian De Palma;1987;119;12;8.00
02/12/2018 13:30;Philadelphia;Drama;Jonathan Demme;1993;125;12;6.50
02/12/2018 10:30;The Untouchables;Crime;Brian De Palma;1987;119;12;8.50
01/12/2018 15:30;Spoorloos;Mystery;George Sluizer;1988;107;12;7.00
01/12/2018 12:30;The Untouchables;Crime;Brian De Palma;1987;119;12;8.00
01/12/2018 10:00;Spoorloos;Mystery;George Sluizer;1988;107;12;6.50
30/11/2018 15:00;Philadelphia;Drama;Jonathan Demme;1993;125;12;8.00
30/11/2018 12:30;In a Lonely Place;Drama;Nicholas Ray;1950;94;12;8.50
30/11/2018 10:00;In a Lonely Place;Drama;Nicholas Ray;1950;94;12;7.00
29/11/2018 12:30;Modern Times;Comedy;Charles Chaplin;1936;87;0;7.50
29/11/2018 10:00;Hana-bi;Crime;Takeshi Kitano;1997;103;12;8.50
28/11/2018 15:00;"Shin seiki Evangelion Gekijô-ban: Air/Magokoro wo; kimi ni";Animation;Hideaki Anno;1997;87;12;8.00
28/11/2018 12:30;Hana-bi;Crime;Takeshi Kitano;1997;103;12;6.50
28/11/2018 10:00;Knockin' on Heaven's Door;Action;Thomas Jahn;1997;87;12;6.50
27/11/2018 15:30;"Shin seiki Evangelion Gekijô-ban: Air/Magokoro wo; kimi ni";Animation;Hideaki Anno;1997;87;12;7.50
27/11/2018 13:00;God's Own Country;Drama;Francis Lee;2017;104;12;7.50
27/11/2018 10:30;In a Lonely Place;Drama;Nicholas Ray;1950;94;12;7.00
26/11/2018 16:30;Sing Street;Comedy;John Carney;2016;106;12;8.50
26/11/2018 14:00;"Shin seiki Evangelion Gekijô-ban: Air/Magokoro wo; kimi ni";Animation;Hideaki Anno;1997;87;12;7.50
26/11/2018 10:30;Boogie Nights;Drama;Paul Thomas Anderson;1997;155;16;8.50
25/11/2018 19:00;Paths of Glory;Drama;Stanley Kubrick;1957;88;12;10.00
25/11/2018 16:00;From Here to Eternity;Drama;Fred Zinnemann;1953;118;12;8.50
25/11/2018 13:30;Hana-bi;Crime;Takeshi Kitano;1997;103;12;7.00
25/11/2018 10:30;Amarcord;Comedy;Federico Fellini;1973;123;16;8.00
24/11/2018 18:00;La haine;Crime;Mathieu Kassovitz;1995;98;12;9.50
24/11/2018 14:30;Boogie Nights;Drama;Paul Thomas Anderson;1997;155;16;6.50
24/11/2018 12:30;Modern Times;Comedy;Charles Chaplin;1936;87;0;8.00
24/11/2018 10:00;The Usual Suspects;Crime;Bryan Singer;1995;106;12;7.00
23/11/2018 13:30;Boogie Nights;Drama;Paul Thomas Anderson;1997;155;16;8.50
23/11/2018 10:30;From Here to Eternity;Drama;Fred Zinnemann;1953;118;12;8.00
22/11/2018 16:30;Mad Max 2;Action;George Miller;1981;96;12;7.50
22/11/2018 13:00;Boogie Nights;Drama;Paul Thomas Anderson;1997;155;16;7.50
22/11/2018 10:30;Rebel Without a Cause;Drama;Nicholas Ray;1955;111;12;7.00
21/11/2018 15:00;Zulu;Drama;Cy Endfield;1964;138;0;7.50
21/11/2018 13:00;Hiroshima mon amour;Drama;Alain Resnais;1959;90;12;8.50
21/11/2018 10:00;Amarcord;Comedy;Federico Fellini;1973;123;16;7.00
20/11/2018 16:00;Rebel Without a Cause;Drama;Nicholas Ray;1955;111;12;7.50
20/11/2018 13:00;The Fifth Element;Action;Luc Besson;1997;126;12;7.00
20/11/2018 10:00;Amarcord;Comedy;Federico Fellini;1973;123;16;7.50
19/11/2018 15:00;Dog Day Afternoon;Biography;Sidney Lumet;1975;125;0;7.00
19/11/2018 12:30;Toy Story;Animation;John Lasseter;1995;81;0;8.50
19/11/2018 10:00;In a Lonely Place;Drama;Nicholas Ray;1950;94;12;6.50
18/11/2018 16:30;Mad Max 2;Action;George Miller;1981;96;12;6.50
18/11/2018 14:00;La haine;Crime;Mathieu Kassovitz;1995;98;12;6.50
18/11/2018 10:30;Boogie Nights;Drama;Paul Thomas Anderson;1997;155;16;8.50
17/11/2018 15:00;The Untouchables;Crime;Brian De Palma;1987;119;12;6.50
17/11/2018 12:30;Dip huet seung hung;Action;John Woo;1989;111;16;7.50
17/11/2018 10:00;Out of the Past;Crime;Jacques Tourneur;1947;97;12;8.00
16/11/2018 10:00;Le salaire de la peur;Adventure;Henri-Georges Clouzot;1953;131;0;8.50
15/11/2018 13:00;Spoorloos;Mystery;George Sluizer;1988;107;12;8.50
15/11/2018 10:30;Spoorloos;Mystery;George Sluizer;1988;107;12;6.50
14/11/2018 12:30;The Princess Bride;Adventure;Rob Reiner;1987;98;0;7.50
14/11/2018 10:00;Dip huet seung hung;Action;John Woo;1989;111;16;7.00
13/11/2018 16:00;Hana-bi;Crime;Takeshi Kitano;1997;103;12;6.50
13/11/2018 13:00;Amarcord;Comedy;Federico Fellini;1973;123;16;7.00
13/11/2018 10:30;Moana;Animation;Ron Clements;2016;107;0;6.50
12/11/2018 12:30;Amarcord;Comedy;Federico Fellini;1973;123;16;8.00
12/11/2018 10:00;"Shin seiki Evangelion Gekijô-ban: Air/Magokoro wo; kimi ni";Animation;Hideaki Anno;1997;87;12;8.50
11/11/2018 16:00;Le salaire de la peur;Adventure;Henri-Georges Clouzot;1953;131;0;7.00
11/11/2018 13:30;Mad Max 2;Action;George Miller;1981;96;12;7.00
11/11/2018 10:00;Boogie Nights;Drama;Paul Thomas Anderson;1997;155;16;7.50
10/11/2018 16:30;"Shin seiki Evangelion Gekijô-ban: Air/Magokoro wo; kimi ni";Animation;Hideaki Anno;1997;87;12;7.00
10/11/2018 13:30;The Untouchables;Crime;Brian De Palma;1987;119;12;8.50
10/11/2018 10:30;The Untouchables;Crime;Brian De Palma;1987;119;12;7.00
09/11/2018 13:00;"Shin seiki Evangelion Gekijô-ban: Air/Magokoro wo; kimi ni";Animation;Hideaki Anno;1997;87;12;7.00
09/11/2018 10:30;Modern Times;Comedy;Charles Chaplin;1936;87;0;6.50
08/11/2018 12:30;The Princess Bride;Adventure;Rob Reiner;1987;98;0;8.00
08/11/2018 10:00;"Shin seiki Evangelion Gekijô-ban: Air/Magokoro wo; kimi ni";Animation;Hideaki Anno;1997;87;12;8.00
07/11/2018 10:30;Dog Day Afternoon;Biography;Sidney Lumet;1975;125;0;8.00
06/11/2018 13:00;Le salaire de la peur;Adventure;Henri-Georges Clouzot;1953;131;0;6.50
06/11/2018 10:00;Rebel Without a Cause;Drama;Nicholas Ray;1955;111;12;7.50
05/11/2018 10:00;The Fifth Element;Action;Luc Besson;1997;126;12;7.00
04/11/2018 16:30;Pink Floyd: The Wall;Drama;Alan Parker;1982;95;12;8.50
04/11/2018 13:30;Zulu;Drama;Cy Endfield;1964;138;0;6.50
04/11/2018 10:30;Dog Day Afternoon;Biography;Sidney Lumet;1975;125;0;7.50
03/11/2018 15:00;Sing Street;Comedy;John Carney;2016;106;12;8.00
03/11/2018 13:00;"Shin seiki Evangelion Gekijô-ban: Air/Magokoro wo; kimi ni";Animation;Hideaki Anno;1997;87;12;8.50
03/11/2018 10:30;Sing Street;Comedy;John Carney;2016;106;12;8.50
02/11/2018 15:00;The Princess Bride;Adventure;Rob Reiner;1987;98;0;7.00
02/11/2018 12:30;Modern Times;Comedy;Charles Chaplin;1936;87;0;8.00
02/11/2018 10:00;Mad Max 2;Action;George Miller;1981;96;12;8.00
01/11/2018 13:30;The Adventures of Robin Hood;Action;Michael Curtiz;1938;102;6;7.50
01/11/2018 10:30;Philadelphia;Drama;Jonathan Demme;1993;125;12;8.00
31/10/2018 15:30;Laura;Drama;Otto Preminger;1944;88;12;8.50
31/10/2018 12:30;Le salaire de la peur;Adventure;Henri-Georges Clouzot;1953;131;0;7.50
31/10/2018 10:00;Sing Street;Comedy;John Carney;2016;106;12;7.00
30/10/2018 13:30;Amarcord;Comedy;Federico Fellini;1973;123;16;8.00
30/10/2018 10:30;Amarcord;Comedy;Federico Fellini;1973;123;16;8.50
29/10/2018 10:00;Laura;Drama;Otto Preminger;1944;88;12;8.50
28/10/2018 19:30;The Adventures of Robin Hood;Action;Michael Curtiz;1938;102;6;8.50
28/10/2018 17:00;Watership Down;Animation;Martin Rosen;1978;91;0;8.00
28/10/2018 13:30;The Great Escape;Adventure;John Sturges;1963;172;0;8.50
28/10/2018 10:30;Le salaire de la peur;Adventure;Henri-Georges Clouzot;1953;131;0;6.50
27/10/2018 15:30;The Princess Bride;Adventure;Rob Reiner;1987;98;0;7.50
27/10/2018 13:00;Moana;Animation;Ron Clements;2016;107;0;7.50
27/10/2018 10:00;La montaña sagrada;Adventure;Alejandro Jodorowsky;1973;114;16;7.50
26/10/2018 13:30;Zulu;Drama;Cy Endfield;1964;138;0;7.00
26/10/2018 10:30;North by Northwest;Adventure;Alfred Hitchcock;1959;136;0;7.00
25/10/2018 13:00;Barton Fink;Comedy;Joel Coen;1991;116;0;7.50
25/10/2018 10:30;The Princess Bride;Adventure;Rob Reiner;1987;98;0;6.50
24/10/2018 15:30;Pink Floyd: The Wall;Drama;Alan Parker;1982;95;12;8.00
24/10/2018 12:30;Philadelphia;Drama;Jonathan Demme;1993;125;12;7.00
24/10/2018 10:00;Jules et Jim;Drama;François Truffaut;1962;105;12;8.00
23/10/2018 13:30;Mary Poppins;Comedy;Robert Stevenson;1964;139;0;8.50
23/10/2018 10:30;From Here to Eternity;Drama;Fred Zinnemann;1953;118;12;6.50
22/10/2018 13:00;Andaz Apna Apna;Action;Rajkumar Santoshi;1994;160;0;8.00
22/10/2018 10:30;Out of the Past;Crime;Jacques Tourneur;1947;97;12;6.50
21/10/2018 19:00;In a Lonely Place;Drama;Nicholas Ray;1950;94;12;9.50
21/10/2018 16:30;Paths of Glory;Drama;Stanley Kubrick;1957;88;12;8.00
21/10/2018 13:30;The Fifth Element;Action;Luc Besson;1997;126;12;6.50
21/10/2018 10:30;Dog Day Afternoon;Biography;Sidney Lumet;1975;125;0;8.50
20/10/2018 20:00;Unforgiven;Drama;Clint Eastwood;1992;130;12;9.50
20/10/2018 17:00;From Here to Eternity;Drama;Fred Zinnemann;1953;118;12;6.50
20/10/2018 13:30;Boogie Nights;Drama;Paul Thomas Anderson;1997;155;16;8.00
20/10/2018 10:30;Pink;Drama;Aniruddha Roy Chowdhury;2016;136;12;7.50
19/10/2018 12:30;Scent of a Woman;Drama;Martin Brest;1992;156;12;6.50
19/10/2018 10:00;Il conformista;Drama;Bernardo Bertolucci;1970;113;12;8.50
18/10/2018 10:30;Boogie Nights;Drama;Paul Thomas Anderson;1997;155;16;8.50
17/10/2018 15:30;Ordinary People;Drama;Robert Redford;1980;124;0;6.50
17/10/2018 13:00;Pink Floyd: The Wall;Drama;Alan Parker;1982;95;12;7.00
17/10/2018 10:00;Philadelphia;Drama;Jonathan Demme;1993;125;12;7.50
16/10/2018 10:30;Jules et Jim;Drama;François Truffaut;1962;105;12;7.00
15/10/2018 16:00;Unforgiven;Drama;Clint Eastwood;1992;130;12;6.50
15/10/2018 13:30;Toy Story;Animation;John Lasseter;1995;81;0;7.00
15/10/2018 10:30;Unforgiven;Drama;Clint Eastwood;1992;130;12;7.50
14/10/2018 18:00;From Here to Eternity;Drama;Fred Zinnemann;1953;118;12;8.50
14/10/2018 15:30;Jules et Jim;Drama;François Truffaut;1962;105;12;8.00
14/10/2018 13:00;Pink Floyd: The Wall;Drama;Alan Parker;1982;95;12;6.50
14/10/2018 10:00;Barton Fink;Comedy;Joel Coen;1991;116;0;7.00
13/10/2018 19:30;Days of Heaven;Drama;Terrence Malick;1978;94;6;8.50
13/10/2018 16:30;The Usual Suspects;Crime;Bryan Singer;1995;106;12;8.00
13/10/2018 13:00;Andaz Apna Apna;Action;Rajkumar Santoshi;1994;160;0;8.00
13/10/2018 10:00;Il conformista;Drama;Bernardo Bertolucci;1970;113;12;7.00
12/10/2018 15:30;Andaz Apna Apna;Action;Rajkumar Santoshi;1994;160;0;6.50
12/10/2018 12:30;Unforgiven;Drama;Clint Eastwood;1992;130;12;8.00
12/10/2018 10:00;Toy Story;Animation;John Lasseter;1995;81;0;7.00
11/10/2018 13:30;Il conformista;Drama;Bernardo Bertolucci;1970;113;12;6.50
11/10/2018 10:30;North by Northwest;Adventure;Alfred Hitchcock;1959;136;0;8.00
10/10/2018 10:30;Captain Fantastic;Comedy;Matt Ross;2016;118;16;7.50
09/10/2018 10:00;Unforgiven;Drama;Clint Eastwood;1992;130;12;7.00
08/10/2018 10:30;Pink;Drama;Aniruddha Roy Chowdhury;2016;136;12;7.00
07/10/2018 15:30;Jules et Jim;Drama;François Truffaut;1962;105;12;8.50
07/10/2018 13:00;La montaña sagrada;Adventure;Alejandro Jodorowsky;1973;114;16;7.50
07/10/2018 10:00;Amarcord;Comedy;Federico Fellini;1973;123;16;7.00
06/10/2018 16:30;The Naked Gun: From the Files of Police Squad!;Comedy;David Zucker;1988;85;0;8.00
06/10/2018 13:00;Andaz Apna Apna;Action;Rajkumar Santoshi;1994;160;0;8.00
06/10/2018 10:00;Captain Fantastic;Comedy;Matt Ross;2016;118;16;8.00
05/10/2018 10:00;Boogie Nights;Drama;Paul Thomas Anderson;1997;155;16;8.00
04/10/2018 16:00;Days of Heaven;Drama;Terrence Malick;1978;94;6;7.00
04/10/2018 13:00;Unforgiven;Drama;Clint Eastwood;1992;130;12;6.50
04/10/2018 10:30;Out of the Past;Crime;Jacques Tourneur;1947;97;12;7.00
03/10/2018 10:00;Terminator 2: Judgment Day;Action;James Cameron;1991;137;0;7.50
02/10/2018 10:30;Moana;Animation;Ron Clements;2016;107;0;7.00
01/10/2018 12:30;Jules et Jim;Drama;François Truffaut;1962;105;12;8.00
01/10/2018 10:00;Mad Max 2;Action;George Miller;1981;96;12;8.00
30/09/2018 16:00;Andaz Apna Apna;Action;Rajkumar Santoshi;1994;160;0;7.50
30/09/2018 13:30;Out of the Past;Crime;Jacques Tourneur;1947;97;12;8.50
30/09/2018 10:30;Rocky;Drama;John G. Avildsen;1976;120;0;8.50
29/09/2018 18:30;Au revoir les enfants;Drama;Louis Malle;1987;104;0;10.00
29/09/2018 16:00;Il conformista;Drama;Bernardo Bertolucci;1970;113;12;6.50
29/09/2018 13:00;Moana;Animation;Ron Clements;2016;107;0;7.50
29/09/2018 10:00;North by Northwest;Adventure;Alfred Hitchcock;1959;136;0;7.50
28/09/2018 10:30;Andaz Apna Apna;Action;Rajkumar Santoshi;1994;160;0;7.00
27/09/2018 13:00;Thor: Ragnarok;Action;Taika Waititi;2017;130;12;8.50
27/09/2018 10:00;Barton Fink;Comedy;Joel Coen;1991;116;0;7.50
26/09/2018 12:30;The Purple Rose of Cairo;Comedy;Woody Allen;1985;82;0;7.50
26/09/2018 10:00;Jules et Jim;Drama;François Truffaut;1962;105;12;7.50
25/09/2018 14:00;Moana;Animation;Ron Clements;2016;107;0;8.00
25/09/2018 10:30;Andaz Apna Apna;Action;Rajkumar Santoshi;1994;160;0;6.50
24/09/2018 17:30;Rocky;Drama;John G. Avildsen;1976;120;0;8.50
24/09/2018 13:30;Braveheart;Biography;Mel Gibson;1995;178;12;8.50
24/09/2018 10:30;Barton Fink;Comedy;Joel Coen;1991;116;0;6.50
23/09/2018 15:30;Airlift;Drama;Raja Menon;2016;130;12;8.50
23/09/2018 12:30;Thor: Ragnarok;Action;Taika Waititi;2017;130;12;8.50
23/09/2018 10:00;The Princess Bride;Adventure;Rob Reiner;1987;98;0;6.50
22/09/2018 20:00;Pink Floyd: The Wall;Drama;Alan Parker;1982;95;12;9.50
22/09/2018 17:30;Jules et Jim;Drama;François Truffaut;1962;105;12;6.50
22/09/2018 14:30;Thor: Ragnarok;Action;Taika Waititi;2017;130;12;8.50
22/09/2018 10:30;Heat;Crime;Michael Mann;1995;170;12;7.50
21/09/2018 10:00;North by Northwest;Adventure;Alfred Hitchcock;1959;136;0;7.50
20/09/2018 13:30;Thor: Ragnarok;Action;Taika Waititi;2017;130;12;8.00
20/09/2018 10:00;Nuovo Cinema Paradiso;Drama;Giuseppe Tornatore;1988;155;0;7.00
19/09/2018 10:30;Airlift;Drama;Raja Menon;2016;130;12;8.50
18/09/2018 13:00;Au revoir les enfants;Drama;Louis Malle;1987;104;0;7.00
18/09/2018 10:00;Ordinary People;Drama;Robert Redford;1980;124;0;6.50
17/09/2018 10:30;Pink Floyd: The Wall;Drama;Alan Parker;1982;95;12;8.00
16/09/2018 16:30;Blade Runner 2049;Action;Denis Villeneuve;2017;164;12;8.50
16/09/2018 14:00;Pink Floyd: The Wall;Drama;Alan Parker;1982;95;12;7.00
16/09/2018 10:30;Heat;Crime;Michael Mann;1995;170;12;8.50
15/09/2018 18:30;Dangal;Action;Nitesh Tiwari;2016;161;0;9.00
15/09/2018 16:00;Tonari no Totoro;Animation;Hayao Miyazaki;1988;86;0;6.50
15/09/2018 13:00;Unforgiven;Drama;Clint Eastwood;1992;130;12;7.50
15/09/2018 10:30;The Purple Rose of Cairo;Comedy;Woody Allen;1985;82;0;8.50
14/09/2018 10:30;Rocky;Drama;John G. Avildsen;1976;120;0;7.50
13/09/2018 15:00;Tonari no Totoro;Animation;Hayao Miyazaki;1988;86;0;8.50
13/09/2018 12:00;The Sting;Comedy;George Roy Hill;1973;129;0;7.50
13/09/2018 10:00;The Naked Gun: From the Files of Police Squad!;Comedy;David Zucker;1988;85;0;7.50
12/09/2018 16:00;Hannah and Her Sisters;Comedy;Woody Allen;1986;107;12;8.00
12/09/2018 13:30;The Princess Bride;Adventure;Rob Reiner;1987;98;0;6.50
12/09/2018 10:30;Terminator 2: Judgment Day;Action;James Cameron;1991;137;0;8.50
11/09/2018 15:00;The Color Purple;Drama;Steven Spielberg;1985;154;0;7.50
11/09/2018 12:30;La Grande Illusion;Drama;Jean Renoir;1937;113;12;8.00
11/09/2018 10:00;Hannah and Her Sisters;Comedy;Woody Allen;1986;107;12;8.50
10/09/2018 12:30;La Grande Illusion;Drama;Jean Renoir;1937;113;12;6.50
10/09/2018 10:00;Butch Cassidy and the Sundance Kid;Biography;George Roy Hill;1969;110;6;7.00
09/09/2018 17:30;Au revoir les enfants;Drama;Louis Malle;1987;104;0;8.00
09/09/2018 13:30;Bound by Honor;Crime;Taylor Hackford;1993;180;16;7.00
09/09/2018 10:00;The Great Escape;Adventure;John Sturges;1963;172;0;7.00
08/09/2018 16:00;The Purple Rose of Cairo;Comedy;Woody Allen;1985;82;0;8.00
08/09/2018 13:30;Tonari no Totoro;Animation;Hayao Miyazaki;1988;86;0;8.00
08/09/2018 10:30;Terminator 2: Judgment Day;Action;James Cameron;1991;137;0;8.50
07/09/2018 10:00;Heat;Crime;Michael Mann;1995;170;12;8.00
06/09/2018 10:30;Tonari no Totoro;Animation;Hayao Miyazaki;1988;86;0;8.50
05/09/2018 18:00;Tonari no Totoro;Animation;Hayao Miyazaki;1988;86;0;9.50
05/09/2018 14:30;The Great Escape;Adventure;John Sturges;1963;172;0;7.50
05/09/2018 10:30;Braveheart;Biography;Mel Gibson;1995;178;12;7.00
04/09/2018 10:00;Tumbbad;Drama;Rahi Anil Barve;2018;104;12;8.00
03/09/2018 15:30;Hannah and Her Sisters;Comedy;Woody Allen;1986;107;12;7.00
03/09/2018 12:30;Rocky;Drama;John G. Avildsen;1976;120;0;8.50
03/09/2018 10:30;This Is Spinal Tap;Comedy;Rob Reiner;1984;82;16;6.50
02/09/2018 20:30;Au revoir les enfants;Drama;Louis Malle;1987;104;0;9.50
02/09/2018 17:30;Rocky;Drama;John G. Avildsen;1976;120;0;8.50
02/09/2018 13:30;Braveheart;Biography;Mel Gibson;1995;178;12;6.50
02/09/2018 10:30;Terminator 2: Judgment Day;Action;James Cameron;1991;137;0;7.50
01/09/2018 16:30;The Great Escape;Adventure;John Sturges;1963;172;0;7.50
01/09/2018 13:00;The Great Escape;Adventure;John Sturges;1963;172;0;7.50
01/09/2018 10:00;Airlift;Drama;Raja Menon;2016;130;12;8.00
31/08/2018 10:00;Belle de jour;Drama;Luis Buñuel;1967;100;12;7.50
30/08/2018 13:00;Hannah and Her Sisters;Comedy;Woody Allen;1986;107;12;7.50
30/08/2018 10:00;The Sting;Comedy;George Roy Hill;1973;129;0;8.00
29/08/2018 15:00;The Sting;Comedy;George Roy Hill;1973;129;0;6.50
29/08/2018 12:30;The Princess Bride;Adventure;Rob Reiner;1987;98;0;7.00
29/08/2018 10:30;Tonari no Totoro;Animation;Hayao Miyazaki;1988;86;0;8.00
28/08/2018 13:00;The Great Escape;Adventure;John Sturges;1963;172;0;7.00
28/08/2018 10:30;Hannah and Her Sisters;Comedy;Woody Allen;1986;107;12;7.50
27/08/2018 16:00;Rocky;Drama;John G. Avildsen;1976;120;0;8.50
27/08/2018 13:30;Smultronstället;Drama;Ingmar Bergman;1957;91;0;7.50
27/08/2018 10:30;Terminator 2: Judgment Day;Action;James Cameron;1991;137;0;8.00
26/08/2018 16:00;Star Wars;Action;George Lucas;1977;121;12;7.50
26/08/2018 12:30;Scent of a Woman;Drama;Martin Brest;1992;156;12;6.50
26/08/2018 10:00;Hannah and Her Sisters;Comedy;Woody Allen;1986;107;12;8.50
25/08/2018 18:00;Judgment at Nuremberg;Drama;Stanley Kramer;1961;179;12;8.50
25/08/2018 15:30;Tumbbad;Drama;Rahi Anil Barve;2018;104;12;7.00
25/08/2018 12:30;East of Eden;Drama;Elia Kazan;1955;118;0;8.00
25/08/2018 10:00;Hannah and Her Sisters;Comedy;Woody Allen;1986;107;12;6.50
24/08/2018 10:30;Ikiru;Drama;Akira Kurosawa;1952;143;12;7.50
23/08/2018 10:30;A Night at the Opera;Comedy;Sam Wood;1935;96;12;8.00
22/08/2018 10:00;The Sting;Comedy;George Roy Hill;1973;129;0;8.50
21/08/2018 12:30;Nuovo Cinema Paradiso;Drama;Giuseppe Tornatore;1988;155;0;8.00
21/08/2018 10:00;The Princess Bride;Adventure;Rob Reiner;1987;98;0;7.00
20/08/2018 13:00;The Goonies;Adventure;Richard Donner;1985;114;0;8.50
20/08/2018 10:30;On the Waterfront;Crime;Elia Kazan;1954;108;12;8.50
19/08/2018 20:00;Tumbbad;Drama;Rahi Anil Barve;2018;104;12;8.50
19/08/2018 17:00;East of Eden;Drama;Elia Kazan;1955;118;0;7.00
19/08/2018 14:30;La haine;Crime;Mathieu Kassovitz;1995;98;12;8.50
19/08/2018 10:30;Heat;Crime;Michael Mann;1995;170;12;6.50
18/08/2018 17:00;Die Hard: With a Vengeance;Action;John McTiernan;1995;128;12;8.00
18/08/2018 14:30;Clerks;Comedy;Kevin Smith;1994;92;16;7.00
18/08/2018 12:30;Tonari no Totoro;Animation;Hayao Miyazaki;1988;86;0;7.00
18/08/2018 10:00;Tonari no Totoro;Animation;Hayao Miyazaki;1988;86;0;8.50
17/08/2018 10:00;Hannah and Her Sisters;Comedy;Woody Allen;1986;107;12;8.50
16/08/2018 14:00;La Grande Illusion;Drama;Jean Renoir;1937;113;12;7.00
16/08/2018 10:30;Blade Runner 2049;Action;Denis Villeneuve;2017;164;12;6.50
15/08/2018 10:30;This Is Spinal Tap;Comedy;Rob Reiner;1984;82;16;7.50
14/08/2018 17:00;The Purple Rose of Cairo;Comedy;Woody Allen;1985;82;0;7.00
14/08/2018 14:30;Pâfekuto burû;Animation;Satoshi Kon;1997;81;12;8.00
14/08/2018 10:30;Judgment at Nuremberg;Drama;Stanley Kramer;1961;179;12;8.00
13/08/2018 17:30;Heat;Crime;Michael Mann;1995;170;12;7.50
13/08/2018 13:30;The Great Escape;Adventure;John Sturges;1963;172;0;7.00
13/08/2018 10:30;Airlift;Drama;Raja Menon;2016;130;12;8.50
12/08/2018 15:00;Patton;Biography;Franklin J. Schaffner;1970;172;0;6.50
12/08/2018 12:30;Clerks;Comedy;Kevin Smith;1994;92;16;6.50
12/08/2018 10:30;The Purple Rose of Cairo;Comedy;Woody Allen;1985;82;0;8.00
11/08/2018 18:30;Au revoir les enfants;Drama;Louis Malle;1987;104;0;10.00
11/08/2018 16:00;Enter the Dragon;Action;Robert Clouse;1973;102;12;8.00
11/08/2018 12:00;Judgment at Nuremberg;Drama;Stanley Kramer;1961;179;12;7.50
11/08/2018 10:00;This Is Spinal Tap;Comedy;Rob Reiner;1984;82;16;7.50
10/08/2018 10:00;The Truman Show;Comedy;Peter Weir;1998;103;0;8.50
09/08/2018 13:00;Dr. Strangelove or: How I Learned to Stop Worrying and Love the Bomb;Comedy;Stanley Kubrick;1964;95;12;8.50
09/08/2018 10:00;Star Wars;Action;George Lucas;1977;121;12;7.50
08/08/2018 17:00;Au revoir les enfants;Drama;Louis Malle;1987;104;0;7.50
08/08/2018 13:30;Judgment at Nuremberg;Drama;Stanley Kramer;1961;179;12;6.50
08/08/2018 10:00;Heat;Crime;Michael Mann;1995;170;12;7.00
07/08/2018 13:00;The Goonies;Adventure;Richard Donner;1985;114;0;8.00
07/08/2018 10:00;Airlift;Drama;Raja Menon;2016;130;12;8.50
06/08/2018 10:00;Star Wars;Action;George Lucas;1977;121;12;7.50
05/08/2018 19:30;Die Hard: With a Vengeance;Action;John McTiernan;1995;128;12;9.50
05/08/2018 15:30;Bound by Honor;Crime;Taylor Hackford;1993;180;16;7.50
05/08/2018 13:00;This Is Spinal Tap;Comedy;Rob Reiner;1984;82;16;8.00
05/08/2018 10:30;Hell or High Water;Action;David Mackenzie;2016;102;16;8.50
04/08/2018 15:30;Smultronstället;Drama;Ingmar Bergman;1957;91;0;8.00
04/08/2018 13:00;The Goonies;Adventure;Richard Donner;1985;114;0;6.50
04/08/2018 10:30;Hell or High Water;Action;David Mackenzie;2016;102;16;8.00
03/08/2018 13:00;Bringing Up Baby;Comedy;Howard Hawks;1938;102;12;8.00
03/08/2018 10:00;Star Wars;Action;George Lucas;1977;121;12;7.00
02/08/2018 16:00;Enter the Dragon;Action;Robert Clouse;1973;102;12;8.00
02/08/2018 13:30;La haine;Crime;Mathieu Kassovitz;1995;98;12;8.50
02/08/2018 10:30;The Outlaw Josey Wales;Western;Clint Eastwood;1976;135;12;6.50
01/08/2018 13:00;Malcolm X;Biography;Spike Lee;1992;202;0;6.50
01/08/2018 10:30;Bringing Up Baby;Comedy;Howard Hawks;1938;102;12;8.00
31/07/2018 15:30;The Truman Show;Comedy;Peter Weir;1998;103;0;7.00
31/07/2018 13:00;Kimi no na wa.;Animation;Makoto Shinkai;2016;106;0;8.50
31/07/2018 10:30;"Planes; Trains & Automobiles";Comedy;John Hughes;1987;93;0;8.00
30/07/2018 13:00;Judgment at Nuremberg;Drama;Stanley Kramer;1961;179;12;8.00
30/07/2018 10:30;Hell or High Water;Action;David Mackenzie;2016;102;16;7.00
29/07/2018 15:00;This Is Spinal Tap;Comedy;Rob Reiner;1984;82;16;7.50
29/07/2018 13:00;This Is Spinal Tap;Comedy;Rob Reiner;1984;82;16;8.00
29/07/2018 10:30;A Night at the Opera;Comedy;Sam Wood;1935;96;12;7.00
28/07/2018 15:30;Enter the Dragon;Action;Robert Clouse;1973;102;12;7.00
28/07/2018 13:00;The Truman Show;Comedy;Peter Weir;1998;103;0;7.00
28/07/2018 10:30;This Is Spinal Tap;Comedy;Rob Reiner;1984;82;16;7.00
27/07/2018 10:00;American History X;Drama;Tony Kaye;1998;119;16;7.50
26/07/2018 13:00;Dà hóng denglong gaogao guà;Drama;Yimou Zhang;1991;125;6;8.00
26/07/2018 10:00;The Goonies;Adventure;Richard Donner;1985;114;0;8.50
25/07/2018 16:00;Abre los ojos;Drama;Alejandro Amenábar;1997;119;0;6.50
25/07/2018 13:30;Pâfekuto burû;Animation;Satoshi Kon;1997;81;12;8.00
25/07/2018 10:00;Patton;Biography;Franklin J. Schaffner;1970;172;0;8.50
24/07/2018 10:00;Smultronstället;Drama;Ingmar Bergman;1957;91;0;7.50
23/07/2018 14:30;Lola rennt;Crime;Tom Tykwer;1998;81;12;8.50
23/07/2018 10:30;Judgment at Nuremberg;Drama;Stanley Kramer;1961;179;12;7.50
22/07/2018 18:30;Indiana Jones and the Last Crusade;Action;Steven Spielberg;1989;127;0;8.50
22/07/2018 15:30;On the Waterfront;Crime;Elia Kazan;1954;108;12;8.00
22/07/2018 13:00;Enter the Dragon;Action;Robert Clouse;1973;102;12;8.50
22/07/2018 10:30;Lola rennt;Crime;Tom Tykwer;1998;81;12;7.00
21/07/2018 16:30;Die Hard: With a Vengeance;Action;John McTiernan;1995;128;12;7.50
21/07/2018 13:30;Dà hóng denglong gaogao guà;Drama;Yimou Zhang;1991;125;6;8.00
21/07/2018 10:30;The Outlaw Josey Wales;Western;Clint Eastwood;1976;135;12;8.00
20/07/2018 15:30;"Planes; Trains & Automobiles";Comedy;John Hughes;1987;93;0;7.50
20/07/2018 13:00;On the Waterfront;Crime;Elia Kazan;1954;108;12;6.50
20/07/2018 10:00;Abre los ojos;Drama;Alejandro Amenábar;1997;119;0;8.00
19/07/2018 10:30;Hell or High Water;Action;David Mackenzie;2016;102;16;8.00
18/07/2018 12:30;Die Hard: With a Vengeance;Action;John McTiernan;1995;128;12;7.00
18/07/2018 10:30;Pâfekuto burû;Animation;Satoshi Kon;1997;81;12;7.50
17/07/2018 13:00;A Night at the Opera;Comedy;Sam Wood;1935;96;12;6.50
17/07/2018 10:00;Abre los ojos;Drama;Alejandro Amenábar;1997;119;0;6.50
16/07/2018 15:00;Bringing Up Baby;Comedy;Howard Hawks;1938;102;12;6.50
16/07/2018 12:30;A Hard Day's Night;Comedy;Richard Lester;1964;87;0;7.00
16/07/2018 10:00;Smultronstället;Drama;Ingmar Bergman;1957;91;0;8.50
15/07/2018 16:00;A Hard Day's Night;Comedy;Richard Lester;1964;87;0;8.00
15/07/2018 13:00;Star Wars: Episode V - The Empire Strikes Back;Action;Irvin Kershner;1980;124;12;7.50
15/07/2018 10:30;Bringing Up Baby;Comedy;Howard Hawks;1938;102;12;6.50
14/07/2018 15:00;American History X;Drama;Tony Kaye;1998;119;16;6.50
14/07/2018 12:30;Smultronstället;Drama;Ingmar Bergman;1957;91;0;6.50
14/07/2018 10:00;Bringing Up Baby;Comedy;Howard Hawks;1938;102;12;8.00
13/07/2018 10:30;Kimi no na wa.;Animation;Makoto Shinkai;2016;106;0;7.50
12/07/2018 13:00;Hell or High Water;Action;David Mackenzie;2016;102;16;7.00
12/07/2018 10:00;Star Wars;Action;George Lucas;1977;121;12;6.50
11/07/2018 15:00;Abre los ojos;Drama;Alejandro Amenábar;1997;119;0;8.50
11/07/2018 12:30;Willy Wonka & the Chocolate Factory;Family;Mel Stuart;1971;100;0;7.50
11/07/2018 10:00;The Night of the Hunter;Crime;Charles Laughton;1955;92;12;7.00
10/07/2018 14:30;Star Wars;Action;George Lucas;1977;121;12;8.00
10/07/2018 10:30;Malcolm X;Biography;Spike Lee;1992;202;0;8.00
09/07/2018 13:00;Star Wars: Episode V - The Empire Strikes Back;Action;Irvin Kershner;1980;124;12;6.50
09/07/2018 10:30;Bringing Up Baby;Comedy;Howard Hawks;1938;102;12;6.50
08/07/2018 17:30;Smultronstället;Drama;Ingmar Bergman;1957;91;0;8.50
08/07/2018 15:30;Lola rennt;Crime;Tom Tykwer;1998;81;12;8.00
08/07/2018 13:00;Bringing Up Baby;Comedy;Howard Hawks;1938;102;12;7.50
08/07/2018 10:00;Indiana Jones and the Last Crusade;Action;Steven Spielberg;1989;127;0;7.00
07/07/2018 15:30;Patton;Biography;Franklin J. Schaffner;1970;172;0;6.50
07/07/2018 13:00;Rebel Without a Cause;Drama;Nicholas Ray;1955;111;12;8.50
07/07/2018 10:30;Lola rennt;Crime;Tom Tykwer;1998;81;12;7.50
06/07/2018 16:00;"Planes; Trains & Automobiles";Comedy;John Hughes;1987;93;0;7.50
06/07/2018 12:30;Nuovo Cinema Paradiso;Drama;Giuseppe Tornatore;1988;155;0;8.00
06/07/2018 10:00;Smultronstället;Drama;Ingmar Bergman;1957;91;0;6.50
05/07/2018 15:30;Lethal Weapon;Action;Richard Donner;1987;109;12;6.50
05/07/2018 13:00;"Planes; Trains & Automobiles";Comedy;John Hughes;1987;93;0;8.00
05/07/2018 10:00;The Verdict;Drama;Sidney Lumet;1982;129;0;8.50
04/07/2018 10:30;When Harry Met Sally...;Comedy;Rob Reiner;1989;95;12;8.00
03/07/2018 10:30;"Planes; Trains & Automobiles";Comedy;John Hughes;1987;93;0;8.00
02/07/2018 10:00;Star Wars: Episode V - The Empire Strikes Back;Action;Irvin Kershner;1980;124;12;7.00
01/07/2018 15:30;Indiana Jones and the Last Crusade;Action;Steven Spielberg;1989;127;0;7.00
01/07/2018 12:30;Star Wars: Episode V - The Empire Strikes Back;Action;Irvin Kershner;1980;124;12;6.50
01/07/2018 10:00;The Night of the Hunter;Crime;Charles Laughton;1955;92;12;8.00
30/06/2018 15:30;The Night of the Hunter;Crime;Charles Laughton;1955;92;12;8.50
30/06/2018 13:00;Smultronstället;Drama;Ingmar Bergman;1957;91;0;7.00
30/06/2018 10:30;Hiroshima mon amour;Drama;Alain Resnais;1959;90;12;7.00
29/06/2018 12:30;Lola rennt;Crime;Tom Tykwer;1998;81;12;8.00
29/06/2018 10:00;A Hard Day's Night;Comedy;Richard Lester;1964;87;0;7.50
28/06/2018 10:30;The Bridges of Madison County;Drama;Clint Eastwood;1995;135;12;8.00
27/06/2018 10:00;Happiness;Comedy;Todd Solondz;1998;134;12;7.00
26/06/2018 13:00;Indiana Jones and the Last Crusade;Action;Steven Spielberg;1989;127;0;7.50
26/06/2018 10:30;Willy Wonka & the Chocolate Factory;Family;Mel Stuart;1971;100;0;8.00
25/06/2018 13:30;Trainspotting;Drama;Danny Boyle;1996;93;12;8.00
25/06/2018 10:30;Ikiru;Drama;Akira Kurosawa;1952;143;12;7.50
24/06/2018 18:00;Malcolm X;Biography;Spike Lee;1992;202;0;8.50
24/06/2018 15:30;Willy Wonka & the Chocolate Factory;Family;Mel Stuart;1971;100;0;7.00
24/06/2018 13:00;Rebel Without a Cause;Drama;Nicholas Ray;1955;111;12;7.50
24/06/2018 10:30;Rebel Without a Cause;Drama;Nicholas Ray;1955;111;12;7.50
23/06/2018 19:00;Lola rennt;Crime;Tom Tykwer;1998;81;12;9.00
23/06/2018 16:30;Hiroshima mon amour;Drama;Alain Resnais;1959;90;12;8.00
23/06/2018 13:30;The Bridges of Madison County;Drama;Clint Eastwood;1995;135;12;8.00
23/06/2018 10:30;The Untouchables;Crime;Brian De Palma;1987;119;12;8.00
22/06/2018 10:30;Nuovo Cinema Paradiso;Drama;Giuseppe Tornatore;1988;155;0;7.00
21/06/2018 13:30;Crimes and Misdemeanors;Comedy;Woody Allen;1989;104;12;7.50
21/06/2018 10:30;The Bridges of Madison County;Drama;Clint Eastwood;1995;135;12;6.50
20/06/2018 13:30;Willy Wonka & the Chocolate Factory;Family;Mel Stuart;1971;100;0;7.50
20/06/2018 10:00;Nuovo Cinema Paradiso;Drama;Giuseppe Tornatore;1988;155;0;7.00
19/06/2018 15:30;Crimes and Misdemeanors;Comedy;Woody Allen;1989;104;12;8.50
19/06/2018 13:00;Lethal Weapon;Action;Richard Donner;1987;109;12;7.50
19/06/2018 10:30;Hiroshima mon amour;Drama;Alain Resnais;1959;90;12;8.50
18/06/2018 10:30;Hiroshima mon amour;Drama;Alain Resnais;1959;90;12;8.50
17/06/2018 19:00;Airlift;Drama;Raja Menon;2016;130;12;9.50
17/06/2018 16:00;The Untouchables;Crime;Brian De Palma;1987;119;12;6.50
17/06/2018 13:30;Willy Wonka & the Chocolate Factory;Family;Mel Stuart;1971;100;0;6.50
17/06/2018 10:00;Ikiru;Drama;Akira Kurosawa;1952;143;12;7.50
16/06/2018 17:00;Jules et Jim;Drama;François Truffaut;1962;105;12;8.50
16/06/2018 14:30;Hiroshima mon amour;Drama;Alain Resnais;1959;90;12;8.00
16/06/2018 10:00;The Ten Commandments;Adventure;Cecil B. DeMille;1956;220;0;7.00
15/06/2018 16:00;Rebel Without a Cause;Drama;Nicholas Ray;1955;111;12;8.00
15/06/2018 13:30;Hiroshima mon amour;Drama;Alain Resnais;1959;90;12;8.50
15/06/2018 10:30;Blue Velvet;Drama;David Lynch;1986;120;12;6.50
14/06/2018 16:00;Crimes and Misdemeanors;Comedy;Woody Allen;1989;104;12;7.00
14/06/2018 13:30;Willy Wonka & the Chocolate Factory;Family;Mel Stuart;1971;100;0;6.50
14/06/2018 10:30;Ikiru;Drama;Akira Kurosawa;1952;143;12;8.50
13/06/2018 10:30;When Harry Met Sally...;Comedy;Rob Reiner;1989;95;12;6.50
12/06/2018 17:00;The Grapes of Wrath;Drama;John Ford;1940;129;12;6.50
12/06/2018 13:30;The Wild Bunch;Action;Sam Peckinpah;1969;145;12;8.50
12/06/2018 10:00;The Wild Bunch;Action;Sam Peckinpah;1969;145;12;7.50
11/06/2018 16:00;Blue Velvet;Drama;David Lynch;1986;120;12;7.50
11/06/2018 13:00;Serpico;Biography;Sidney Lumet;1973;130;12;8.00
11/06/2018 10:00;Spider-Man: Into the Spider-Verse;Animation;Bob Persichetti;2018;117;0;7.00
10/06/2018 18:00;Ikiru;Drama;Akira Kurosawa;1952;143;12;8.50
10/06/2018 15:00;The Long Goodbye;Comedy;Robert Altman;1973;112;12;7.00
10/06/2018 10:30;The Ten Commandments;Adventure;Cecil B. DeMille;1956;220;0;8.50
09/06/2018 15:30;The Wild Bunch;Action;Sam Peckinpah;1969;145;12;7.50
09/06/2018 12:30;The Wild Bunch;Action;Sam Peckinpah;1969;145;12;6.50
09/06/2018 10:00;Hiroshima mon amour;Drama;Alain Resnais;1959;90;12;8.50
08/06/2018 15:30;The Long Goodbye;Comedy;Robert Altman;1973;112;12;8.50
08/06/2018 12:30;Spider-Man: Into the Spider-Verse;Animation;Bob Persichetti;2018;117;0;8.00
08/06/2018 10:00;The Long Goodbye;Comedy;Robert Altman;1973;112;12;7.50
07/06/2018 16:00;The Long Goodbye;Comedy;Robert Altman;1973;112;12;6.50
07/06/2018 13:30;Kurenai no buta;Animation;Hayao Miyazaki;1992;94;0;7.00
07/06/2018 10:30;The Long Goodbye;Comedy;Robert Altman;1973;112;12;7.00
06/06/2018 16:00;The Long Goodbye;Comedy;Robert Altman;1973;112;12;6.50
06/06/2018 13:00;Ikiru;Drama;Akira Kurosawa;1952;143;12;7.00
06/06/2018 10:30;When Harry Met Sally...;Comedy;Rob Reiner;1989;95;12;8.50
05/06/2018 14:30;Airlift;Drama;Raja Menon;2016;130;12;8.50
05/06/2018 10:00;The Ten Commandments;Adventure;Cecil B. DeMille;1956;220;0;7.50
04/06/2018 10:00;The Verdict;Drama;Sidney Lumet;1982;129;0;7.00
03/06/2018 17:30;Crimes and Misdemeanors;Comedy;Woody Allen;1989;104;12;8.00
03/06/2018 15:00;Hiroshima mon amour;Drama;Alain Resnais;1959;90;12;6.50
03/06/2018 12:30;Trainspotting;Drama;Danny Boyle;1996;93;12;6.50
03/06/2018 10:00;Hiroshima mon amour;Drama;Alain Resnais;1959;90;12;8.00
02/06/2018 18:30;The Bridges of Madison County;Drama;Clint Eastwood;1995;135;12;10.00
02/06/2018 16:00;The Long Goodbye;Comedy;Robert Altman;1973;112;12;7.50
02/06/2018 13:00;The Bridges of Madison County;Drama;Clint Eastwood;1995;135;12;8.00
02/06/2018 10:30;Crimes and Misdemeanors;Comedy;Woody Allen;1989;104;12;8.00
01/06/2018 10:30;Serpico;Biography;Sidney Lumet;1973;130;12;7.50
31/05/2018 17:30;The Wild Bunch;Action;Sam Peckinpah;1969;145;12;8.50
31/05/2018 14:30;The Bridges of Madison County;Drama;Clint Eastwood;1995;135;12;8.00
31/05/2018 10:00;The Ten Commandments;Adventure;Cecil B. DeMille;1956;220;0;8.50
30/05/2018 10:00;Batman: Mask of the Phantasm;Animation;Kevin Altieri;1993;76;6;7.50
29/05/2018 12:30;The Wild Bunch;Action;Sam Peckinpah;1969;145;12;6.50
29/05/2018 10:00;Trainspotting;Drama;Danny Boyle;1996;93;12;6.50
28/05/2018 10:30;Kurenai no buta;Animation;Hayao Miyazaki;1992;94;0;8.00
27/05/2018 16:00;When Harry Met Sally...;Comedy;Rob Reiner;1989;95;12;7.00
27/05/2018 13:00;Blue Velvet;Drama;David Lynch;1986;120;12;8.00
27/05/2018 10:30;Clerks;Comedy;Kevin Smith;1994;92;16;8.00
26/05/2018 16:30;Crimes and Misdemeanors;Comedy;Woody Allen;1989;104;12;8.00
26/05/2018 13:30;Serpico;Biography;Sidney Lumet;1973;130;12;7.50
26/05/2018 10:30;The Grapes of Wrath;Drama;John Ford;1940;129;12;8.00
25/05/2018 16:30;Sling Blade;Drama;Billy Bob Thornton;1996;135;16;7.50
25/05/2018 13:30;The Verdict;Drama;Sidney Lumet;1982;129;0;6.50
25/05/2018 10:30;The Untouchables;Crime;Brian De Palma;1987;119;12;8.00
24/05/2018 10:00;Trainspotting;Drama;Danny Boyle;1996;93;12;8.50
23/05/2018 10:00;Jules et Jim;Drama;François Truffaut;1962;105;12;8.50
22/05/2018 10:30;Kurenai no buta;Animation;Hayao Miyazaki;1992;94;0;8.50
21/05/2018 13:30;The Bridges of Madison County;Drama;Clint Eastwood;1995;135;12;8.00
21/05/2018 10:30;Airlift;Drama;Raja Menon;2016;130;12;7.00
20/05/2018 15:30;Trainspotting;Drama;Danny Boyle;1996;93;12;7.50
20/05/2018 13:00;Trainspotting;Drama;Danny Boyle;1996;93;12;8.50
20/05/2018 10:00;Forrest Gump;Drama;Robert Zemeckis;1994;142;12;6.50
19/05/2018 15:30;Sling Blade;Drama;Billy Bob Thornton;1996;135;16;7.50
19/05/2018 13:00;The Lion King;Animation;Roger Allers;1994;88;0;8.50
19/05/2018 10:00;The Untouchables;Crime;Brian De Palma;1987;119;12;6.50
18/05/2018 17:00;Trainspotting;Drama;Danny Boyle;1996;93;12;8.50
18/05/2018 13:30;Forrest Gump;Drama;Robert Zemeckis;1994;142;12;8.00
18/05/2018 10:30;The Verdict;Drama;Sidney Lumet;1982;129;0;8.00
17/05/2018 15:30;Batman: Mask of the Phantasm;Animation;Kevin Altieri;1993;76;6;8.50
17/05/2018 13:00;The Lady Vanishes;Mystery;Alfred Hitchcock;1938;96;12;8.50
17/05/2018 10:30;Crimes and Misdemeanors;Comedy;Woody Allen;1989;104;12;8.00
16/05/2018 13:00;Lost Highway;Mystery;David Lynch;1997;134;12;8.00
16/05/2018 10:30;The Lion King;Animation;Roger Allers;1994;88;0;6.50
15/05/2018 13:30;Jules et Jim;Drama;François Truffaut;1962;105;12;8.00
15/05/2018 10:00;Forrest Gump;Drama;Robert Zemeckis;1994;142;12;6.50
14/05/2018 10:00;Batman: Mask of the Phantasm;Animation;Kevin Altieri;1993;76;6;8.00
13/05/2018 16:00;Batman: Mask of the Phantasm;Animation;Kevin Altieri;1993;76;6;8.00
13/05/2018 13:00;Lost Highway;Mystery;David Lynch;1997;134;12;8.00
13/05/2018 10:00;Red River;Action;Howard Hawks;1948;133;12;7.50
12/05/2018 18:30;Clerks;Comedy;Kevin Smith;1994;92;16;10.00
12/05/2018 15:30;The Apartment;Comedy;Billy Wilder;1960;125;0;6.50
12/05/2018 13:30;Batman: Mask of the Phantasm;Animation;Kevin Altieri;1993;76;6;8.00
12/05/2018 10:30;Serpico;Biography;Sidney Lumet;1973;130;12;7.50
11/05/2018 10:00;The Lady Vanishes;Mystery;Alfred Hitchcock;1938;96;12;8.50
10/05/2018 16:00;Jaws;Adventure;Steven Spielberg;1975;124;12;7.00
10/05/2018 13:30;Manhattan;Comedy;Woody Allen;1979;96;16;8.50
10/05/2018 10:30;Red River;Action;Howard Hawks;1948;133;12;6.50
09/05/2018 13:00;Airlift;Drama;Raja Menon;2016;130;12;8.00
09/05/2018 10:30;When Harry Met Sally...;Comedy;Rob Reiner;1989;95;12;7.00
08/05/2018 16:30;The Untouchables;Crime;Brian De Palma;1987;119;12;7.00
08/05/2018 13:30;Lost Highway;Mystery;David Lynch;1997;134;12;7.00
08/05/2018 10:30;The Grapes of Wrath;Drama;John Ford;1940;129;12;7.00
07/05/2018 17:00;The Deer Hunter;Drama;Michael Cimino;1978;183;12;8.50
07/05/2018 13:00;The Deer Hunter;Drama;Michael Cimino;1978;183;12;8.00
07/05/2018 10:00;Thor: Ragnarok;Action;Taika Waititi;2017;130;12;6.50
06/05/2018 16:30;Sweet Smell of Success;Drama;Alexander Mackendrick;1957;96;12;8.00
06/05/2018 13:30;Forrest Gump;Drama;Robert Zemeckis;1994;142;12;8.00
06/05/2018 10:30;In the Name of the Father;Biography;Jim Sheridan;1993;133;12;7.00
05/05/2018 15:30;Blood Simple;Crime;Joel Coen;1984;99;12;8.00
05/05/2018 13:00;Harold and Maude;Comedy;Hal Ashby;1971;91;6;7.00
05/05/2018 10:00;A Bronx Tale;Crime;Robert De Niro;1993;121;16;8.50
04/05/2018 10:00;Blood Simple;Crime;Joel Coen;1984;99;12;7.00
03/05/2018 10:00;The Untouchables;Crime;Brian De Palma;1987;119;12;6.50
02/05/2018 15:00;The Untouchables;Crime;Brian De Palma;1987;119;12;8.00
02/05/2018 12:00;Butch Cassidy and the Sundance Kid;Biography;George Roy Hill;1969;110;6;7.50
02/05/2018 10:00;Brief Encounter;Drama;David Lean;1945;86;0;6.50
01/05/2018 10:00;Manhattan;Comedy;Woody Allen;1979;96;16;7.50
30/04/2018 13:00;Lost Highway;Mystery;David Lynch;1997;134;12;8.00
30/04/2018 10:30;Key Largo;Action;John Huston;1948;100;12;8.50
29/04/2018 17:30;Batman: Mask of the Phantasm;Animation;Kevin Altieri;1993;76;6;6.50
29/04/2018 15:00;Manhattan;Comedy;Woody Allen;1979;96;16;7.50
29/04/2018 12:30;The Innocents;Horror;Jack Clayton;1961;100;12;8.00
29/04/2018 10:00;Sweet Smell of Success;Drama;Alexander Mackendrick;1957;96;12;8.50
28/04/2018 19:00;Lost Highway;Mystery;David Lynch;1997;134;12;8.50
28/04/2018 16:00;Butch Cassidy and the Sundance Kid;Biography;George Roy Hill;1969;110;6;6.50
28/04/2018 13:00;Lost Highway;Mystery;David Lynch;1997;134;12;7.50
28/04/2018 10:00;Lost Highway;Mystery;David Lynch;1997;134;12;7.00
27/04/2018 16:00;Airlift;Drama;Raja Menon;2016;130;12;7.00
27/04/2018 13:30;Manhattan;Comedy;Woody Allen;1979;96;16;6.50
27/04/2018 10:30;Jaws;Adventure;Steven Spielberg;1975;124;12;8.00
26/04/2018 16:00;Guardians of the Galaxy Vol. 2;Action;James Gunn;2017;136;12;8.50
26/04/2018 13:30;The Lady Vanishes;Mystery;Alfred Hitchcock;1938;96;12;6.50
26/04/2018 10:30;The Untouchables;Crime;Brian De Palma;1987;119;12;8.50
25/04/2018 15:00;The Deer Hunter;Drama;Michael Cimino;1978;183;12;7.00
25/04/2018 12:00;Airlift;Drama;Raja Menon;2016;130;12;8.50
25/04/2018 10:00;Batman: Mask of the Phantasm;Animation;Kevin Altieri;1993;76;6;8.50
24/04/2018 13:00;The Innocents;Horror;Jack Clayton;1961;100;12;8.50
24/04/2018 10:00;Lost Highway;Mystery;David Lynch;1997;134;12;7.50
23/04/2018 13:00;The Lion King;Animation;Roger Allers;1994;88;0;6.50
23/04/2018 10:30;Blood Simple;Crime;Joel Coen;1984;99;12;7.00
22/04/2018 18:30;The Apartment;Comedy;Billy Wilder;1960;125;0;9.50
22/04/2018 16:00;Höstsonaten;Drama;Ingmar Bergman;1978;99;0;8.00
22/04/2018 13:00;Airlift;Drama;Raja Menon;2016;130;12;7.50
22/04/2018 10:30;Blood Simple;Crime;Joel Coen;1984;99;12;7.00
21/04/2018 15:00;Miller's Crossing;Crime;Joel Coen;1990;115;16;7.50
21/04/2018 12:30;Manhattan;Comedy;Woody Allen;1979;96;16;8.00
21/04/2018 10:00;Höstsonaten;Drama;Ingmar Bergman;1978;99;0;7.00
20/04/2018 10:00;What Ever Happened to Baby Jane?;Drama;Robert Aldrich;1962;134;12;6.50
19/04/2018 16:00;The Innocents;Horror;Jack Clayton;1961;100;12;7.00
19/04/2018 13:00;Jaws;Adventure;Steven Spielberg;1975;124;12;8.00
19/04/2018 10:30;To Be or Not to Be;Comedy;Ernst Lubitsch;1942;99;12;8.00
18/04/2018 16:00;Rosemary's Baby;Drama;Roman Polanski;1968;137;12;8.00
18/04/2018 13:30;Brief Encounter;Drama;David Lean;1945;86;0;7.50
18/04/2018 10:30;Indiana Jones and the Last Crusade;Action;Steven Spielberg;1989;127;0;8.00
17/04/2018 15:00;Manhattan;Comedy;Woody Allen;1979;96;16;6.50
17/04/2018 13:00;Brief Encounter;Drama;David Lean;1945;86;0;6.50
17/04/2018 10:00;Indiana Jones and the Last Crusade;Action;Steven Spielberg;1989;127;0;8.50
16/04/2018 17:30;Jaws;Adventure;Steven Spielberg;1975;124;12;7.50
16/04/2018 13:30;The Deer Hunter;Drama;Michael Cimino;1978;183;12;7.00
16/04/2018 10:30;Jaws;Adventure;Steven Spielberg;1975;124;12;8.50
15/04/2018 15:30;Jaws;Adventure;Steven Spielberg;1975;124;12;8.00
15/04/2018 13:00;Key Largo;Action;John Huston;1948;100;12;7.50
15/04/2018 10:00;Miller's Crossing;Crime;Joel Coen;1990;115;16;8.00
14/04/2018 18:30;La haine;Crime;Mathieu Kassovitz;1995;98;12;9.00
14/04/2018 16:00;La haine;Crime;Mathieu Kassovitz;1995;98;12;7.50
14/04/2018 13:00;Jaws;Adventure;Steven Spielberg;1975;124;12;8.00
14/04/2018 10:00;Miller's Crossing;Crime;Joel Coen;1990;115;16;7.50
13/04/2018 16:00;Patton;Biography;Franklin J. Schaffner;1970;172;0;7.00
13/04/2018 13:00;Butch Cassidy and the Sundance Kid;Biography;George Roy Hill;1969;110;6;8.50
13/04/2018 10:00;Guardians of the Galaxy Vol. 2;Action;James Gunn;2017;136;12;8.50
12/04/2018 10:30;Harold and Maude;Comedy;Hal Ashby;1971;91;6;7.50
11/04/2018 10:30;Du rififi chez les hommes;Crime;Jules Dassin;1955;118;12;7.00
10/04/2018 10:00;Platoon;Drama;Oliver Stone;1986;120;12;8.50
09/04/2018 15:00;M.S. Dhoni: The Untold Story;Biography;Neeraj Pandey;2016;184;0;8.00
09/04/2018 12:30;Midnight Cowboy;Drama;John Schlesinger;1969;113;12;6.50
09/04/2018 10:00;Il postino;Biography;Michael Radford;1994;108;0;8.50
08/04/2018 17:30;Ayla: The Daughter of War;Biography;Can Ulkay;2017;125;12;8.50
08/04/2018 15:00;Sing Street;Comedy;John Carney;2016;106;12;7.00
08/04/2018 12:30;Kimi no na wa.;Animation;Makoto Shinkai;2016;106;0;6.50
08/04/2018 10:00;Kimi no na wa.;Animation;Makoto Shinkai;2016;106;0;8.50
07/04/2018 19:00;Sweet Smell of Success;Drama;Alexander Mackendrick;1957;96;12;9.00
07/04/2018 16:30;To Be or Not to Be;Comedy;Ernst Lubitsch;1942;99;12;8.50
07/04/2018 13:30;Ayla: The Daughter of War;Biography;Can Ulkay;2017;125;12;7.50
07/04/2018 10:30;Red River;Action;Howard Hawks;1948;133;12;8.50
06/04/2018 15:00;Guardians of the Galaxy Vol. 2;Action;James Gunn;2017;136;12;7.00
06/04/2018 12:30;La haine;Crime;Mathieu Kassovitz;1995;98;12;8.50
06/04/2018 10:00;To Be or Not to Be;Comedy;Ernst Lubitsch;1942;99;12;7.50
05/04/2018 10:30;A Night at the Opera;Comedy;Sam Wood;1935;96;12;8.50
04/04/2018 13:00;Mary Poppins;Comedy;Robert Stevenson;1964;139;0;7.00
04/04/2018 10:00;Red River;Action;Howard Hawks;1948;133;12;8.50
03/04/2018 10:00;Butch Cassidy and the Sundance Kid;Biography;George Roy Hill;1969;110;6;7.50
02/04/2018 10:30;Ayla: The Daughter of War;Biography;Can Ulkay;2017;125;12;8.50
01/04/2018 19:00;Red River;Action;Howard Hawks;1948;133;12;9.00
01/04/2018 16:00;The Killing Fields;Biography;Roland Joffé;1984;141;12;7.50
01/04/2018 12:30;Terminator 2: Judgment Day;Action;James Cameron;1991;137;0;8.00
01/04/2018 10:00;La haine;Crime;Mathieu Kassovitz;1995;98;12;6.50
31/03/2018 18:30;Harold and Maude;Comedy;Hal Ashby;1971;91;6;9.00
31/03/2018 15:30;The Killing Fields;Biography;Roland Joffé;1984;141;12;7.00
31/03/2018 13:00;Brief Encounter;Drama;David Lean;1945;86;0;6.50
31/03/2018 10:00;Indiana Jones and the Last Crusade;Action;Steven Spielberg;1989;127;0;8.50
30/03/2018 16:30;Brief Encounter;Drama;David Lean;1945;86;0;7.00
30/03/2018 13:30;Ayla: The Daughter of War;Biography;Can Ulkay;2017;125;12;7.00
30/03/2018 10:00;Das Boot;Adventure;Wolfgang Petersen;1981;149;16;7.00
29/03/2018 16:00;Rosemary's Baby;Drama;Roman Polanski;1968;137;12;7.00
29/03/2018 13:30;Il postino;Biography;Michael Radford;1994;108;0;7.00
29/03/2018 10:30;Tôkyô monogatari;Drama;Yasujirô Ozu;1953;136;0;8.00
28/03/2018 13:00;Underground;Comedy;Emir Kusturica;1995;170;12;7.50
28/03/2018 10:00;Tôkyô monogatari;Drama;Yasujirô Ozu;1953;136;0;8.00
27/03/2018 13:00;Patton;Biography;Franklin J. Schaffner;1970;172;0;7.50
27/03/2018 10:00;Rosemary's Baby;Drama;Roman Polanski;1968;137;12;8.00
26/03/2018 12:30;Stalker;Drama;Andrei Tarkovsky;1979;162;0;7.00
26/03/2018 10:00;Midnight Cowboy;Drama;John Schlesinger;1969;113;12;7.50
25/03/2018 15:30;Terminator 2: Judgment Day;Action;James Cameron;1991;137;0;7.50
25/03/2018 13:00;Brief Encounter;Drama;David Lean;1945;86;0;7.00
25/03/2018 10:00;Tôkyô monogatari;Drama;Yasujirô Ozu;1953;136;0;7.00
24/03/2018 18:00;Harold and Maude;Comedy;Hal Ashby;1971;91;6;9.50
24/03/2018 15:30;Brief Encounter;Drama;David Lean;1945;86;0;6.50
24/03/2018 12:30;Rosemary's Baby;Drama;Roman Polanski;1968;137;12;8.00
24/03/2018 10:00;Brief Encounter;Drama;David Lean;1945;86;0;6.50
23/03/2018 15:00;Ayla: The Daughter of War;Biography;Can Ulkay;2017;125;12;8.50
23/03/2018 12:30;Harold and Maude;Comedy;Hal Ashby;1971;91;6;8.00
23/03/2018 10:00;Hana-bi;Crime;Takeshi Kitano;1997;103;12;6.50
22/03/2018 13:30;Sing Street;Comedy;John Carney;2016;106;12;8.50
22/03/2018 10:30;Das Boot;Adventure;Wolfgang Petersen;1981;149;16;8.50
21/03/2018 10:00;Harold and Maude;Comedy;Hal Ashby;1971;91;6;8.50
20/03/2018 12:30;Mary Poppins;Comedy;Robert Stevenson;1964;139;0;8.50
20/03/2018 10:00;Sweet Smell of Success;Drama;Alexander Mackendrick;1957;96;12;6.50
19/03/2018 14:30;On the Waterfront;Crime;Elia Kazan;1954;108;12;8.00
19/03/2018 13:00;Sherlock Jr.;Action;Buster Keaton;1924;45;12;7.00
19/03/2018 10:00;Tôkyô monogatari;Drama;Yasujirô Ozu;1953;136;0;8.50
18/03/2018 15:00;To Be or Not to Be;Comedy;Ernst Lubitsch;1942;99;12;8.00
18/03/2018 12:30;Sweet Smell of Success;Drama;Alexander Mackendrick;1957;96;12;7.00
18/03/2018 10:00;Harold and Maude;Comedy;Hal Ashby;1971;91;6;7.00
17/03/2018 19:00;Key Largo;Action;John Huston;1948;100;12;9.00
17/03/2018 16:00;Guardians of the Galaxy Vol. 2;Action;James Gunn;2017;136;12;7.50
17/03/2018 13:00;Kind Hearts and Coronets;Comedy;Robert Hamer;1949;106;0;8.50
17/03/2018 10:30;La haine;Crime;Mathieu Kassovitz;1995;98;12;8.00
16/03/2018 15:30;Il postino;Biography;Michael Radford;1994;108;0;8.50
16/03/2018 13:00;American History X;Drama;Tony Kaye;1998;119;16;8.50
16/03/2018 10:30;Harold and Maude;Comedy;Hal Ashby;1971;91;6;8.00
15/03/2018 16:00;The Apartment;Comedy;Billy Wilder;1960;125;0;8.50
15/03/2018 13:30;Kimi no na wa.;Animation;Makoto Shinkai;2016;106;0;7.00
15/03/2018 10:30;Indiana Jones and the Last Crusade;Action;Steven Spielberg;1989;127;0;8.50
14/03/2018 13:00;What Ever Happened to Baby Jane?;Drama;Robert Aldrich;1962;134;12;6.50
14/03/2018 10:30;Hiroshima mon amour;Drama;Alain Resnais;1959;90;12;7.50
13/03/2018 12:30;Midnight Cowboy;Drama;John Schlesinger;1969;113;12;7.50
13/03/2018 10:00;On the Waterfront;Crime;Elia Kazan;1954;108;12;8.00
12/03/2018 16:00;Hana-bi;Crime;Takeshi Kitano;1997;103;12;7.50
12/03/2018 13:30;Midnight Cowboy;Drama;John Schlesinger;1969;113;12;7.00
12/03/2018 10:30;Tôkyô monogatari;Drama;Yasujirô Ozu;1953;136;0;8.50
11/03/2018 16:00;Tôkyô monogatari;Drama;Yasujirô Ozu;1953;136;0;8.50
11/03/2018 13:00;Indiana Jones and the Last Crusade;Action;Steven Spielberg;1989;127;0;8.00
11/03/2018 10:30;On the Waterfront;Crime;Elia Kazan;1954;108;12;7.00
10/03/2018 15:30;Il postino;Biography;Michael Radford;1994;108;0;7.50
10/03/2018 12:30;Tôkyô monogatari;Drama;Yasujirô Ozu;1953;136;0;7.50
10/03/2018 10:00;Kind Hearts and Coronets;Comedy;Robert Hamer;1949;106;0;8.00
09/03/2018 16:00;Kind Hearts and Coronets;Comedy;Robert Hamer;1949;106;0;7.00
09/03/2018 13:30;Badlands;Action;Terrence Malick;1973;94;6;6.50
09/03/2018 10:30;The Apartment;Comedy;Billy Wilder;1960;125;0;8.00
08/03/2018 15:00;Ba wang bie ji;Drama;Kaige Chen;1993;171;16;7.50
08/03/2018 12:00;What Ever Happened to Baby Jane?;Drama;Robert Aldrich;1962;134;12;6.50
08/03/2018 10:30;Sherlock Jr.;Action;Buster Keaton;1924;45;12;8.50
07/03/2018 15:30;Patton;Biography;Franklin J. Schaffner;1970;172;0;8.00
07/03/2018 13:00;Il postino;Biography;Michael Radford;1994;108;0;8.50
07/03/2018 10:30;Midnight Cowboy;Drama;John Schlesinger;1969;113;12;8.00
06/03/2018 10:30;The Last Emperor;Biography;Bernardo Bertolucci;1987;163;0;6.50
05/03/2018 13:30;Patton;Biography;Franklin J. Schaffner;1970;172;0;8.50
05/03/2018 10:00;The Dirty Dozen;Action;Robert Aldrich;1967;150;12;7.00
04/03/2018 15:00;Hana-bi;Crime;Takeshi Kitano;1997;103;12;8.00
04/03/2018 12:30;To Be or Not to Be;Comedy;Ernst Lubitsch;1942;99;12;7.00
04/03/2018 10:00;Escape from Alcatraz;Action;Don Siegel;1979;112;12;6.50
03/03/2018 14:30;Terminator 2: Judgment Day;Action;James Cameron;1991;137;0;6.50
03/03/2018 12:30;Hiroshima mon amour;Drama;Alain Resnais;1959;90;12;7.00
03/03/2018 10:00;To Be or Not to Be;Comedy;Ernst Lubitsch;1942;99;12;8.00
02/03/2018 12:30;Badlands;Action;Terrence Malick;1973;94;6;8.00
02/03/2018 10:00;Kind Hearts and Coronets;Comedy;Robert Hamer;1949;106;0;7.50
01/03/2018 15:00;Terminator 2: Judgment Day;Action;James Cameron;1991;137;0;7.00
01/03/2018 13:00;Bronenosets Potemkin;Drama;Sergei M. Eisenstein;1925;75;12;6.50
01/03/2018 10:30;Dial M for Murder;Crime;Alfred Hitchcock;1954;105;12;8.00
28/02/2018 13:00;Il postino;Biography;Michael Radford;1994;108;0;8.50
28/02/2018 10:00;Terminator 2: Judgment Day;Action;James Cameron;1991;137;0;8.00
27/02/2018 13:00;Il postino;Biography;Michael Radford;1994;108;0;7.00
27/02/2018 10:00;American History X;Drama;Tony Kaye;1998;119;16;8.50
26/02/2018 13:00;What's Eating Gilbert Grape;Drama;Lasse Hallström;1993;118;0;8.00
26/02/2018 10:00;Kind Hearts and Coronets;Comedy;Robert Hamer;1949;106;0;6.50
25/02/2018 16:00;Ba wang bie ji;Drama;Kaige Chen;1993;171;16;7.00
25/02/2018 13:00;Koe no katachi;Animation;Naoko Yamada;2016;130;12;6.50
25/02/2018 10:30;Kimi no na wa.;Animation;Makoto Shinkai;2016;106;0;6.50
24/02/2018 15:30;The Apartment;Comedy;Billy Wilder;1960;125;0;7.00
24/02/2018 13:00;Badlands;Action;Terrence Malick;1973;94;6;8.50
24/02/2018 10:30;Kimi no na wa.;Animation;Makoto Shinkai;2016;106;0;7.00
23/02/2018 10:30;A Night at the Opera;Comedy;Sam Wood;1935;96;12;8.50
22/02/2018 16:00;Hana-bi;Crime;Takeshi Kitano;1997;103;12;8.50
22/02/2018 13:00;Secrets & Lies;Comedy;Mike Leigh;1996;136;0;7.00
22/02/2018 10:00;Koe no katachi;Animation;Naoko Yamada;2016;130;12;7.50
21/02/2018 16:00;Hiroshima mon amour;Drama;Alain Resnais;1959;90;12;7.00
21/02/2018 12:30;Ba wang bie ji;Drama;Kaige Chen;1993;171;16;8.50
21/02/2018 10:00;The Long Goodbye;Comedy;Robert Altman;1973;112;12;6.50
20/02/2018 10:00;A Night at the Opera;Comedy;Sam Wood;1935;96;12;6.50
19/02/2018 10:00;Key Largo;Action;John Huston;1948;100;12;7.50
18/02/2018 16:00;Il postino;Biography;Michael Radford;1994;108;0;6.50
18/02/2018 13:00;Platoon;Drama;Oliver Stone;1986;120;12;8.00
18/02/2018 10:30;Sing Street;Comedy;John Carney;2016;106;12;6.50
17/02/2018 16:00;Secrets & Lies;Comedy;Mike Leigh;1996;136;0;8.50
17/02/2018 13:00;Platoon;Drama;Oliver Stone;1986;120;12;8.50
17/02/2018 10:30;Hiroshima mon amour;Drama;Alain Resnais;1959;90;12;6.50
16/02/2018 14:30;Dangal;Action;Nitesh Tiwari;2016;161;0;6.50
16/02/2018 12:00;Dial M for Murder;Crime;Alfred Hitchcock;1954;105;12;8.50
16/02/2018 10:30;Sherlock Jr.;Action;Buster Keaton;1924;45;12;6.50
15/02/2018 12:30;Ba wang bie ji;Drama;Kaige Chen;1993;171;16;8.00
15/02/2018 10:00;Hiroshima mon amour;Drama;Alain Resnais;1959;90;12;8.50
14/02/2018 13:00;Sherlock Jr.;Action;Buster Keaton;1924;45;12;7.50
14/02/2018 10:30;Sing Street;Comedy;John Carney;2016;106;12;8.50
13/02/2018 13:30;Bronenosets Potemkin;Drama;Sergei M. Eisenstein;1925;75;12;6.50
13/02/2018 10:30;Dog Day Afternoon;Biography;Sidney Lumet;1975;125;0;7.00
12/02/2018 10:30;Stalker;Drama;Andrei Tarkovsky;1979;162;0;7.00
11/02/2018 15:30;Escape from Alcatraz;Action;Don Siegel;1979;112;12;7.00
11/02/2018 13:30;The Naked Gun: From the Files of Police Squad!;Comedy;David Zucker;1988;85;0;6.50
11/02/2018 10:30;A Man for All Seasons;Biography;Fred Zinnemann;1966;120;0;8.50
10/02/2018 15:00;Bronenosets Potemkin;Drama;Sergei M. Eisenstein;1925;75;12;8.00
10/02/2018 12:30;Lethal Weapon;Action;Richard Donner;1987;109;12;8.00
10/02/2018 10:00;The Day the Earth Stood Still;Drama;Robert Wise;1951;92;0;7.00
09/02/2018 13:30;Bronenosets Potemkin;Drama;Sergei M. Eisenstein;1925;75;12;7.00
09/02/2018 10:30;Escape from Alcatraz;Action;Don Siegel;1979;112;12;7.50
08/02/2018 15:30;Secrets & Lies;Comedy;Mike Leigh;1996;136;0;8.50
08/02/2018 12:30;Lethal Weapon;Action;Richard Donner;1987;109;12;7.00
08/02/2018 10:00;American History X;Drama;Tony Kaye;1998;119;16;8.50
07/02/2018 16:30;Ba wang bie ji;Drama;Kaige Chen;1993;171;16;7.50
07/02/2018 13:00;Dangal;Action;Nitesh Tiwari;2016;161;0;7.50
07/02/2018 10:00;Dog Day Afternoon;Biography;Sidney Lumet;1975;125;0;6.50
06/02/2018 15:30;Hana-bi;Crime;Takeshi Kitano;1997;103;12;7.00
06/02/2018 13:00;Singin' in the Rain;Comedy;Stanley Donen;1952;103;0;6.50
06/02/2018 10:30;Hana-bi;Crime;Takeshi Kitano;1997;103;12;6.50
05/02/2018 10:30;The Long Goodbye;Comedy;Robert Altman;1973;112;12;8.50
04/02/2018 19:00;Dangal;Action;Nitesh Tiwari;2016;161;0;9.00
04/02/2018 16:30;The Long Goodbye;Comedy;Robert Altman;1973;112;12;8.00
04/02/2018 13:00;Dangal;Action;Nitesh Tiwari;2016;161;0;8.50
04/02/2018 10:00;Dog Day Afternoon;Biography;Sidney Lumet;1975;125;0;8.00
03/02/2018 16:30;Badlands;Action;Terrence Malick;1973;94;6;7.00
03/02/2018 14:00;The Day the Earth Stood Still;Drama;Robert Wise;1951;92;0;8.50
03/02/2018 10:30;The Last Emperor;Biography;Bernardo Bertolucci;1987;163;0;7.00
02/02/2018 10:30;Secrets & Lies;Comedy;Mike Leigh;1996;136;0;8.00
01/02/2018 10:30;Dial M for Murder;Crime;Alfred Hitchcock;1954;105;12;8.00
31/01/2018 10:30;Badlands;Action;Terrence Malick;1973;94;6;8.50
30/01/2018 10:00;Bronenosets Potemkin;Drama;Sergei M. Eisenstein;1925;75;12;7.00
29/01/2018 10:30;Koe no katachi;Animation;Naoko Yamada;2016;130;12;7.50
28/01/2018 16:00;Badlands;Action;Terrence Malick;1973;94;6;8.50
28/01/2018 13:00;Mr. Smith Goes to Washington;Comedy;Frank Capra;1939;129;12;7.00
28/01/2018 10:30;The Day the Earth Stood Still;Drama;Robert Wise;1951;92;0;7.50
27/01/2018 18:00;The Day the Earth Stood Still;Drama;Robert Wise;1951;92;0;9.00
27/01/2018 15:30;Sing Street;Comedy;John Carney;2016;106;12;6.50
27/01/2018 13:30;Bronenosets Potemkin;Drama;Sergei M. Eisenstein;1925;75;12;7.50
27/01/2018 10:00;Dangal;Action;Nitesh Tiwari;2016;161;0;7.50
26/01/2018 12:30;The Long Goodbye;Comedy;Robert Altman;1973;112;12;8.00
26/01/2018 10:30;Bronenosets Potemkin;Drama;Sergei M. Eisenstein;1925;75;12;7.00
25/01/2018 10:30;Sing Street;Comedy;John Carney;2016;106;12;6.50
24/01/2018 15:30;The Dirty Dozen;Action;Robert Aldrich;1967;150;12;6.50
24/01/2018 13:00;Dial M for Murder;Crime;Alfred Hitchcock;1954;105;12;6.50
24/01/2018 10:30;The Long Goodbye;Comedy;Robert Altman;1973;112;12;8.00
23/01/2018 10:30;Dial M for Murder;Crime;Alfred Hitchcock;1954;105;12;8.00
22/01/2018 10:30;Das Cabinet des Dr. Caligari;Fantasy;Robert Wiene;1920;76;12;8.50
21/01/2018 19:00;Dog Day Afternoon;Biography;Sidney Lumet;1975;125;0;10.00
21/01/2018 17:00;Bronenosets Potemkin;Drama;Sergei M. Eisenstein;1925;75;12;7.50
21/01/2018 14:00;Koe no katachi;Animation;Naoko Yamada;2016;130;12;8.00
21/01/2018 10:30;Dangal;Action;Nitesh Tiwari;2016;161;0;7.50
20/01/2018 18:00;Sing Street;Comedy;John Carney;2016;106;12;10.00
20/01/2018 15:00;Dog Day Afternoon;Biography;Sidney Lumet;1975;125;0;6.50
20/01/2018 12:30;Sing Street;Comedy;John Carney;2016;106;12;7.00
20/01/2018 10:30;Das Cabinet des Dr. Caligari;Fantasy;Robert Wiene;1920;76;12;8.00
19/01/2018 12:30;Koe no katachi;Animation;Naoko Yamada;2016;130;12;6.50
19/01/2018 10:00;The Long Goodbye;Comedy;Robert Altman;1973;112;12;7.50
18/01/2018 13:00;Lethal Weapon;Action;Richard Donner;1987;109;12;7.50
18/01/2018 10:30;Sing Street;Comedy;John Carney;2016;106;12;8.00
17/01/2018 15:00;Dial M for Murder;Crime;Alfred Hitchcock;1954;105;12;7.00
17/01/2018 12:30;Singin' in the Rain;Comedy;Stanley Donen;1952;103;0;8.50
17/01/2018 10:30;Bronenosets Potemkin;Drama;Sergei M. Eisenstein;1925;75;12;7.50
16/01/2018 10:30;Singin' in the Rain;Comedy;Stanley Donen;1952;103;0;7.00
15/01/2018 15:30;Lethal Weapon;Action;Richard Donner;1987;109;12;7.50
15/01/2018 13:00;Sing Street;Comedy;John Carney;2016;106;12;7.00
15/01/2018 10:00;Dog Day Afternoon;Biography;Sidney Lumet;1975;125;0;8.00
14/01/2018 19:00;A Night at the Opera;Comedy;Sam Wood;1935;96;12;10.00
14/01/2018 16:30;Sing Street;Comedy;John Carney;2016;106;12;8.00
14/01/2018 13:00;Once Upon a Time in the West;Western;Sergio Leone;1968;165;0;8.00
14/01/2018 10:30;Dial M for Murder;Crime;Alfred Hitchcock;1954;105;12;6.50
13/01/2018 16:00;Singin' in the Rain;Comedy;Stanley Donen;1952;103;0;6.50
13/01/2018 13:30;Sing Street;Comedy;John Carney;2016;106;12;7.00
13/01/2018 10:30;Mr. Smith Goes to Washington;Comedy;Frank Capra;1939;129;12;7.50
12/01/2018 17:30;Singin' in the Rain;Comedy;Stanley Donen;1952;103;0;6.50
12/01/2018 14:00;Dangal;Action;Nitesh Tiwari;2016;161;0;6.50
12/01/2018 10:30;Dangal;Action;Nitesh Tiwari;2016;161;0;8.00
11/01/2018 16:30;Singin' in the Rain;Comedy;Stanley Donen;1952;103;0;7.50
11/01/2018 13:00;Dangal;Action;Nitesh Tiwari;2016;161;0;8.00
11/01/2018 10:00;Mr. Smith Goes to Washington;Comedy;Frank Capra;1939;129;12;7.50
10/01/2018 16:30;Mr. Smith Goes to Washington;Comedy;Frank Capra;1939;129;12;7.50
10/01/2018 13:30;Mr. Smith Goes to Washington;Comedy;Frank Capra;1939;129;12;8.00
10/01/2018 10:00;Once Upon a Time in the West;Western;Sergio Leone;1968;165;0;7.00
09/01/2018 10:00;Dial M for Murder;Crime;Alfred Hitchcock;1954;105;12;7.00
08/01/2018 12:30;A Night at the Opera;Comedy;Sam Wood;1935;96;12;7.50
08/01/2018 10:00;A Night at the Opera;Comedy;Sam Wood;1935;96;12;6.50
07/01/2018 16:00;A Night at the Opera;Comedy;Sam Wood;1935;96;12;8.50
07/01/2018 13:00;Mr. Smith Goes to Washington;Comedy;Frank Capra;1939;129;12;8.50
07/01/2018 10:00;Mr. Smith Goes to Washington;Comedy;Frank Capra;1939;129;12;6.50
06/01/2018 15:00;A Night at the Opera;Comedy;Sam Wood;1935;96;12;8.00
06/01/2018 12:30;A Night at the Opera;Comedy;Sam Wood;1935;96;12;8.50
06/01/2018 10:00;A Night at the Opera;Comedy;Sam Wood;1935;96;12;7.00
05/01/2018 10:00;A Night at the Opera;Comedy;Sam Wood;1935;96;12;7.00
04/01/2018 10:30;Mr. Smith Goes to Washington;Comedy;Frank Capra;1939;129;12;6.50
03/01/2018 13:00;Mr. Smith Goes to Washington;Comedy;Frank Capra;1939;129;12;6.50
03/01/2018 10:00;Mr. Smith Goes to Washington;Comedy;Frank Capra;1939;129;12;7.50
02/01/2018 10:30;Mr. Smith Goes to Washington;Comedy;Frank Capra;1939;129;12;7.00
01/01/2018 13:30;Mr. Smith Goes to Washington;Comedy;Frank Capra;1939;129;12;7.00
01/01/2018 10:30;Mr. Smith Goes to Washington;Comedy;Frank Capra;1939;129;12;6.50
